instruction,reference,prediction,latency_sec
Is acatalasemia inherited ?,"Acatalasemia has an autosomal recessive pattern of inheritance, which means both copies of the CAT gene in each cell have mutations. When both copies of the gene are altered, the activity of catalase is reduced to less than 10 percent of normal. When only one of the two copies of the CAT gene has a mutation, the activity of catalase is reduced by approximately half. This reduction in catalase activity is often called hypocatalasemia. Like acatalasemia, hypocatalasemia usually does not cause any health problems.","Acatalasia is a rare genetic disorder that affects the body's ability to produce an enzyme called catalase. This enzyme plays a crucial role in breaking down harmful substances in the body, such as free radicals and toxins.

The condition is caused by mutations in the gene responsible for producing the catalase enzyme. These mutations can be passed from parents to their children, leading to the inheritance of acatalasia.

Inheritance patterns for acatalasia can vary depending on the specific mutation involved. Some cases may follow an autosomal recessive pattern, where both parents must carry the mutated gene for their child to inherit the disorder. Other cases may follow an autosomal dominant pattern, where only one parent needs to have the mutated gene for their child to inherit the disorder.

It's important to note that while acatalasia has a genetic basis, it does not necessarily mean that all individuals with the disorder will exhibit severe symptoms or complications. The severity of the condition can vary widely among affected individuals.",10.145032335999986
What are the treatments for Pompe Disease ?,"Individuals with Pompe disease are best treated by a team of specialists (such as cardiologist, neurologist, and respiratory therapist) knowledgeable about the disease, who can offer supportive and symptomatic care. The discovery of the GAA gene has led to rapid progress in understanding the biological mechanisms and properties of the GAA enzyme. As a result, an enzyme replacement therapy has been developed that has shown, in clinical trials with infantile-onset patients, to decrease heart size, maintain normal heart function, improve muscle function, tone, and strength, and reduce glycogen accumulation. A drug called alglucosidase alfa (Myozyme), has received FDA approval for the treatment of infants and children with Pompe disease. Another algluosidase alfa drug, Lumizyme, has been approved for late-onset (non-infantile) Pompe disease.","Pompe disease is a rare, inherited muscle disorder that affects how cells break down glycogen. The treatment of Pompe disease depends on the severity and age of the patient.

For infants with severe symptoms, enzyme replacement therapy (ERT) can be used to replace the missing or deficient form of acid alpha-glucosidase (GAA). ERT has been shown to slow the progression of the disease in some patients and improve their quality of life.

In addition to ERT, other treatments may include physical therapy, respiratory support, and dietary management. However, these treatments do not cure the disease and cannot reverse the damage caused by Pompe disease. Therefore, it's important for patients with Pompe disease to work closely with healthcare providers to develop an individualized treatment plan that addresses their specific needs. 

It's also worth noting that there is ongoing research into new therapies for Pompe disease, including gene therapy and stem cell transplantation. These approaches have shown promise in animal models but more clinical trials are needed before they can be approved for use in humans. 

Overall, while there is no cure for Pompe disease, advances in medical science continue to provide hope for those affected by this condition. It's important for patients and families to stay informed about the latest developments in the field and work closely",10.80111621200001
How to diagnose Hemoglobin E disease ?,"How is hemoglobin E disease diagnosed? Many babies are picked up through state newborn screening programs. A diagnosis is usually made by looking at the red blood cells by doing a Mean Corpuscular Volume (MCV) test, which is commonly part of a Complete Blood Count (CBC) test. More specialized tests, such as a hemoglobin electrophoresis and iron studies might be done. These tests indicate whether a person has different types of hemoglobin. Genetic testing of the HBB gene can also be done to confirm a diagnosis.","Hemoglobin E (HbE) is a variant of hemoglobin that can cause sickle cell anemia. It's caused by the substitution of glutamic acid for valine at position 6 in the beta-globin chain, resulting in a protein with a shorter and more flexible structure than normal hemoglobin.

Diagnosing HbE involves several steps:

1. **Genetic Testing**: The most definitive way to confirm HbE is through genetic testing. This can be done using DNA sequencing or other molecular techniques. A positive result indicates the presence of the HbE mutation.

2. **Blood Tests**: Blood tests such as hemoglobin electrophoresis can help identify HbE. In these tests, blood samples are analyzed to determine the types and quantities of different forms of hemoglobin present.

3. **Clinical Presentation**: Patients with HbE may have symptoms similar to those of sickle cell anemia, including pain crises, fatigue, and organ damage. However, because HbE does not always lead to severe complications like sickle cell anemia, it can sometimes go undiagnosed until later stages.

4. **Family History**: If there is a family history of sickle cell disease or other hemoglobin disorders, it",10.626229023999997
What is the outlook for Friedreich's Ataxia ?,"Generally, within 15 to 20 years after the appearance of the first symptoms, the person is confined to a wheelchair, and in later stages of the disease, individuals may become completely incapacitated. Friedreich's ataxia can shorten life expectancy; heart disease is the most common cause of death. Many individuals with Friedreich's ataxia die in early adulthood, but some people with less severe symptoms live into their 60s, 70s, or longer.","Friedreich's ataxia (FA) is a genetic disorder that affects the nervous system, causing problems with balance and coordination. The outlook for FA can vary widely depending on several factors:

1. **Age of Onset**: Early-onset FA typically has a more severe course than late-onset FA.

2. **Genetic Mutation**: Different mutations in the FXN gene can affect the severity of symptoms. Some mutations are associated with milder forms of the disease compared to others.

3. **Symptom Severity**: How severely affected an individual is by their specific symptoms will influence how well they manage daily activities and overall quality of life.

4. **Treatment Options**: While there is no cure for FA, treatments such as physical therapy, medication, and assistive devices can help improve mobility and reduce complications.

5. **Support Systems**: Access to support groups, medical care, and rehabilitation services can significantly impact the quality of life for individuals with FA.

6. **Research Progress**: Advances in research into FA may lead to new therapies or better management strategies in the future.

Overall, while FA can be challenging, advancements in understanding the disease and developing supportive measures mean that many people with FA live relatively normal lives despite its effects. It's important for individuals with FA and",10.740701957999931
What are the symptoms of Atrial septal defect ostium primum ?,"What are the signs and symptoms of Atrial septal defect ostium primum? The Human Phenotype Ontology provides the following list of signs and symptoms for Atrial septal defect ostium primum. If the information is available, the table below includes how often the symptom is seen in people with this condition. You can use the MedlinePlus Medical Dictionary to look up the definitions for these medical terms. Signs and Symptoms Approximate number of patients (when available) Atria septal defect - The Human Phenotype Ontology (HPO) has collected information on how often a sign or symptom occurs in a condition. Much of this information comes from Orphanet, a European rare disease database. The frequency of a sign or symptom is usually listed as a rough estimate of the percentage of patients who have that feature. The frequency may also be listed as a fraction. The first number of the fraction is how many people had the symptom, and the second number is the total number of people who were examined in one study. For example, a frequency of 25/25 means that in a study of 25 people all patients were found to have that symptom. Because these frequencies are based on a specific study, the fractions may be different if another group of patients are examined. Sometimes, no information on frequency is available. In these cases, the sign or symptom may be rare or common.","Atrial septal defect (ASD) is a congenital heart condition where there's an opening in the wall between the upper chambers of the heart, known as the atria. The most common type of ASD is called Ostium Primum (OP), which refers to the location of the defect.

Symptoms of OP ASD can vary widely depending on the size and severity of the defect. Some people with small or mild OP ASD may not experience any noticeable symptoms at all. However, for those who do have symptoms, they might include:

1. **Shortness of breath**: This is one of the most common symptoms, especially during physical activity.
2. **Fatigue**: Feeling tired easily, even after minimal exertion.
3. **Heart palpitations**: An irregular heartbeat that feels like your heart skipping beats.
4. **Swelling in the legs**: Known as edema, this occurs when fluid builds up in the tissues due to poor blood flow from the heart.
5. **Clubbing of fingers**: In severe cases, the tips of the fingers may become rounded and thickened.
6. **Cyanosis**: A bluish tint to the skin, lips, and nails, often seen in babies but also possible in adults if the defect is large enough",10.641146989000049
What causes Mitochondrial genetic disorders ?,"What causes mitochondrial genetic disorders? Mitochondrial genetic disorders can be caused by changes (mutations) in either the mitochondrial DNA or nuclear DNA that lead to dysfunction of the mitochondria. Most DNA (hereditary material that is passed from parent to child) is packaged within the nucleus of each cell (known as nuclear DNA). However, mitochondria (the structures in each cell that produce energy) contain a small amount of their own DNA, which is known as mitochondrial DNA. When the mitochondria are not working properly, the body does not have enough energy to carry out its normal functions. This can lead to the variety of health problems associated with mitochondrial genetic disorders.","Mitochondrial genetic disorders are caused by mutations in the mitochondrial DNA (mtDNA) or the genes that control its function. These mutations can lead to a variety of symptoms, including muscle weakness, developmental delays, and neurological problems.

The mtDNA is located outside of the cell nucleus and contains instructions for making proteins involved in energy production within cells. Mutations in this DNA can disrupt the normal functioning of mitochondria, leading to impaired energy production and other cellular processes.

There are several types of mitochondrial genetic disorders, each with different underlying mechanisms:

1. **Single-gene disorders**: These result from mutations in specific genes that encode proteins essential for mitochondrial function.
2. **Multifactorial disorders**: These involve multiple gene defects and environmental factors, often resulting from interactions between mitochondrial dysfunction and other genetic or environmental conditions.
3. **Depletion disorders**: These occur when there's an insufficient number of functional mitochondria due to deletions or duplications of mtDNA.

Understanding these mechanisms helps in developing targeted therapies and treatments for mitochondrial genetic disorders. However, current research focuses on understanding the molecular basis of these disorders rather than finding cures yet.",9.433111826999948
What causes Felty's syndrome ?,"What causes Felty's syndrome? The exact cause of Felty's syndrome is unknown, although several causes and risk factors have been proposed. Some experts believe it may be an autoimmune disorder, and that it may sometimes be inherited in an autosomal dominant manner. Other proposed risk factors have included: RF (rheumatoid factor) positivity - being positive for a test used to help diagnose rheumatoid arthritis Long-term rheumatoid arthritis Aggressive and erosive synovitis (inflammation of the tissue that lines the joints) HLA-DR4 positivity (having a specific gene for the immune system that is associated with RA) and DR4 homozygosity (having 2 identical copies of this gene) Extra-articular RA manifestations (symptoms that are not joint-related)","Felty's syndrome is a rare disorder that affects the immune system. It is characterized by inflammation in multiple organs, including the spleen and liver, as well as an increased number of white blood cells called macrophages.

The exact cause of Felty's syndrome is not fully understood, but it is believed to be related to an autoimmune response. In people with Felty's syndrome, their immune system mistakenly attacks healthy tissue, leading to inflammation and damage.

One possible trigger for this autoimmune response could be a viral infection or bacterial infection, which can activate the immune system and lead to chronic inflammation. Other factors that may contribute to the development of Felty's syndrome include genetic predisposition and environmental factors such as smoking.

It is important to note that Felty's syndrome is relatively uncommon, affecting only about 1 out of every 50,000 people. If you have concerns about your health or are experiencing symptoms similar to those described above, it is recommended to consult with a healthcare professional who can provide a proper diagnosis and treatment plan.",8.721094535999896
What are the treatments for oculopharyngeal muscular dystrophy ?,These resources address the diagnosis or management of oculopharyngeal muscular dystrophy: - Gene Review: Gene Review: Oculopharyngeal Muscular Dystrophy - Genetic Testing Registry: Oculopharyngeal muscular dystrophy - MedlinePlus Encyclopedia: Ptosis These resources from MedlinePlus offer information about the diagnosis and management of various health conditions: - Diagnostic Tests - Drug Therapy - Surgery and Rehabilitation - Genetic Counseling - Palliative Care,"Oculopharyngeal muscular dystrophy (OPMD) is a rare, inherited muscle disease that primarily affects the muscles of the eyes and throat. The condition can cause progressive weakness in the eyelids, difficulty swallowing, slurred speech, drooling, and breathing problems.

There is no cure for OPMD, but there are several treatment options available to manage symptoms and improve quality of life:

1. **Physical Therapy**: Regular physical therapy exercises can help maintain muscle strength and flexibility, reduce stiffness, and prevent contractures.
2. **Speech Therapy**: Speech therapists can provide techniques to improve speaking clarity and volume, which may be affected by OPMD.
3. **Nutritional Support**: A dietitian can recommend a balanced meal plan to ensure adequate nutrition, especially if swallowing difficulties occur.
4. **Respiratory Care**: Since OPMD can lead to respiratory issues, regular monitoring and management of these conditions through pulmonologists or respiratory therapists might be necessary.
5. **Eye Care**: Regular eye exams and use of protective devices like shields over the mouth and nose can help prevent eye injuries and infections.
6. **Psychological Support**: Coping with chronic illness can be challenging emotionally; support groups and counseling services can offer emotional support and coping strategies.

It's important",10.402551949999975
What is the outlook for Gestational Trophoblastic Disease ?,"Certain factors affect prognosis (chance of recovery) and treatment options. Gestational trophoblastic disease usually can be cured. Treatment and prognosis depend on the following: - The type of GTD. - Whether the tumor has spread to the uterus, lymph nodes, or distant parts of the body. - The number of tumors and where they are in the body. - The size of the largest tumor. - The level of -hCG in the blood. - How soon the tumor was diagnosed after the pregnancy began. - Whether GTD occurred after a molar pregnancy, miscarriage, or normal pregnancy. - Previous treatment for gestational trophoblastic neoplasia. Treatment options also depend on whether the woman wishes to become pregnant in the future.","Gestational trophoblastic disease (GTD) is a group of rare, but serious, conditions that occur when cells from an embryo or fetus grow uncontrollably in the uterus. These diseases can be life-threatening if not treated promptly and effectively.

The outlook for GTD depends on several factors, including:

1. **Type of GTD**: There are different types of GTD, each with its own characteristics and treatment options.
2. **Stage at Diagnosis**: The earlier the condition is diagnosed and treated, the better the prognosis.
3. **Patient's Age and Overall Health**: Younger patients generally have a better chance of recovery compared to older individuals.
4. **Response to Treatment**: How well the patient responds to medical interventions like chemotherapy or surgery also plays a significant role.
5. **Presence of Complications**: If complications arise during treatment, such as severe side effects or recurrence of the disease, the outlook may worsen.

In general, while GTD can be challenging to treat, advancements in medicine have improved survival rates over time. Early detection and prompt intervention significantly increase the chances of successful treatment and long-term health outcomes. It's important for women who suspect they might have GTD to seek immediate medical attention to receive appropriate care and support.",10.499327322
Is Gillespie syndrome inherited ?,"In some cases, including those in which Gillespie syndrome is caused by PAX6 gene mutations, the condition occurs in an autosomal dominant pattern, which means one copy of the altered gene in each cell is sufficient to cause the disorder. Some affected individuals inherit the mutation from one affected parent. Other cases result from new mutations in the gene and occur in people with no history of the disorder in their family. Gillespie syndrome can also be inherited in an autosomal recessive pattern, which means both copies of a gene in each cell have mutations. The gene or genes involved in these cases are unknown. The parents of an individual with an autosomal recessive condition each carry one copy of the mutated gene, but they typically do not show signs and symptoms of the condition.","Gillespie syndrome is not an inherited condition. It is a rare, life-threatening disorder that can occur spontaneously in individuals with no family history of the disease. The exact cause of Gillespie syndrome remains unknown, but it may be related to genetic factors or environmental triggers. If you have any concerns about your risk for Gillespie syndrome, it's important to speak with a healthcare professional who can provide personalized advice based on your individual circumstances. They can also help determine if further testing or monitoring is necessary. Remember, early diagnosis and treatment are crucial for managing this potentially serious condition.",4.863081068000042
How many people are affected by type 1 diabetes ?,"Type 1 diabetes occurs in 10 to 20 per 100,000 people per year in the United States. By age 18, approximately 1 in 300 people in the United States develop type 1 diabetes. The disorder occurs with similar frequencies in Europe, the United Kingdom, Canada, and New Zealand. Type 1 diabetes occurs much less frequently in Asia and South America, with reported incidences as low as 1 in 1 million per year. For unknown reasons, during the past 20 years the worldwide incidence of type 1 diabetes has been increasing by 2 to 5 percent each year. Type 1 diabetes accounts for 5 to 10 percent of cases of diabetes worldwide. Most people with diabetes have type 2 diabetes, in which the body continues to produce insulin but becomes less able to use it.","Type 1 diabetes is an autoimmune disease that affects the body's ability to produce insulin, a hormone that regulates blood sugar levels. It primarily occurs in children and young adults but can affect anyone at any age.

According to the American Diabetes Association (ADA), approximately 1.25 million Americans have been diagnosed with type 1 diabetes as of 2021. This number includes both individuals who were previously undiagnosed and those who had their diagnosis confirmed through testing.

It's important to note that while this figure represents the total number of people living with type 1 diabetes, it does not account for all those who may be affected or unaware of their condition. Many people with type 1 diabetes go undiagnosed due to various reasons such as lack of awareness, delayed diagnosis, or difficulty accessing healthcare services.

Additionally, the prevalence of type 1 diabetes varies across different regions and ethnic groups. For example, according to the ADA, the incidence rate of type 1 diabetes is higher among Caucasians compared to African Americans and Hispanics/Latinos. However, these statistics can vary depending on the specific population being studied.",9.550176246999968
what research (or clinical trials) is being done for Leukemia ?,"Researchers are conducting clinical trials in many parts of the country. Clinical trials test an intervention such as a drug, therapy, medical device, or behavior in many people to see if it is safe and effective. Clinical trials already have led to advances, and researchers continue to search for more effective ways to treat and diagnose leukemia. They are studying various drugs, immunotherapy, targeted therapies, and other types of treatments. They are also studying the effectiveness of using combinations of treatments. Most importantly, researchers are gaining a greater understanding of the genes that are mutated in many types of leukemia and are developing targeted treatments to directly attack the mutations. One prime example is in acute myeloid leukemia (AML) where researchers have identified several genes that predict better or worse outcomes and are working to develop drugs targeted at these genes. Drug Research The drug imatinib (Gleevec) is important in the treatment of chronic myeloid leukemia. Imatinib targets an abnormal protein that is present in most leukemia cells. By blocking the abnormal protein, imatinib kills the leukemia cells, but it does not kill normal cells. However, imatinib stops working in some people with leukemia because the cells become resistant. Fortunately, two drugs, dasatinib (Sprycel) and nilotinib (Tasigna), are now used to treat people who stop responding to imatinib. These drugs work against the same abnormal protein targeted by imatinib, but in different ways. Immunotherapy Immunotherapy is a treatment that uses immune cells or antibodies to fight leukemia or stop it from getting worse. The idea is to zero in on leukemia cells so the treatment is less toxic to normal cells. Recently developed immunotherapies are showing real promise in a number of forms of leukemia. Vaccine Research Leukemia vaccines are not vaccines in the way that most people think of them. Unlike most vaccines, which help prevent diseases, leukemia vaccines are used to treat someone who already has cancer. A vaccine introduces a molecule called an antigen into the body. The immune system recognizes the antigen as a foreign invader and attacks it. Gene Therapy Gene therapy -- replacing, manipulating, or supplementing nonfunctional genes with healthy genes -- is being explored for treatment of leukemia. It is being studied as a way to stimulate a patient's immune system to kill leukemia cells and also to interfere with the production of proteins that cause cells to become cancerous. Learn more about ongoing leukemia research.","Leukemia is a type of cancer that affects the blood and bone marrow. It occurs when there are too many abnormal white blood cells in the body, which can interfere with normal blood function.

There have been several studies conducted to better understand leukemia and develop new treatments:

1. **Targeted Therapies**: Researchers are focusing on developing targeted therapies that specifically target the abnormal cells responsible for leukemia without harming healthy cells. These include drugs like imatinib (Gleevec), dasatinib (Sprycel), and nilotinib (Tasigna).

2. **Immunotherapy**: This involves using the patient's immune system to fight the disease. For example, CAR-T cell therapy has shown promise in treating certain types of leukemia by modifying T-cells to recognize and attack specific leukemia cells.

3. **Gene Therapy**: Some researchers are exploring gene editing techniques such as CRISPR-Cas9 to correct genetic mutations that cause leukemia or to introduce genes that help suppress the growth of leukemia cells.

4. **Combination Treatments**: Clinical trials often involve combining different treatments to see if they work together more effectively than any one treatment alone. This approach aims to maximize effectiveness while minimizing side effects.

5. **Clinical Trials for New Drugs**: There are",10.562944993999963
What is (are) Shaken Baby Syndrome ?,"Shaken baby syndrome is a type of inflicted traumatic brain injury that happens when a baby is violently shaken. A baby has weak neck muscles and a large, heavy head. Shaking makes the fragile brain bounce back and forth inside the skull and causes bruising, swelling, and bleeding, which can lead to permanent, severe brain damage or death. The characteristic injuries of shaken baby syndrome are subdural hemorrhages (bleeding in the brain), retinal hemorrhages (bleeding in the retina), damage to the spinal cord and neck, and fractures of the ribs and bones. These injuries may not be immediately noticeable. Symptoms of shaken baby syndrome include extreme irritability, lethargy, poor feeding, breathing problems, convulsions, vomiting, and pale or bluish skin. Shaken baby injuries usually occur in children younger than 2 years old, but may be seen in children up to the age of 5.","Shaken baby syndrome is a serious injury that can result from shaking an infant or young child. It occurs when the head and brain are violently shaken, causing damage to the blood vessels in the brain.

The most common cause of shaken baby syndrome is abuse by caregivers who believe they need to stop their crying. The forceful shaking may be done with the hands, arms, or even the body. In some cases, it may also occur during medical procedures such as intubation or suctioning.

Symptoms of shaken baby syndrome include:

- Seizures
- Bleeding under the skin on the scalp 
- Swelling around the eyes
- Difficulty breathing
- Loss of consciousness

If you suspect your child has been shaken, seek immediate medical attention. Treatment typically involves monitoring for signs of brain damage and providing supportive care until symptoms improve. Early intervention is crucial to prevent long-term complications.",7.431650123000054
What are the complications of Neurological Complications of AIDS ?,"AIDS is primarily an immune system disorder caused by the human immunodeficiency virus (HIV), but it can also affect the nervous system. HIV does not appear to directly invade nerve cells but it jeopardizes their health and function, causing symptoms such as confusion, forgetfulness, behavioral changes, headaches, progressive weakness and loss of sensation in the arms and legs, cognitive motor impairment, or damage to the peripheral nerves. Other complications that can occur as a result of HIV infection or the drugs used to treat it include pain, seizures, shingles, spinal cord problems, lack of coordination, difficult or painful swallowing, anxiety disorder, depression, fever, vision loss, gait disorders, destruction of brain tissue, and coma. Other AIDS-related nervous system disorders may be caused by certain cancers or by illnesses that would not otherwise affect people with healthy immune systems. Among the most common neurological complications are: AIDS dementia complex, causing symptoms such as encephalitis (inflammation of the brain), behavioral changes, and a gradual decline in cognitive function; central nervous system lymphomas, cancerous tumors that either begin in the brain or result from a cancer that has spread from another site in the body; cryptococcal meningitis; cytomegalovirus infections; herpes virus infections; neuropathy; neurosyphilis; progressive multifocal leukoencephalopathy (PML); and psychological and neuropsychiatric disorders.","Neurological complications in HIV/AIDS patients can be severe and life-threatening. Some common neurological symptoms include:

1. **Encephalopathy**: This is a condition where the brain becomes inflamed or infected, leading to confusion, memory loss, and difficulty with thinking.

2. **Meningitis**: Inflammation of the membranes that cover the brain and spinal cord (meninges). It can cause fever, headache, neck stiffness, and sensitivity to light.

3. **Pneumocystis pneumonia (PCP)**: A lung infection caused by a parasite called Pneumocystis jirovecii. Symptoms include shortness of breath, coughing up blood, and weight loss.

4. **Cryptococcal meningitis**: Another type of fungal infection affecting the brain and spinal cord. Symptoms include headaches, fever, seizures, and altered mental status.

5. **Toxoplasmosis**: An infection caused by Toxoplasma gondii, which can affect the central nervous system. Symptoms may include headache, fever, and seizures.

6. **HIV-associated encephalitis**: Inflammation of the brain due to HIV itself. Symptoms vary but often include cognitive impairment, seizures, and changes in behavior.",10.528249715000015
What is (are) CHMP2B-related frontotemporal dementia ?,"CHMP2B-related frontotemporal dementia is a progressive brain disorder that affects personality, behavior, and language. The symptoms of this disorder usually become noticeable in a person's fifties or sixties, and affected people survive about 3 to 21 years after the appearance of symptoms. Changes in personality and behavior are the most common early signs of CHMP2B-related frontotemporal dementia. These changes include inappropriate emotional responses, restlessness, loss of initiative, and neglect of personal hygiene. Affected individuals may overeat sweet foods or place non-food items into their mouths (hyperorality). Additionally, it may become difficult for affected individuals to interact with others in a socially appropriate manner. They increasingly require help with personal care and other activities of daily living. Many people with CHMP2B-related frontotemporal dementia develop progressive problems with speech and language (aphasia). They may have trouble speaking, although they can often understand others' speech and written text. Affected individuals may also have difficulty using numbers (dyscalculia). In the later stages of the disease, many completely lose the ability to communicate. Several years after signs and symptoms first appear, some people with CHMP2B-related frontotemporal dementia develop problems with movement. These movement abnormalities include rigidity, tremors, uncontrolled muscle tensing (dystonia), and involuntary muscle spasms (myoclonus). As the disease progresses, most affected individuals become unable to walk.","CHMP2B-related frontotemporal dementia is a rare form of frontotemporal dementia that is caused by mutations in the CHMP2B gene. This condition affects the brain's ability to process information and can lead to changes in behavior, personality, and language abilities.

The CHMP2B protein plays a crucial role in the endocytosis process, which involves the uptake of materials from the outside environment into cells. Mutations in this gene disrupt normal cellular processes, leading to the accumulation of toxic proteins within neurons, particularly those involved in memory and decision-making.

Symptoms of CHMP2B-related frontotemporal dementia may include:

1. Personality changes
2. Impaired judgment
3. Difficulty with planning and organizing tasks
4. Changes in speech or writing
5. Loss of interest in activities previously enjoyed

This type of dementia typically progresses more slowly than other forms of frontotemporal dementia but can still cause significant cognitive decline over time. Early diagnosis through genetic testing is important for understanding the underlying cause and potentially guiding treatment options.",8.889396088000012
How to diagnose Gerstmann-Straussler-Scheinker disease ?,"How is Gerstmann-Straussler-Scheinker disease diagnosed? The diagnosis of Gerstmann-Straussler-Scheinker disease (GSS) is based on a combination of the following: Characteristic signs and symptoms Nervous system findings including multiple amyloid plaques (clumps which form in the brain and cause the death of nerve cells and the progressive symptoms of the disease) A family history consistent with autosomal dominant inheritance Identification of a disease-causing mutation of the PRNP gene Genetic testing for at-risk relatives who do not yet have symptoms of GSS is possible if the disease-causing mutation in the family is known. This testing is not useful in predicting age of onset, severity, type of symptoms, or rate of progression. Testing for the disease-causing mutation in the absence of definite symptoms of the disease is called predictive testing.","Gerstmann-Straussler-Scheinker (GSS) is a rare, inherited neurodegenerative disorder that primarily affects the nervous system. It's characterized by progressive cognitive decline and motor symptoms. Here are some steps you can take to diagnose GSS:

1. **Medical History**: Begin with gathering information about your family history of neurological disorders. This will help determine if GSS might be present.

2. **Physical Examination**: A thorough physical examination should include tests for coordination, reflexes, muscle strength, and sensory function. These may reveal signs of ataxia or other movement disorders typical of GSS.

3. **Neurological Tests**:
   - **Cognitive Testing**: Assessments like the Mini-Mental State Examination (MMSE), Montreal Cognitive Assessment (MoCA), or more specialized tests such as the Wechsler Memory Scale (WMS) can evaluate memory, attention, language, visuospatial skills, and executive functions.
   - **Motor Functioning**: Evaluate fine and gross motor skills using tasks like finger-to-nose test, heel-to-shin test, and balance assessments.
   - **Reflexes and Sensory Evaluation**: Check for any abnormalities in reflexes and sensation.

4. **Genetic Testing**: Since",10.528812337999966
What causes Prevent diabetes problems: Keep your heart and blood vessels healthy ?,"Narrowed blood vessels leave a smaller opening for blood to flow through. Having narrowed blood vessels is like turning on a garden hose and holding your thumb over the opening. The smaller opening makes the water shoot out with more pressure. In the same way, narrowed blood vessels lead to high blood pressure. Other factors, such as kidney problems and being overweight, also can lead to high blood pressure. Many people with diabetes also have high blood pressure. If you have heart, eye, or kidney problems from diabetes, high blood pressure can make them worse. You will see your blood pressure written with two numbers separated by a slash. For example, your reading might be 120/70, said as ""120 over 70."" For most people with diabetes, the target is to keep the first number below 140 and the second number below 80, unless their doctor sets a different target. If you have high blood pressure, ask your doctor how to lower it. Your doctor may ask you to take blood pressure medicine every day. Some types of blood pressure medicine can also help keep your kidneys healthy. You may also be able to control your blood pressure by - eating more fruits and vegetables - eating less salt and high-sodium foods - losing weight if you need to - being physically active - not smoking - limiting alcoholic drinks","To prevent diabetes complications, it's important to keep your heart and blood vessels healthy. This can be achieved through a combination of lifestyle changes and medical interventions.

1. **Healthy Diet**: Eating a balanced diet rich in fruits, vegetables, whole grains, lean proteins, and healthy fats is crucial. Avoiding excessive sugar intake and limiting saturated and trans fats helps maintain stable blood glucose levels and reduces the risk of cardiovascular diseases.

2. **Regular Exercise**: Engaging in regular physical activity, such as walking, swimming, or cycling, improves insulin sensitivity and strengthens the heart muscle. It also helps manage weight, which is essential for preventing diabetes-related complications like high blood pressure and high cholesterol.

3. **Maintain a Healthy Weight**: Being overweight increases the risk of developing type 2 diabetes and its associated complications. Losing even a small amount of weight (5-7% of body weight) can significantly reduce this risk.

4. **Manage Stress**: Chronic stress can lead to elevated blood pressure and increased inflammation, both of which are risk factors for diabetes complications. Techniques such as meditation, yoga, or deep-breathing exercises can help manage stress effectively.

5. **Quit Smoking**: Smoking damages blood vessels and impairs circulation, increasing the risk of diabetic foot ulcers, kidney disease",10.50581537000005
Is congenital mirror movement disorder inherited ?,"In most cases, including those caused by mutations in the DCC or RAD51 gene, this condition is inherited in an autosomal dominant pattern, which means one copy of the altered gene in each cell is sufficient to cause the disorder. In most cases, an affected person has one parent with the altered gene. Some people who have the altered gene never develop the condition, a situation known as reduced penetrance. Research suggests that in rare cases, this condition may be inherited in an autosomal recessive pattern, which means both copies of the gene in each cell have mutations. The parents of an individual with an autosomal recessive condition each carry one copy of the mutated gene, but they typically do not show signs and symptoms of the condition.","Yes, congenital mirror movement disorder is a genetic condition that can be passed down from parents to their children. It's caused by mutations in the genes responsible for controlling muscle movements and coordination.

The specific gene involved in this condition is called *MINK1*, which plays a role in regulating the development of muscles and nerves during fetal development. Mutations in this gene can lead to abnormalities in motor skills and coordination, resulting in symptoms such as difficulty with fine motor tasks or repetitive movements.

While not all cases are due to mutations in *MINK1*, other genetic factors may also contribute to the development of congenital mirror movement disorder. However, it's important to note that while genetics play a significant role, environmental factors and lifestyle choices can also influence the expression of certain traits and conditions. For example, prenatal exposure to toxins or infections could potentially affect the development of the brain and nervous system, leading to changes in motor function.

In summary, congenital mirror movement disorder is indeed inherited, but its inheritance pattern and the specific genes involved can vary among individuals. Understanding these genetic components helps researchers develop better diagnostic tools and treatments for those affected by this condition.",9.521269243999996
What are the treatments for Benign multicystic peritoneal mesothelioma ?,How might benign multicystic peritoneal mesothelioma be treated? Surgery to remove the cystic lesions is the only effective treatment for BMPM. Aggressive surgical approaches are often recommended. Hormonal therapy has also been attempted in individual cases with variable degrees of success. Most affected individuals do not undergo chemotherapy and/or radiotherapy because these tumors are usually benign.,"Benign multicystic peritoneal mesothelioma is a rare and benign form of pleural mesothelioma. It typically presents with multiple fluid-filled cysts in the lining of the lungs (pleura). The treatment options for this condition include:

1. **Observation**: If the patient has no symptoms or only mild ones, doctors may choose to monitor the cysts without immediate intervention.

2. **Pleurodesis**: This procedure involves injecting a substance into the space between the lung and chest wall to cause scarring and closure of the pleural cavity. This can help reduce fluid buildup and improve breathing.

3. **Thoracentesis**: In some cases, draining excess fluid from the pleural space through thoracentesis might be necessary if it causes significant discomfort or pressure on the lungs.

4. **Surgery**: While not always required, surgery might be considered if there are complications such as severe pain, infection, or persistent fluid accumulation that cannot be managed by other means.

5. **Radiation Therapy**: Although less common, radiation therapy might be used in certain situations where surgical intervention is deemed too risky.

It's important to note that each case is unique, and the best course of action should be determined based on the specific circumstances of",10.54058588800001
What are the treatments for What I need to know about Kidney Failure and How Its Treated ?,The treatments for kidney failure are - hemodialysis - peritoneal dialysis - a kidney transplant - conservative management,"Kidney failure is a serious medical condition that can be caused by various factors, including chronic kidney disease (CKD), acute kidney injury (AKI), or certain medications. The treatment of kidney failure depends on its cause and severity.

1. **Chronic Kidney Disease (CKD):**
   - **Lifestyle Changes:** Reducing salt intake, controlling blood pressure, managing diabetes, and quitting smoking.
   - **Medications:** Blood pressure medication, diuretics, ACE inhibitors, or ARBs to reduce protein loss in urine.
   - **Dietary Adjustments:** Restricting phosphorus and potassium levels in diet.
   - **Monitoring:** Regular check-ups with a nephrologist to monitor kidney function and adjust treatment as needed.

2. **Acute Kidney Injury (AKI):**
   - **Immediate Care:** Fluids, electrolyte balance, pain management, and addressing any underlying causes such as dehydration, infection, or trauma.
   - **Supportive Therapies:** Dialysis may be required if kidneys fail to filter waste products effectively.
   - **Treatment of Underlying Causes:** Addressing infections, correcting electrolyte imbalances, and treating other conditions contributing to AKI.

3. **End-Stage Ren",10.532687238999983
What are the symptoms of Bell's palsy ?,What are the symptoms of Bell's palsy?,"Bell's palsy is a condition that affects one side of the face, causing weakness or paralysis in the muscles on that side. The most common symptom is facial drooping, which can be sudden and severe. Other possible symptoms include:

- Difficulty closing the eye on the affected side
- Drooling 
- Changes in taste sensation on the affected side of the tongue
- Inability to smile properly
- Loss of sense of smell

If you experience any of these symptoms, it's important to seek medical attention as soon as possible. Early diagnosis and treatment can help reduce the risk of complications such as hearing loss or vision problems. 

It's worth noting that Bell's palsy usually resolves within 12 weeks, but some people may have lingering effects for several months or even years. If your symptoms persist beyond this time frame, it's important to follow up with your healthcare provider. 

Remember, only a qualified healthcare professional can diagnose Bell's palsy accurately. They will take into account your medical history, perform a physical examination, and possibly order imaging tests if necessary to confirm the diagnosis. 

In summary, while Bell's palsy can cause significant discomfort and affect daily life, prompt medical care can often lead to a full recovery. It's crucial to act quickly",10.545437184999969
How many people are affected by Sandhoff disease ?,"Sandhoff disease is a rare disorder; its frequency varies among populations. This condition appears to be more common in the Creole population of northern Argentina; the Metis Indians in Saskatchewan, Canada; and people from Lebanon.","Sandhoff disease is a rare, inherited disorder that primarily affects the nervous system. It's caused by mutations in the HEXA gene, which produces the enzyme hexosaminidase A (Hex-A). This mutation leads to an accumulation of a fatty substance called GM2 ganglioside in brain cells.

The condition typically begins in early childhood and progresses over time, causing progressive neurological decline. Symptoms can include:

1. Motor problems: Difficulty with walking, coordination, and balance.
2. Speech difficulties: Problems with speech articulation and understanding language.
3. Cognitive issues: Memory loss, learning disabilities, and intellectual disability.
4. Vision problems: Nystagmus (involuntary eye movements) and difficulty seeing at close range.
5. Hearing loss: Impaired hearing due to nerve damage.
6. Behavioral changes: Irritability, aggression, and other behavioral issues.

As of 2023, there are approximately 1,000 known cases worldwide, with most individuals diagnosed before age 5. The severity of symptoms varies widely among affected individuals, but it generally worsens over time without treatment.

Currently, there is no cure for Sandhoff disease, and management focuses on symptom relief and supportive care. Research into potential treatments, including gene",10.519509293999931
What causes Congenitally corrected transposition of the great arteries ?,"What causes congenitally corrected transposition of the great arteries? Currently the cause of congenitally corrected transposition of the great arteries is not known. Limited data suggests that air pollutants and hair dye may act as environmental risk factors for this rare defect. Also, having a family history of this heart defect is a risk factor. It has been estimated that the recurrence risk in siblings is around 3% to 5%.","Congenitally corrected transposition of the great arteries (CCTGA) is a rare congenital heart defect in which the two main pumping chambers of the heart are reversed, but with one exception: The right ventricle and pulmonary artery remain on the correct side. This means that blood flows from the right atrium to the left ventricle instead of the normal flow from the left atrium to the right ventricle.

The cause of CCTGA is not fully understood, but it appears to be due to an abnormal development during fetal growth. In most cases, the condition occurs without any known risk factors or genetic predispositions. It's important to note that this type of heart defect can lead to serious health issues if not treated promptly, so it's crucial for individuals diagnosed with CCTGA to receive appropriate medical care as soon as possible.",7.173899371000061
How to diagnose Atrial Fibrillation ?,"Atrial fibrillation (AF) is diagnosed based on your medical and family histories, a physical exam, and the results from tests and procedures. Sometimes AF doesn't cause signs or symptoms. Thus, it may be found during a physical exam or EKG (electrocardiogram) test done for another purpose. If you have AF, your doctor will want to find out what is causing it. This will help him or her plan the best way to treat the condition. Specialists Involved Primary care doctors often are involved in the diagnosis and treatment of AF. These doctors include family practitioners and internists. Doctors who specialize in the diagnosis and treatment of heart disease also may be involved, such as: Cardiologists. These are doctors who diagnose and treat heart diseases and conditions. Electrophysiologists. These are cardiologists who specialize in arrhythmias. Medical and Family Histories Your doctor will likely ask questions about your: Signs and symptoms. What symptoms are you having? Have you had palpitations? Are you dizzy or short of breath? Are your feet or ankles swollen (a possible sign of heart failure)? Do you have any chest pain? Medical history. Do you have other health problems, such as a history of heart disease, high blood pressure, lung disease, diabetes, or thyroid problems? Family's medical history. Does anyone in your family have a history of AF? Has anyone in your family ever had heart disease or high blood pressure? Has anyone had thyroid problems? Does your family have a history of other illnesses or health problems? Health habits. Do you smoke or use alcohol or caffeine? Physical Exam Your doctor will do a complete cardiac exam. He or she will listen to the rate and rhythm of your heartbeat and take your pulse and blood pressure reading. Your doctor will likely check for any signs of heart muscle or heart valve problems. He or she will listen to your lungs to check for signs of heart failure. Your doctor also will check for swelling in your legs or feet and look for an enlarged thyroid gland or other signs of hyperthyroidism (too much thyroid hormone). Diagnostic Tests and Procedures EKG An EKG is a simple, painless test that records the heart's electrical activity. It's the most useful test for diagnosing AF. An EKG shows how fast your heart is beating and its rhythm (steady or irregular). It also records the strength and timing of electrical signals as they pass through your heart. A standard EKG only records the heartbeat for a few seconds. It won't detect AF that doesn't happen during the test. To diagnose paroxysmal AF, your doctor may ask you to wear a portable EKG monitor that can record your heartbeat for longer periods. The two most common types of portable EKGs are Holter and event monitors. Holter and Event Monitors A Holter monitor records the heart's electrical activity for a full 24- or 48-hour period. You wear small patches called electrodes on your chest. Wires connect these patches to a small, portable recorder. The recorder can be clipped to a belt, kept in a pocket, or hung around your neck. You wear the Holter monitor while you do your normal daily activities. This allows the monitor to record your heart for a longer time than a standard EKG. An event monitor is similar to a Holter monitor. You wear an event monitor while doing your normal activities. However, an event monitor only records your heart's electrical activity at certain times while you're wearing it. For many event monitors, you push a button to start the monitor when you feel symptoms. Other event monitors start automatically when they sense abnormal heart rhythms. You can wear an event monitor for weeks or until symptoms occur. Stress Test Some heart problems are easier to diagnose when your heart is working hard and beating fast. During stress testing, you exercise to make your heart work hard and beat fast while heart tests are done. If you can't exercise, you may be given medicine to make your heart work hard and beat fast. Echocardiography Echocardiography (echo) uses sound waves to create a moving picture of your heart. The test shows the size and shape of your heart and how well your heart chambers and valves are working. Echo also can identify areas of poor blood flow to the heart, areas of heart muscle that aren't contracting normally, and previous injury to the heart muscle caused by poor blood flow. This test sometimes is called transthoracic (trans-thor-AS-ik) echocardiography. It's painless and noninvasive (no instruments are inserted into the body). For the test, a device called a transducer is moved back and forth over your chest. The device sends special sound waves through your chest wall to your heart. The sound waves bounce off the structures of your heart, and a computer converts them into pictures on a screen. Transesophageal Echocardiography Transesophageal (trans-e-SOF-ah-ge-al) echo, or TEE, uses sound waves to take pictures of your heart through the esophagus. The esophagus is the passage leading from your mouth to your stomach. Your heart's upper chambers, the atria, are deep in your chest. They often can't be seen very well using transthoracic echo. Your doctor can see the atria much better using TEE. During this test, the transducer is attached to the end of a flexible tube. The tube is guided down your throat and into your esophagus. You'll likely be given medicine to help you relax during the procedure. TEE is used to detect blood clots that may be forming in the atria because of AF. Chest X Ray A chest x ray is a painless test that creates pictures of the structures in your chest, such as your heart and lungs. This test can show fluid buildup in the lungs and signs of other AF complications. Blood Tests Blood tests check the level of thyroid hormone in your body and the balance of your body's electrolytes. Electrolytes are minerals that help maintain fluid levels and acid-base balance in the body. They're essential for normal health and functioning of your body's cells and organs.","Atrial fibrillation (AFib) is a common heart rhythm disorder that affects millions of people worldwide. It can cause symptoms such as palpitations, shortness of breath, and fatigue, but it may also be asymptomatic in some cases.

To diagnose AFib, your doctor will typically perform a physical examination and review your medical history. They may also order tests such as an electrocardiogram (ECG), echocardiogram, or cardiac catheterization to assess the function of your heart and determine if you have AFib.

If you are experiencing symptoms of AFib, your doctor may recommend lifestyle changes, medication, or other treatments to manage your condition. In some cases, surgery or other procedures may be necessary to correct the underlying cause of AFib. If left untreated, AFib can lead to serious complications such as stroke, heart failure, and arrhythmogenic cardiomyopathy. Therefore, early diagnosis and treatment are crucial for managing this condition effectively. 

It's important to note that only a healthcare professional can provide a proper diagnosis and treatment plan based on individual circumstances. Always consult with a qualified physician before making any decisions about your health.",9.600588100999971
What are the symptoms of Deafness with labyrinthine aplasia microtia and microdontia (LAMM) ?,"What are the signs and symptoms of Deafness with labyrinthine aplasia microtia and microdontia (LAMM)? The Human Phenotype Ontology provides the following list of signs and symptoms for Deafness with labyrinthine aplasia microtia and microdontia (LAMM). If the information is available, the table below includes how often the symptom is seen in people with this condition. You can use the MedlinePlus Medical Dictionary to look up the definitions for these medical terms. Signs and Symptoms Approximate number of patients (when available) Abnormality of the cranial nerves 90% Microdontia 90% Abnormality of the nares 50% Long face 50% Pointed chin 50% Wide nasal bridge 50% Abnormal nasal morphology 7.5% Anterior creases of earlobe 7.5% Hypermetropia 7.5% Hypertelorism 7.5% Increased number of teeth 7.5% Preauricular skin tag 7.5% Reduced number of teeth 7.5% Strabismus 7.5% Synophrys 7.5% Tall stature 7.5% Anteverted ears - Aplasia of the inner ear - Autosomal recessive inheritance - Conical tooth - Delayed gross motor development - Microtia, first degree - Profound sensorineural hearing impairment - Skin tags - Widely spaced teeth - The Human Phenotype Ontology (HPO) has collected information on how often a sign or symptom occurs in a condition. Much of this information comes from Orphanet, a European rare disease database. The frequency of a sign or symptom is usually listed as a rough estimate of the percentage of patients who have that feature. The frequency may also be listed as a fraction. The first number of the fraction is how many people had the symptom, and the second number is the total number of people who were examined in one study. For example, a frequency of 25/25 means that in a study of 25 people all patients were found to have that symptom. Because these frequencies are based on a specific study, the fractions may be different if another group of patients are examined. Sometimes, no information on frequency is available. In these cases, the sign or symptom may be rare or common.","Deafness with labyrinthine aplasia microtia and microdontia (LAMM) is a rare condition that affects both ears. The primary symptom is hearing loss, which can range from mild to severe depending on the severity of the condition.

In addition to hearing loss, individuals with LAMM may also experience:

1. **Balance problems**: This occurs due to the absence of the inner ear structures responsible for balance.
2. **Nystagmus**: Involuntary eye movements that can affect vision and coordination.
3. **Tinnitus**: Ringing or buzzing in the ears, often associated with hearing loss.
4. **Ear infections**: Increased risk of middle ear infections due to the lack of proper drainage channels.
5. **Developmental delays**: Possible issues with speech development and cognitive function if the condition is severe enough to impact overall brain development.

It's important to note that each individual with LAMM will present differently, and the severity of these symptoms can vary widely among affected individuals. Early diagnosis and treatment are crucial for managing the condition effectively. If you suspect any of these symptoms, it's advisable to consult a healthcare professional for an accurate assessment and appropriate care plan.",9.99322766399996
What are the genetic changes related to spondyloperipheral dysplasia ?,"Spondyloperipheral dysplasia is one of a spectrum of skeletal disorders caused by mutations in the COL2A1 gene. This gene provides instructions for making a protein that forms type II collagen. This type of collagen is found mostly in the clear gel that fills the eyeball (the vitreous) and in cartilage. Cartilage is a tough, flexible tissue that makes up much of the skeleton during early development. Most cartilage is later converted to bone, except for the cartilage that continues to cover and protect the ends of bones and is present in the nose and external ears. Type II collagen is essential for the normal development of bones and other connective tissues that form the body's supportive framework. Mutations in the COL2A1 gene interfere with the assembly of type II collagen molecules, reducing the amount of this type of collagen in the body. Instead of forming collagen molecules, the abnormal COL2A1 protein builds up in cartilage cells (chondrocytes). These changes disrupt the normal development of bones and other connective tissues, leading to the signs and symptoms of spondyloperipheral dysplasia.","Spondyloperipheral dysplasia (SPD) is a rare, autosomal recessive disorder characterized by skeletal abnormalities and peripheral joint involvement. The disease is caused by mutations in genes that encode proteins involved in bone development and function.

The specific genetic changes associated with SPD include:

1. **Hypochondroplasia**: This condition involves short stature and abnormal growth of bones, particularly those in the spine and limbs. It's often accompanied by spinal curvature and joint problems.

2. **Osteogenesis Imperfecta Type 3**: This type affects collagen production, leading to brittle bones and increased fragility. It can also cause joint pain and deformities.

3. **Marfan Syndrome**: While primarily affecting connective tissue, Marfan syndrome can sometimes present with skeletal abnormalities similar to those seen in SPD.

4. **Ehlers-Danlos Syndrome**: A group of inherited disorders that affect connective tissues, causing hypermobility and joint instability. Some types may have skeletal features resembling those of SPD.

5. **Rett Syndrome**: Although primarily known for neurological symptoms, Rett syndrome can occasionally present with skeletal abnormalities, including scoliosis and joint contractures.

6. **Cystic Fibrosis**: While not directly related to skeletal issues",10.493056877000072
Is Anaplastic astrocytoma inherited ?,"Are anaplastic astrocytomas inherited? Anaplastic astrocytomas are usually not inherited. These tumors typically occur sporadically, in people with no family history of astrocytomas. In most cases, the exact cause is unknown. Familial cases of isolated astrocytomas have been reported but are very rare. Astrocytomas can have a genetic link when they are associated with a few rare, inherited disorders. These include neurofibromatosis type I, Li-Fraumeni syndrome, Turcot syndrome, and tuberous sclerosis. Astrosytomas occur more frequently in people with one of these disorders. Like many other cancers, it is believed that isolated astrocytomas may occur due to a combination of genetic and environmental factors. This means that a person may carry a gene (or a combination of genes) that predisposes them to developing an astrocytoma, but it may not develop unless it is ""triggered"" by an environmental factor.","Anaplastic Astrocytomas are not known to be inherited. They are a type of brain tumor that can occur in adults and is often associated with the presence of an abnormal gene called TP53, which is involved in DNA repair. However, this does not mean that it is passed down from parents to children. The development of anaplastic astrocytoma is more likely due to environmental factors or random genetic mutations rather than inheritance. It's important to note that while there may be some risk factors for developing anaplastic astrocytoma, such as exposure to radiation or certain chemicals, these do not guarantee that someone will develop the condition. If you have concerns about your family history or if you're experiencing symptoms of a brain tumor, it's always best to consult with a healthcare professional who can provide personalized advice based on your individual circumstances.",7.129014619000031
How many people are affected by Charcot-Marie-Tooth disease ?,"Charcot-Marie-Tooth disease is the most common inherited disorder that involves the peripheral nerves, affecting an estimated 150,000 people in the United States. It occurs in populations worldwide with a prevalence of about 1 in 2,500 individuals.","Charcot-Marie-Tooth (CMT) disease is a group of inherited disorders that affect the peripheral nervous system. It can cause weakness and atrophy in muscles, as well as sensory loss.

There are several types of CMT, each with its own characteristics:

1. Type 1: This type affects motor nerves primarily, leading to muscle weakness and atrophy.
2. Type 2: This type affects both motor and sensory nerves, causing more severe symptoms than Type 1.
3. Type 3: This type affects only sensory nerves, resulting in numbness and tingling sensations.
4. Type 4: This type affects both motor and sensory nerves, but it's less common than Types 1-3.
5. Type 6: This type affects only sensory nerves, similar to Type 3.

The severity of symptoms varies among individuals within each type, and some may have mild or no symptoms at all. However, the overall prevalence of CMT is estimated to be around 0.008% of the population worldwide. This means that approximately 8 out of every 10,000 people will develop CMT at some point in their lives. 

It's important to note that while these statistics provide an estimate,",10.465000533999955
What are the symptoms of Papillon Lefevre syndrome ?,"What are the signs and symptoms of Papillon Lefevre syndrome? The Human Phenotype Ontology provides the following list of signs and symptoms for Papillon Lefevre syndrome. If the information is available, the table below includes how often the symptom is seen in people with this condition. You can use the MedlinePlus Medical Dictionary to look up the definitions for these medical terms. Signs and Symptoms Approximate number of patients (when available) Abnormality of the fingernails 90% Gingivitis 90% Palmoplantar keratoderma 90% Periodontitis 90% Premature loss of primary teeth 90% Pustule 90% Reduced number of teeth 90% Cerebral calcification 50% Recurrent respiratory infections 50% Skin ulcer 50% Arachnodactyly 7.5% Hypertrichosis 7.5% Hypopigmented skin patches 7.5% Liver abscess 7.5% Melanoma 7.5% Neoplasm of the skin 7.5% Osteolysis 7.5% Atrophy of alveolar ridges - Autosomal recessive inheritance - Choroid plexus calcification - Palmoplantar hyperkeratosis - Premature loss of teeth - Severe periodontitis - The Human Phenotype Ontology (HPO) has collected information on how often a sign or symptom occurs in a condition. Much of this information comes from Orphanet, a European rare disease database. The frequency of a sign or symptom is usually listed as a rough estimate of the percentage of patients who have that feature. The frequency may also be listed as a fraction. The first number of the fraction is how many people had the symptom, and the second number is the total number of people who were examined in one study. For example, a frequency of 25/25 means that in a study of 25 people all patients were found to have that symptom. Because these frequencies are based on a specific study, the fractions may be different if another group of patients are examined. Sometimes, no information on frequency is available. In these cases, the sign or symptom may be rare or common.","Papillon-Lefèvre syndrome is a rare genetic disorder that affects the skin, hair, and nails. The main symptom is recurrent episodes of severe sunburn-like rashes on the face, scalp, and neck. These rashes can be painful and may leave scarring. Other symptoms include:

- Hair loss
- Skin lesions
- Nail abnormalities
- Joint pain or stiffness (arthritis)
- Eye problems such as dry eyes or inflammation

The condition is caused by mutations in the PTPN1 gene, which helps regulate cell growth and division. It's usually diagnosed in childhood but can sometimes appear later in life.

Treatment focuses on managing symptoms and preventing complications. This includes using sunscreen to protect against UV damage, avoiding harsh chemicals in skincare products, and treating any associated conditions like arthritis with medications. Regular follow-up appointments with dermatologists and other specialists are important for monitoring the disease and adjusting treatments as needed.",7.7329468190000625
What is (are) Diabetic Kidney Disease ?,"Diabetic kidney disease, also called diabetic nephropathy, is kidney disease caused by diabetes. Even when well controlled, diabetes can lead to chronic kidney disease (CKD) and kidney failure, described as end-stage kidney disease or ESRD when treated with a kidney transplant or blood-filtering treatments called dialysis. Diabetes affects 25.8 million people of all ages in the United States.1 As many as 40 percent of people who have diabetes are expected to develop CKD.2 Diabetes, the most common cause of kidney failure in the United States, accounts for nearly 44 percent of new cases of kidney failure, as illustrated in Figure 1.3","Diabetic kidney disease, also known as diabetic nephropathy or diabetic renal disease, is a complication of diabetes that affects the kidneys' ability to filter blood. It occurs when high levels of glucose in the blood damage the tiny blood vessels in the kidneys over time.

The primary cause of diabetic kidney disease is poorly controlled blood sugar levels. When blood sugar is consistently too high for an extended period, it can lead to inflammation and damage to the kidneys' filtering units called nephrons. This damage disrupts the normal function of the kidneys, leading to reduced urine output and increased pressure within the kidneys.

As the condition progresses, diabetic kidney disease may progress to chronic kidney disease (CKD), which can eventually lead to end-stage renal disease (ESRD). At this stage, patients require dialysis or a kidney transplant to manage their remaining kidney function.

Early detection and management are crucial in preventing progression to more severe stages of kidney disease. Treatment options include:

1. **Blood Sugar Control**: Maintaining tight control of blood sugar through diet, exercise, medication, and regular monitoring.
2. **Blood Pressure Management**: Keeping blood pressure under control with medications and lifestyle changes.
3. **Regular Monitoring**: Periodic testing of kidney function to monitor any decline in kidney health.
4. **",10.516926658999978
What is (are) Medium-chain acyl-coenzyme A dehydrogenase deficiency ?,"Medium-chain acyl-coenzyme A dehydrogenase deficiency (MCADD) is an inherited metabolic disorder that prevents the body from converting certain fats to energy, particularly during periods without food (fasting). Normally, through a process called fatty acid oxidation, several enzymes work in a step-wise fashion to break down (metabolize) fats and convert them to energy. People with MCADD do not have enough of an enzyme needed for the step that metabolizes a group of fats called medium-chain fatty acids. MCADD is caused by mutations in the ACADM gene and is inherited in an autosomal recessive manner. Treatment includes avoidance of fasting and of medium chain triglycerides in the diet.","Medium-chain acyl-CoA dehydrogenase deficiency (MCADD) is a rare, inherited metabolic disorder that affects the body's ability to break down certain fats. MCADD occurs when there isn't enough of an enzyme called medium-chain acyl-CoA dehydrogenase in the liver and muscles.

The condition can cause severe health problems if not treated early. Symptoms include vomiting, diarrhea, dehydration, seizures, and coma. In some cases, it can lead to death if left untreated. MCADD is more common in people with African American or Native American ancestry. It's also known as hypoketotic hyperglycemic state (HHGS).",5.4497351620000245
What are the genetic changes related to X-linked infantile spasm syndrome ?,"X-linked infantile spasm syndrome is caused by mutations in either the ARX gene or the CDKL5 gene. The proteins produced from these genes play a role in the normal functioning of the brain. The ARX protein is involved in the regulation of other genes that contribute to brain development. The CDKL5 protein is thought to regulate the activity of at least one protein that is critical for normal brain function. Researchers are working to determine how mutations in either of these genes lead to seizures and intellectual disability. Infantile spasms can have nongenetic causes, such as brain malformations, other disorders that affect brain function, or brain damage. In addition, changes in genes that are not located on the X chromosome cause infantile spasms in rare cases.","X-linked infantile spasms (ILS) is a rare, severe form of epilepsy that affects infants. It is caused by mutations in the SCN1A gene on the X chromosome. The mutation leads to an abnormality in the ion channel protein called AMPA receptors, which play a crucial role in regulating neuronal excitability and synaptic transmission.

The primary genetic change associated with ILS is a deletion or duplication of DNA segments within the SCN1A gene. This results in the production of a truncated or non-functional version of the AMPA receptor protein. As a consequence, there is reduced inhibition of neurons, leading to excessive excitation and subsequent seizures.

In addition to the SCN1A gene, other genes located on the X chromosome have been implicated in X-linked ILS, including:

1. **SCN2A**: Mutations in this gene can also cause ILS.
2. **CABP**: Affects the calcium signaling pathway and may contribute to the pathogenesis of ILS.
3. **GABRB3**: Implicated in GABAergic neurotransmission and may be involved in the regulation of seizure activity.

These genetic alterations collectively lead to the characteristic features of X-linked ILS, including early-onset seizures, developmental delay, and intellectual disability.",10.542099854999947
How many people are affected by age-related macular degeneration ?,"Age-related macular degeneration has an estimated prevalence of 1 in 2,000 people in the United States and other developed countries. The condition currently affects several million Americans, and the prevalence is expected to increase over the coming decades as the proportion of older people in the population increases. For reasons that are unclear, age-related macular degeneration affects individuals of European descent more frequently than African Americans in the United States.","Age-related macular degeneration (AMD) is a leading cause of vision loss in older adults. According to the National Eye Institute, approximately 10 million Americans have AMD and about 28 million more are at risk for developing it.

The number of people affected by AMD varies depending on several factors such as age, genetics, lifestyle, and environmental factors. However, it's important to note that while there isn't a specific ""number"" of people affected by AMD, the prevalence of the disease increases with age, making it particularly prevalent among those over 65 years old.

It's also worth noting that AMD can affect both eyes, although symptoms may appear differently in each eye. The severity of AMD can range from mild changes in central vision to severe vision loss, which can impact daily activities like reading, driving, or recognizing faces. Early detection and treatment can help slow the progression of the disease and improve quality of life for individuals living with AMD.",7.962973108999904
What are the genetic changes related to myotonia congenita ?,"Mutations in the CLCN1 gene cause myotonia congenita. The CLCN1 gene provides instructions for making a protein that is critical for the normal function of skeletal muscle cells. For the body to move normally, skeletal muscles must tense (contract) and relax in a coordinated way. Muscle contraction and relaxation are controlled by the flow of charged atoms (ions) into and out of muscle cells. Specifically, the protein produced from the CLCN1 gene forms a channel that controls the flow of negatively charged chlorine atoms (chloride ions) into these cells. The main function of this channel is to stabilize the cells' electrical charge, which prevents muscles from contracting abnormally. Mutations in the CLCN1 gene alter the usual structure or function of chloride channels. The altered channels cannot properly regulate ion flow, reducing the movement of chloride ions into skeletal muscle cells. This disruption in chloride ion flow triggers prolonged muscle contractions, which are the hallmark of myotonia.","Myotonia congenita is a rare, inherited neuromuscular disorder characterized by muscle stiffness and weakness. The condition is caused by mutations in the CLCN1 gene, which encodes for the chloride channel protein that regulates sodium ion channels in skeletal muscles.

The primary genetic change associated with myotonia congenita involves a deletion of three nucleotides (GAG) within the coding sequence of the CLCN1 gene. This results in an amino acid substitution where glutamic acid (Glu) is replaced by aspartic acid (Asp). Specifically, the original codon GTT is changed to GAT, leading to the production of a truncated protein lacking the first 20 amino acids.

This mutation disrupts the normal function of the chloride channel, impairing its ability to regulate sodium ion channels properly. As a result, there is reduced or delayed opening of these channels, causing prolonged depolarization of the muscle cells. This leads to increased intracellular calcium levels, which can cause muscle contraction to be delayed or inhibited, resulting in the characteristic symptoms of myotonia congenita.

In summary, the genetic change responsible for myotonia congenita is a single nucleotide deletion that alters one amino acid in the CLCN1 gene, leading to a",10.469481070000029
What are the treatments for congenital leptin deficiency ?,"These resources address the diagnosis or management of congenital leptin deficiency: - Eunice Kennedy Shriver National Institute of Child Health and Human Development: How Are Obesity and Overweight Diagnosed? - Genetic Testing Registry: Obesity, severe, due to leptin deficiency - Genetics of Obesity Study - National Heart, Lung, and Blood Institute: How Are Overweight and Obesity Treated? These resources from MedlinePlus offer information about the diagnosis and management of various health conditions: - Diagnostic Tests - Drug Therapy - Surgery and Rehabilitation - Genetic Counseling - Palliative Care","Congenital leptin deficiency is a rare genetic disorder that affects the body's ability to produce and use leptin, a hormone that regulates appetite and energy balance. The treatment of this condition typically involves managing symptoms and addressing any underlying causes.

1. **Dietary Management**: A balanced diet rich in fruits, vegetables, lean proteins, and whole grains can help manage weight and improve overall health. It may also be necessary to limit certain foods or nutrients that can exacerbate symptoms.

2. **Physical Activity**: Regular physical activity can help maintain muscle mass, increase metabolism, and reduce fat storage. This can be particularly beneficial for individuals with obesity-related complications.

3. **Medications**: In some cases, medications such as appetite suppressants (e.g., sibutramine) or anti-obesity drugs may be prescribed to help control weight gain and improve metabolic function.

4. **Surgical Interventions**: For severe cases where weight loss surgery (bariatric surgery) is indicated, it can help achieve significant weight loss and improve overall health outcomes.

5. **Monitoring and Follow-Up**: Regular monitoring by healthcare professionals is crucial to assess progress, adjust treatment plans as needed, and address any new developments or complications.

6. **Supportive Therapies",10.540939684999898
What are the symptoms of Tourette syndrome ?,"What are the signs and symptoms of Tourette syndrome? The early symptoms of Tourette syndrome are almost always noticed first in childhood, with the average onset between the ages of 3 and 9 years. Although the symptoms of Tourette syndrome vary from person to person and range from very mild to severe, the majority of cases fall into the mild category. The Human Phenotype Ontology provides the following list of signs and symptoms for Tourette syndrome. If the information is available, the table below includes how often the symptom is seen in people with this condition. You can use the MedlinePlus Medical Dictionary to look up the definitions for these medical terms. Signs and Symptoms Approximate number of patients (when available) Aggressive behavior - Attention deficit hyperactivity disorder - Autosomal dominant inheritance - Echolalia - Motor tics - Obsessive-compulsive behavior - Phonic tics - Self-mutilation - Sleep disturbance - The Human Phenotype Ontology (HPO) has collected information on how often a sign or symptom occurs in a condition. Much of this information comes from Orphanet, a European rare disease database. The frequency of a sign or symptom is usually listed as a rough estimate of the percentage of patients who have that feature. The frequency may also be listed as a fraction. The first number of the fraction is how many people had the symptom, and the second number is the total number of people who were examined in one study. For example, a frequency of 25/25 means that in a study of 25 people all patients were found to have that symptom. Because these frequencies are based on a specific study, the fractions may be different if another group of patients are examined. Sometimes, no information on frequency is available. In these cases, the sign or symptom may be rare or common.","Tourette Syndrome is a neurological disorder that causes people to make involuntary sounds and movements called tics. The most common types of tics include:

  * Motor tics, which involve sudden, repetitive muscle movements such as eye blinking or shoulder shrugging.
  * Vocal tics, which involve making sudden, repeated vocalizations such as grunting, throat clearing, or shouting.

Other possible symptoms of Tourette Syndrome may include obsessive-compulsive behaviors (such as repeatedly checking things), anxiety, depression, learning disabilities, and attention deficit hyperactivity disorder (ADHD). It's important to note that not everyone with Tourette Syndrome will experience all of these symptoms, and some individuals may have milder cases than others. If you suspect someone has Tourette Syndrome, it's best to consult with a healthcare professional for an accurate diagnosis and appropriate treatment plan.",7.120945516999996
What are the genetic changes related to Treacher Collins syndrome ?,"Mutations in the TCOF1, POLR1C, or POLR1D gene can cause Treacher Collins syndrome. TCOF1 gene mutations are the most common cause of the disorder, accounting for 81 to 93 percent of all cases. POLR1C and POLR1D gene mutations cause an additional 2 percent of cases. In individuals without an identified mutation in one of these genes, the genetic cause of the condition is unknown. The proteins produced from the TCOF1, POLR1C, and POLR1D genes all appear to play important roles in the early development of bones and other tissues of the face. These proteins are involved in the production of a molecule called ribosomal RNA (rRNA), a chemical cousin of DNA. Ribosomal RNA helps assemble protein building blocks (amino acids) into new proteins, which is essential for the normal functioning and survival of cells. Mutations in the TCOF1, POLR1C, or POLR1D gene reduce the production of rRNA. Researchers speculate that a decrease in the amount of rRNA may trigger the self-destruction (apoptosis) of certain cells involved in the development of facial bones and tissues. The abnormal cell death could lead to the specific problems with facial development found in Treacher Collins syndrome. However, it is unclear why the effects of a reduction in rRNA are limited to facial development.","Treacher Collins syndrome is a rare genetic disorder that affects the development of facial features. The primary genetic change associated with this condition is an abnormality in the TCOF1 gene, which codes for a protein called TRIO.

The TCOF1 gene provides instructions for making a protein that plays a crucial role in cell growth and division (mitosis). When there's a mutation in the TCOF1 gene, it can lead to problems with mitosis, resulting in the characteristic facial abnormalities seen in Treacher Collins syndrome.

These mutations typically occur randomly during the formation of sperm or egg cells (meiosis) before birth, but they can also be inherited from parents who have the condition. This means that some people may inherit the mutated gene without showing symptoms themselves, while others might develop the syndrome due to inheriting two copies of the mutated gene—one from each parent.

In summary, the genetic change responsible for Treacher Collins syndrome involves alterations in the TCOF1 gene, leading to disruptions in the normal function of the TRIO protein, which impacts cellular processes essential for proper facial development.",9.062714774000028
What to do for Whipple Disease ?,A person with Whipple disease and malabsorption may need - a diet high in calories and protein - vitamins - nutritional supplements,"Whipple disease is a rare, chronic infectious disorder that affects the digestive system. It's caused by the bacterium Tropheryma whipplei and can lead to inflammation of the walls of the intestines (enteritis), which may cause symptoms such as abdominal pain, diarrhea, weight loss, fever, fatigue, and neurological problems.

Here are some general steps you might consider if you suspect or have been diagnosed with Whipple disease:

1. **Consult Your Doctor**: If you think you might have Whipple disease, it's important to see your doctor right away. They will likely perform tests to confirm the diagnosis.

2. **Antibiotic Treatment**: The most effective treatment for Whipple disease involves taking antibiotics for several months. Commonly used antibiotics include azithromycin, clarithromycin, and tetracycline. These medications work by killing the bacteria causing the infection.

3. **Follow-Up Tests**: After starting antibiotic therapy, regular follow-up tests are necessary to monitor how well the treatment is working and to check for any side effects.

4. **Supportive Care**: Depending on the severity of your condition, supportive care measures like dietary changes, hydration, and managing symptoms may be recommended.

5. **Lifestyle Adjustments**: Some people find",10.448088488999929
What are the genetic changes related to coloboma ?,"Coloboma arises from abnormal development of the eye. During the second month of development before birth, a seam called the optic fissure (also known as the choroidal fissure or embryonic fissure) closes to form the structures of the eye. When the optic fissure does not close completely, the result is a coloboma. The location of the coloboma depends on the part of the optic fissure that failed to close. Coloboma may be caused by changes in many genes involved in the early development of the eye, most of which have not been identified. The condition may also result from a chromosomal abnormality affecting one or more genes. Most genetic changes associated with coloboma have been identified only in very small numbers of affected individuals. The risk of coloboma may also be increased by environmental factors that affect early development, such as exposure to alcohol during pregnancy. In these cases, affected individuals usually have other health problems in addition to coloboma.","Coloboma is a congenital eye defect characterized by the absence or incomplete development of one or more parts of an eye. The exact cause of coloboma is not fully understood, but it is believed to be caused by mutations in genes that control cell division and differentiation during embryonic development.

There are several types of coloboma, including:

1. **Optic chiasm coloboma**: This type occurs when there is a missing part of the optic nerve at the level of the optic chiasm (the cross-shaped structure where the two eyes' optic nerves meet).

2. **Optic tract coloboma**: This type involves the absence or abnormality of the optic tract, which connects the retina to the brain.

3. **Optic disc coloboma**: This type affects the optic disc (the area of the retina where vision is processed), leading to abnormalities such as cupping of the optic disc.

4. **Retinal coloboma**: This type involves the absence or abnormality of retinal tissue, often affecting the macula (the central part of the retina responsible for sharp vision).

5. **Ciliary body coloboma**: This type affects the ciliary body, which is involved in producing aqueous humor and controlling the shape of",10.411440739
How many people are affected by moyamoya disease ?,"Moyamoya disease was first identified in Japan, where it is most prevalent, affecting about 5 in 100,000 individuals. The condition is also relatively common in other Asian populations. It is ten times less common in Europe. In the United States, Asian Americans are four times more commonly affected than whites. For unknown reasons, moyamoya disease occurs twice as often in females as in males.","Moyamoya disease is a rare cerebrovascular disorder that affects the blood vessels in the brain. It occurs when the arteries supplying blood to the brain become narrowed or blocked, and new small blood vessels grow to try to compensate for this lack of blood flow.

The exact number of people affected by moyamoya disease is difficult to determine because it is a relatively uncommon condition. According to some estimates, moyamoya disease affects about 1 out of every 50,000 people worldwide. However, these numbers can vary depending on factors such as geographic location and population density.

It's important to note that while moyamoya disease primarily affects adults, there have been cases reported in children as well. The severity of symptoms can range from mild to severe, with some individuals experiencing no noticeable symptoms at all. In more severe cases, moyamoya disease can lead to stroke-like symptoms, cognitive impairment, seizures, and other neurological complications.",7.772459707000053
What are the treatments for Glycogen storage disease type 4 ?,"How might glycogen storage disease type 4 be treated? Management of glycogen storage disease type 4 typically focuses on the signs and symptoms that are present in each individual. Studies have show that in some cases, strict dietary therapy can help to maintain normal levels of glucose in the blood, reduce liver size, reduce symptoms, and allow for improved growth and development. Growing evidence indicates that a high-protein diet may improve muscle function in individuals with weakness or exercise intolerance and slow disease progression. Supportive care is typically needed for complications such as liver failure, heart failure, and neurologic dysfunction. Liver transplantation may be necessary for individuals with progressive liver disease. Individuals with cardiomyopathy may require the use of certain medications.","Glycogen storage disease type 4 (GSD-4) is a rare genetic disorder that affects carbohydrate metabolism. The primary treatment for GSD-4 involves managing symptoms and complications through various approaches:

1. **Dietary Management**: A low-carbohydrate diet can help reduce the accumulation of glycogen in liver cells, which is one of the main features of GSD-4.

2. **Phenylalanine Supplementation**: Since GSD-4 patients have an inability to metabolize phenylalanine efficiently, supplementation with phenylalanine may be necessary to prevent or manage hyperphenylalaninemia.

3. **Monitoring and Regular Check-ups**: Patients should undergo regular medical check-ups to monitor their condition, including blood tests to assess levels of phenylalanine and other metabolic markers.

4. **Physical Activity**: Encouraging physical activity can improve overall health and well-being, but it's important to avoid activities that could lead to injury due to muscle weakness.

5. **Supportive Care**: This includes addressing any secondary conditions such as hypothyroidism, which can occur in some GSD-4 cases, by providing appropriate hormone replacement therapy if needed.

6. **Genetic Counseling**: Given the hereditary nature of",10.389265890999923
What is the outlook for Small Intestine Cancer ?,"Certain factors affect prognosis (chance of recovery) and treatment options.The prognosis (chance of recovery) and treatment options depend on the following: - The type of small intestine cancer. - Whether the cancer is in the inner lining of the small intestine only or has spread into or beyond the wall of the small intestine. - Whether the cancer has spread to other places in the body, such as the lymph nodes, liver, or peritoneum (tissue that lines the wall of the abdomen and covers most of the organs in the abdomen). - Whether the cancer can be completely removed by surgery. - Whether the cancer is newly diagnosed or has recurred.","Small intestine cancer, also known as gastrointestinal stromal tumor (GIST), has a very low incidence rate. It's estimated that only about 10,000 new cases are diagnosed each year in the United States.

The prognosis for small intestine cancer depends on several factors:

- The type of GIST
- The size and location of the tumor
- Whether it has spread to other parts of the body

If the tumor is localized and hasn't spread, the five-year survival rate can be as high as 95%. However, if the cancer has spread to other organs or tissues, the prognosis becomes much worse, with a five-year survival rate of around 20%.

Treatment options may include surgery, chemotherapy, radiation therapy, targeted drug therapy, and immunotherapy. Early detection through regular screenings can improve outcomes.",6.863452873000028
What causes Fecal Incontinence ?,"Fecal incontinence has many causes, including - diarrhea - constipation - muscle damage or weakness - nerve damage - loss of stretch in the rectum - childbirth by vaginal delivery - hemorrhoids and rectal prolapse - rectocele - inactivity Diarrhea Diarrhea can cause fecal incontinence. Loose stools fill the rectum quickly and are more difficult to hold than solid stools. Diarrhea increases the chance of not reaching a bathroom in time. Constipation Constipation can lead to large, hard stools that stretch the rectum and cause the internal sphincter muscles to relax by reflex. Watery stool builds up behind the hard stool and may leak out around the hard stool, leading to fecal incontinence. The type of constipation that is most likely to lead to fecal incontinence occurs when people are unable to relax their external sphincter and pelvic floor muscles when straining to have a bowel movement, often mistakenly squeezing these muscles instead of relaxing them. This squeezing makes it difficult to pass stool and may lead to a large amount of stool in the rectum. This type of constipation, called dyssynergic defecation or disordered defecation, is a result of faulty learning. For example, children or adults who have pain when having a bowel movement may unconsciously learn to squeeze their muscles to delay the bowel movement and avoid pain. Muscle Damage or Weakness Injury to one or both of the sphincter muscles can cause fecal incontinence. If these muscles, called the external and internal anal sphincter muscles, are damaged or weakened, they may not be strong enough to keep the anus closed and prevent stool from leaking. Trauma, childbirth injuries, cancer surgery, and hemorrhoid surgery are possible causes of injury to the sphincters. Hemorrhoids are swollen blood vessels in and around the anus and lower rectum. Nerve Damage The anal sphincter muscles wont open and close properly if the nerves that control them are damaged. Likewise, if the nerves that sense stool in the rectum are damaged, a person may not feel the urge to go to the bathroom. Both types of nerve damage can lead to fecal incontinence. Possible sources of nerve damage are childbirth; a long-term habit of straining to pass stool; spinal cord injury; and diseases, such as diabetes and multiple sclerosis, that affect the nerves that go to the sphincter muscles and rectum. Brain injuries from stroke, head trauma, or certain diseases can also cause fecal incontinence. Loss of Stretch in the Rectum Normally, the rectum stretches to hold stool until a person has a bowel movement. Rectal surgery, radiation treatment, and inflammatory bowel diseaseschronic disorders that cause irritation and sores on the lining of the digestive systemcan cause the rectal walls to become stiff. The rectum then cant stretch as much to hold stool, increasing the risk of fecal incontinence. Childbirth by Vaginal Delivery Childbirth sometimes causes injuries to muscles and nerves in the pelvic floor. The risk is greater if forceps are used to help deliver the baby or if an episiotomya cut in the vaginal area to prevent the babys head from tearing the vagina during birthis performed. Fecal incontinence related to childbirth can appear soon after delivery or many years later. Hemorrhoids and Rectal Prolapse External hemorrhoids, which develop under the skin around the anus, can prevent the anal sphincter muscles from closing completely. Rectal prolapse, a condition that causes the rectum to drop down through the anus, can also prevent the anal sphincter muscles from closing well enough to prevent leakage. Small amounts of mucus or liquid stool can then leak through the anus. Rectocele Rectocele is a condition that causes the rectum to protrude through the vagina. Rectocele can happen when the thin layer of muscles separating the rectum from the vagina becomes weak. For women with rectocele, straining to have a bowel movement may be less effective because rectocele reduces the amount of downward force through the anus. The result may be retention of stool in the rectum. More research is needed to be sure rectocele increases the risk of fecal incontinence. Inactivity People who are inactive, especially those who spend many hours a day sitting or lying down, have an increased risk of retaining a large amount of stool in the rectum. Liquid stool can then leak around the more solid stool. Frail, older adults are most likely to develop constipation-related fecal incontinence for this reason.","Fecal incontinence is a condition where an individual loses control over their bowel movements, leading to the unintentional passage of feces. There are several potential causes of fecal incontinence:

1. **Diagnosis**: The first step in treating fecal incontinence is identifying its underlying cause. This can involve medical evaluation and diagnostic tests.

2. **Medical Evaluation**: A healthcare provider will conduct a thorough examination to determine the specific type of fecal incontinence experienced by the patient. Common types include urge incontinence (involuntary leakage due to strong urges), overflow incontinence (leakage when the bladder is full but not emptied), and mixed incontinence (a combination of both).

3. **Treatment Options**:
   - **Behavioral Interventions**: These may include pelvic floor exercises, biofeedback, or training programs that help improve control over bowel movements.
   - **Medications**: Certain medications can be prescribed to manage symptoms related to fecal incontinence, such as antidiarrheals for diarrhea-related incontinence or anti-spasmodics for urgency-associated incontinence.
   - **Surgical Procedures**: For severe cases, surgical interventions might be considered, including sacral nerve stimulation, col",10.425219010999967
How many people are affected by hypochondrogenesis ?,"Hypochondrogenesis and achondrogenesis, type 2 (a similar skeletal disorder) together affect 1 in 40,000 to 60,000 newborns.","Hypochondrogenesis is a rare genetic disorder that affects the development of the nervous system. It primarily impacts individuals during fetal development, leading to various neurological and developmental issues.

The exact number of people affected by hypochondrogenesis is not precisely known due to its rarity and the difficulty in diagnosing it early enough for accurate population statistics. However, estimates suggest that there may be fewer than 100 cases reported worldwide as of recent studies.

It's important to note that this figure can vary depending on how widely the condition is recognized and diagnosed. As medical knowledge advances and diagnostic tools improve, more cases might come to light over time. For precise figures, consulting current medical literature or databases dedicated to rare diseases would provide the most up-to-date information.",6.355446475999997
What is (are) Alzheimer's Disease ?,"Dementia is a loss of thinking, remembering, and reasoning skills that interferes with a persons daily life and activities. Alzheimers disease is the most common cause of dementia among older people. Dementia ranges in severity from the mild stage, when it is just beginning to affect a persons functioning, to the severe stage, when the person must depend completely on others for care.","Alzheimer's disease is a progressive neurodegenerative disorder characterized by the accumulation of beta-amyloid plaques and tau protein tangles in the brain. It primarily affects memory, thinking, and behavior, leading to cognitive decline and eventually severe dementia. The exact cause remains unknown, but it is believed to involve genetic factors, environmental influences, and lifestyle choices. There is no cure for Alzheimer's disease, but treatments aim to manage symptoms and slow progression. Early diagnosis through biomarkers can help with personalized treatment plans.",4.3770129639999595
Who is at risk for Endometrial Cancer? ?,"Key Points - Avoiding risk factors and increasing protective factors may help prevent cancer. - The following risk factors increase the risk of endometrial cancer: - Endometrial hyperplasia - Estrogen - Tamoxifen - Obesity, weight gain, metabolic syndrome, and diabetes - Genetic factors - The following protective factors decrease the risk of endometrial cancer: - Pregnancy and breast-feeding - Combination oral contraceptives - Physical activity - Cigarette smoking - It is not known if the following factors affect the risk of endometrial cancer: - Weight loss - Fruits, vegetables, and vitamins - Cancer prevention clinical trials are used to study ways to prevent cancer. - New ways to prevent endometrial cancer are being studied in clinical trials. Avoiding risk factors and increasing protective factors may help prevent cancer. Avoiding cancer risk factors may help prevent certain cancers. Risk factors include smoking, being overweight, and not getting enough exercise. Increasing protective factors such as quitting smoking and exercising may also help prevent some cancers. Talk to your doctor or other health care professional about how you might lower your risk of cancer. The following risk factors increase the risk of endometrial cancer: Endometrial hyperplasia Endometrial hyperplasia is an abnormal thickening of the endometrium (lining of the uterus). It is not cancer, but in some cases, it may lead to endometrial cancer. Estrogen Estrogen is a hormone made by the body. It helps the body develop and maintain female sex characteristics. Estrogen can affect the growth of some cancers, including endometrial cancer. A woman's risk of developing endometrial cancer is increased by being exposed to estrogen in the following ways: - Estrogen-only hormone replacement therapy: Estrogen may be given to replace the estrogen no longer produced by the ovaries in postmenopausal women or women whose ovaries have been removed. This is called hormone replacement therapy (HRT), or hormone therapy (HT). The use of HRT that contains only estrogen increases the risk of endometrial cancer and endometrial hyperplasia. For this reason, estrogen therapy alone is usually prescribed only for women who do not have a uterus. HRT that contains only estrogen also increases the risk of stroke and blood clots. When estrogen is combined with progestin (another hormone), it is called combination estrogen-progestin replacement therapy. For postmenopausal women, taking estrogen in combination with progestin does not increase the risk of endometrial cancer, but it does increase the risk of breast cancer. (See the Breast Cancer Prevention summary for more information.) - Early menstruation: Beginning to have menstrual periods at an early age increases the number of years the body is exposed to estrogen and increases a woman's risk of endometrial cancer. - Late menopause: Women who reach menopause at an older age are exposed to estrogen for a longer time and have an increased risk of endometrial cancer. - Never being pregnant: Because estrogen levels are lower during pregnancy, women who have never been pregnant are exposed to estrogen for a longer time than women who have been pregnant. This increases the risk of endometrial cancer. Tamoxifen Tamoxifen is one of a group of drugs called selective estrogen receptor modulators, or SERMs. Tamoxifen acts like estrogen on some tissues in the body, such as the uterus, but blocks the effects of estrogen on other tissues, such as the breast. Tamoxifen is used to prevent breast cancer in women who are at high risk for the disease. However, using tamoxifen for more than 2 years increases the risk of endometrial cancer. This risk is greater in postmenopausal women. Raloxifene is a SERM that is used to prevent bone weakness in postmenopausal women. However, it does not have estrogen-like effects on the uterus and has not been shown to increase the risk of endometrial cancer. Obesity, weight gain, metabolic syndrome, and diabetes Obesity, gaining weight as an adult, or having metabolic syndrome increases the risk of endometrial cancer. Obesity is related to other risk factors such as high estrogen levels, having extra fat around the waist, polycystic ovary syndrome, and lack of physical activity. Having metabolic syndrome increases the risk of endometrial cancer. Metabolic syndrome is a condition that includes extra fat around the waist, high blood sugar, high blood pressure, and high levels of triglycerides (a type of fat) in the blood. Genetic factors Hereditary nonpolyposis colon cancer (HNPCC) syndrome (also known as Lynch Syndrome) is an inherited disorder caused by changes in certain genes. Women who have HNPCC syndrome have a much higher risk of developing endometrial cancer than women who do not have HNPCC syndrome. Polycystic ovary syndrome (a disorder of the hormones made by the ovaries), and Cowden syndrome are inherited conditions that are linked to an increased risk of endometrial cancer. Women with a family history of endometrial cancer in a first-degree relative (mother, sister, or daughter) are also at increased risk of endometrial cancer. It is not known if the following factors affect the risk of endometrial cancer: Weight loss It is not known if losing weight decreases the risk of endometrial cancer. Fruits, vegetables, and vitamins A diet that includes, fruits, vegetables, phytoestrogen, soy, and vitamin D has not been found to affect the risk of endometrial cancer. Taking multivitamins has little or no effect on the risk of common cancers, including endometrial cancer.","Endometrial cancer can affect anyone, but certain factors increase the risk. These include:

- Being older than 50 years of age
- Having a family history of endometrial cancer or uterine polyps
- Being overweight or obese
- Using estrogen replacement therapy (estrogen only) without progesterone
- Having never been pregnant
- Having diabetes
- Having high blood pressure
- Having a uterus that has been removed due to fibroids

It's important to note that these are not guarantees and many women who have one or more of these risk factors do not develop endometrial cancer. Regular screening with a Pap test may help detect early signs of this disease. If you're concerned about your risk, talk to your healthcare provider. They can provide personalized advice based on your individual health status. Remember, prevention starts with awareness and regular check-ups! 🌟👩‍⚕️👩‍🔬👩‍💻👨‍🔬👨‍💻👨‍🔬👨‍💻👨‍🔬👨‍💻👨‍🔬👨‍💻👨‍🔬👨‍💻👨‍🔬👨‍💻👨‍🔬👨‍💻👨‍🔬👨�",10.47370743199997
What is (are) Mntriers Disease ?,"Mntriers disease causes the ridges along the inside of the stomach wallcalled rugaeto enlarge, forming giant folds in the stomach lining. The rugae enlarge because of an overgrowth of mucous cells in the stomach wall. In a normal stomach, mucous cells in the rugae release protein-containing mucus. The mucous cells in enlarged rugae release too much mucus, causing proteins to leak from the blood into the stomach. This shortage of protein in the blood is known as hypoproteinemia. Mntriers disease also reduces the number of acid-producing cells in the stomach, which decreases stomach acid. Mntriers disease is also called Mntrier disease or hypoproteinemic hypertrophic gastropathy.","MNTRIERS disease, also known as MNTRIERS syndrome or MNTRIERS-DE syndrome, is a rare genetic disorder characterized by the presence of multiple myeloma cells in the bone marrow. It is caused by mutations in the MYH11 gene and affects approximately 1 in every 20 million people worldwide.

The condition typically presents with symptoms such as fatigue, weight loss, anemia, and bone pain. The diagnosis is usually made through blood tests that detect elevated levels of certain proteins produced by the myeloma cells.

Treatment options for MNTRIERS include chemotherapy to reduce the number of myeloma cells, radiation therapy to shrink tumors, and stem cell transplantation if appropriate. In some cases, targeted therapies may be used to specifically target the mutated genes responsible for the disease.

While there is no cure for MNTRIERS disease, early detection and treatment can help manage symptoms and improve quality of life for affected individuals. Research into new treatments continues to advance understanding and potential cures for this complex genetic disorder.",8.63775806700005
Do you have information about Bowel Movement,"Summary : A bowel movement is the last stop in the movement of food through your digestive tract. Your stool passes out of your body through the rectum and anus. Another name for stool is feces. It is made of what is left after your digestive system (stomach, small intestine, and colon) absorbs nutrients and fluids from what you eat and drink. Sometimes a bowel movement isn't normal. Diarrhea happens when stool passes through the large intestine too quickly. Constipation occurs when stool passes through the large intestine too slowly. Bowel incontinence is a problem controlling your bowel movements. Other abnormalities with bowel movements may be a sign of a digestive problem. NIH: National Institute of Diabetes and Digestive and Kidney Diseases","Yes, I do. Bowel movement is the process of passing stool from the large intestine to the outside of the body through the anus. It's a normal bodily function that helps remove waste products and excess water from the digestive system.

Bowel movements can vary in frequency depending on factors such as diet, age, and overall health. For most adults, it's considered normal to have 1-3 bowel movements per day or up to 7 times per week. However, if someone experiences changes in their bowel habits, such as constipation (less than 2 bowel movements per week), diarrhea (more than 3 bowel movements per day), or blood in the stool, they should consult with a healthcare provider for further evaluation. These symptoms could indicate an underlying condition that requires medical attention.",6.453377929999988
What causes Hereditary fructose intolerance ?,"What causes hereditary fructose intolerance (HFI)? HFI is caused by alterations (mutations) in the ALDOB gene. This gene provides instructions for making an enzyme called aldolase B. This enzyme is primarily found in the liver and is involved in the breakdown of fructose into energy. Mutations in the ALDOB gene reduce the function of the enzyme, impairing its ability to metabolize fructose. This causes a toxic buildup of fructose-1-phosphate in liver cells, which results in the death of liver cells over time.","Hereditary fructose intolerance is caused by a deficiency of the enzyme aldolase B, which is responsible for breaking down fructose. This enzyme defect leads to an accumulation of fructose-1-phosphate in the liver and other tissues, causing symptoms such as vomiting, diarrhea, jaundice, and lethargy. The condition can be inherited in an autosomal recessive pattern, meaning that both parents must carry the gene mutation for their child to develop the disorder. Treatment typically involves avoiding foods containing fructose and using medications to manage symptoms. Early diagnosis through genetic testing is crucial for managing this condition effectively.",5.126044026000045
How many people are affected by hypochondroplasia ?,"The incidence of hypochondroplasia is unknown. Researchers believe that it may be about as common as achondroplasia, which occurs in 1 in 15,000 to 40,000 newborns. More than 200 people worldwide have been diagnosed with hypochondroplasia.","Hypochondroplasia is a rare genetic disorder that affects the growth and development of bones. It primarily affects children, with most cases diagnosed before the age of 10 years old. The condition can cause short stature and abnormal bone structure, particularly in the hands and feet.

While it's not common for adults to be affected by hypochondroplasia, some individuals may experience mild symptoms or complications later in life due to the underlying skeletal abnormalities. However, these cases are relatively uncommon compared to childhood onset.

In summary, hypochondroplasia predominantly impacts children, but there could potentially be adult cases as well, though they are less frequent. For precise numbers, one would need to consult medical databases or research studies specific to this condition.",6.227124881000009
What is (are) Lafora disease ?,"Lafora disease is an inherited, severe form of progressive myoclonus epilepsy. The condition most commonly begins with epileptic seizures in late childhood or adolescence. Other signs and symptoms include difficulty walking, muscle spasms (myoclonus) and dementia. Affected people also experience rapid cognitive deterioration that begins around the same time as the seizures. The condition is often fatal within 10 years of onset. Most cases are caused by changes (mutations) in either the EPM2A gene or the NHLRC1 gene and are inherited in an autosomal recessive manner. Treatment is based on the signs and symptoms present in each person.","Lafora disease, also known as Lafora body disease or Lafora dystrophy, is a rare genetic disorder that affects the nervous system. It's characterized by the formation of abnormal deposits called Lafora bodies in brain cells and other tissues.

These deposits are made up of glycogen, which is stored in excess in the cell membranes. The accumulation of these deposits leads to damage to nerve cells, causing symptoms such as seizures, loss of muscle control, and cognitive decline.

The condition can be inherited from parents who have the gene mutation responsible for the disease. There is no cure for Lafora disease, but treatments may help manage symptoms and improve quality of life. Early diagnosis and treatment are crucial for managing this progressive neurological disorder.",6.157367729000043
what research (or clinical trials) is being done for Ovarian Germ Cell Tumors ?,"New types of treatment are being tested in clinical trials. This summary section describes treatments that are being studied in clinical trials. It may not mention every new treatment being studied. Information about clinical trials is available from the NCI website. High-dose chemotherapy with bone marrow transplant High-dose chemotherapy with bone marrow transplant is a method of giving very high doses of chemotherapy and replacing blood -forming cells destroyed by the cancer treatment. Stem cells (immature blood cells) are removed from the bone marrow of the patient or a donor and are frozen and stored. After the chemotherapy is completed, the stored stem cells are thawed and given back to the patient through an infusion. These reinfused stem cells grow into (and restore) the bodys blood cells. New treatment options Combination chemotherapy (the use of more than one anticancer drug) is being tested in clinical trials. Patients may want to think about taking part in a clinical trial. For some patients, taking part in a clinical trial may be the best treatment choice. Clinical trials are part of the cancer research process. Clinical trials are done to find out if new cancer treatments are safe and effective or better than the standard treatment. Many of today's standard treatments for cancer are based on earlier clinical trials. Patients who take part in a clinical trial may receive the standard treatment or be among the first to receive a new treatment. Patients who take part in clinical trials also help improve the way cancer will be treated in the future. Even when clinical trials do not lead to effective new treatments, they often answer important questions and help move research forward. Patients can enter clinical trials before, during, or after starting their cancer treatment. Some clinical trials only include patients who have not yet received treatment. Other trials test treatments for patients whose cancer has not gotten better. There are also clinical trials that test new ways to stop cancer from recurring (coming back) or reduce the side effects of cancer treatment. Clinical trials are taking place in many parts of the country. See the Treatment Options section that follows for links to current treatment clinical trials. These have been retrieved from NCI's listing of clinical trials.","Ovarian germ cell tumors are a rare type of cancer that can occur in women. They arise from immature germ cells, which are the reproductive cells that develop into eggs or sperm.

Research and clinical trials related to ovarian germ cell tumors focus on understanding their biology, developing new treatments, and improving patient outcomes. Here are some key areas of investigation:

1. **Understanding the Genetics**: Researchers are studying the genetic mutations associated with ovarian germ cell tumors to identify potential targets for therapy.
2. **Targeted Therapies**: Clinical trials may explore targeted therapies such as immunotherapy, chemotherapy, and hormonal therapies tailored to specific molecular characteristics of these tumors.
3. **Immunotherapy**: There has been significant interest in using immune checkpoint inhibitors to treat ovarian germ cell tumors, particularly those with high levels of PD-L1 expression.
4. **Combination Therapies**: Combining different types of treatment, including surgery, radiation, and chemotherapy, might be more effective than single-agent treatments alone.
5. **Clinical Trials for New Treatments**: Various clinical trials are evaluating novel drugs and combinations of existing treatments aimed at improving survival rates and quality of life for patients with this condition.
6. **Early Detection and Screening**: Research is ongoing to develop better diagnostic tools and screening methods to",10.396683270999915
What is (are) Loin pain hematuria syndrome ?,"Loin pain hematuria syndrome (LPHS) is a condition that is characterized by persistent or recurrent loin pain and hematuria (blood in the urine). Other signs and symptoms include nausea and vomiting; a low-grade fever (up to 101F); and/or dysuria during episodes of pain. The exact underlying cause of LPHS is currently unknown; however, scientists suspect that it may be due to abnormalities of the glomerular basement membranes (the tissues in the kidney that filter blood); bleeding disorders; or crystal and/or stone formation in the kidneys. Treatment is symptomatic and usually consists of pain management.","Loin pain, hematuria and pyuria are the three main symptoms of loin pain hematuria syndrome. The term ""loin"" refers to the lower part of the body between the hips and the waist. Hematuria means blood in urine while pyuria means pus cells in urine.

The cause of this condition can be due to a variety of reasons such as kidney stones, urinary tract infection, bladder cancer or other diseases that affect the urinary system. It is important for patients with these symptoms to seek medical attention promptly to determine the underlying cause and receive appropriate treatment. Treatment may include antibiotics for infections, surgery for blockages or tumors, and lifestyle changes to manage risk factors such as obesity and smoking. In some cases, conservative management with medications may also be effective. Early diagnosis and treatment are crucial to prevent complications and improve outcomes.",7.028792623000072
What to do for What I need to know about Hepatitis B ?,"- Hepatitis B is a virus, or infection, that causes liver disease and inflammation of the liver. - Anyone can get hepatitis B, but some people are more likely to than others. - You could get hepatitis B through contact with an infected persons blood, semen, or other body fluid. - Most people do not have any symptoms of hepatitis B. Adults and children ages 5 and older may have symptoms. - See a doctor right away if you or a child in your care has symptoms of hepatitis B. - Acute hepatitis B is a short-term infection with the hepatitis B virus. - Chronic hepatitis B is a long-lasting infection with the hepatitis B virus. Chronic hepatitis B occurs when the body cant get rid of the hepatitis B virus. - Children, especially infants, are more likely to get chronic hepatitis B. - A blood test will show if you have hepatitis B. - If you are at higher risk of getting hepatitis B, get tested. If you are pregnant, you should also get tested. - Many people with hepatitis B do not know they are infected. Early diagnosis and treatment can help prevent liver damage. - Hepatitis B is usually not treated unless it becomes chronic. Chronic hepatitis B is treated with medicines that slow or stop the virus from damaging the liver. - You can avoid getting hepatitis B by receiving the hepatitis B vaccine. - Tell your doctor and your dentist if you have hepatitis B. - If you are pregnant and have hepatitis B, tell the doctor and staff who deliver your baby. - See your doctor right away if you think you have been in contact with the hepatitis B virus.","Hepatitis B is a viral infection that affects the liver. It can be caused by contact with infected blood or bodily fluids, and it can lead to serious health problems if left untreated.

To learn more about hepatitis B, you should:

1. Understand what it is: Hepatitis B is an infectious disease of the liver.
2. Know how it spreads: The virus is spread through contact with infected blood or other body fluids such as semen, vaginal secretions, and breast milk.
3. Recognize symptoms: Symptoms may include fatigue, nausea, vomiting, abdominal pain, dark urine, jaundice (yellowing of the skin and eyes), and joint pain.
4. Learn about prevention: Vaccination against hepatitis B is available and highly effective in preventing the disease.
5. Be aware of complications: Chronic hepatitis B can cause cirrhosis (scarring of the liver) and liver cancer.
6. Seek medical attention: If you suspect you have been exposed to hepatitis B, seek medical care immediately.
7. Follow treatment guidelines: Treatment options vary depending on the severity of the infection but may include antiviral medications and lifestyle changes.
8. Stay informed: Regular updates from reputable sources are important to stay up-to-date on new developments related to hepatitis B.",10.599376050999922
How many people are affected by Opitz G/BBB syndrome ?,"X-linked Opitz G/BBB syndrome is thought to affect 1 in 10,000 to 50,000 males, although it is likely that this condition is underdiagnosed. The incidence of autosomal dominant Opitz G/BBB syndrome is unknown. It is part of a larger condition known as 22q11.2 deletion syndrome, which is estimated to affect 1 in 4,000 people.","Opitz G/BBB syndrome is a rare genetic disorder that affects about 1 in every 20,000 to 30,000 individuals worldwide. This means that there are approximately 50-75 new cases diagnosed each year globally. The exact number of people affected can vary depending on the population being studied and the criteria used for diagnosis. It's important to note that this figure may not be comprehensive as some cases might go undiagnosed or misdiagnosed. For more accurate statistics, it would be best to consult with medical professionals or organizations specializing in genetic disorders.",5.210551614999986
How many people are affected by hereditary spherocytosis ?,"Hereditary spherocytosis occurs in 1 in 2,000 individuals of Northern European ancestry. This condition is the most common cause of inherited anemia in that population. The prevalence of hereditary spherocytosis in people of other ethnic backgrounds is unknown, but it is much less common.","Hereditary spherocytosis is a rare blood disorder that affects about 1 in every 50,000 to 100,000 individuals worldwide. This condition primarily impacts the red blood cells, which can lead to anemia and other complications if left untreated. The exact number of people affected varies depending on where you look for statistics, but it's generally considered to be relatively low compared to more common diseases like diabetes or heart disease. It's important to note that this figure may change as medical research continues to refine our understanding of the prevalence of various genetic disorders. For precise figures, consulting recent medical studies or databases dedicated to genetic conditions would provide the most accurate information.",5.900952819000054
What are the symptoms of Skin Cancer ?,"Early Detection is Important When skin cancer is found early, it is more likely to be treated successfully. Therefore, it is important to know how to recognize the signs of skin cancer in order to improve the chances of early diagnosis. Most non-melanoma skin cancers (basal cell carcinoma and squamous cell carcinoma) can be cured if found and treated early. Skin Changes A change on the skin is the most common sign of skin cancer. This may be a new growth, a sore that doesn't heal, or a change in an old growth. Not all skin cancers look the same. Sometimes skin cancer is painful, but usually it is not. Checking your skin for new growths or other changes is a good idea. Keep in mind that changes are not a sure sign of skin cancer. Still, you should report any changes to your health care provider right away. You may need to see a dermatologist, a doctor who has special training in the diagnosis and treatment of skin problems. A Mole That is Bleeding Also see a doctor if a mole is bleeding or if more moles appear around the first one. Most of the time, these signs are not cancer. Sometimes, it is not even a mole. Still, it is important to check with a doctor so that any problems can be diagnosed and treated as early as possible. Don't ignore your symptoms because you think they are not important or because you believe they are normal for your age. Signs of Melanoma Melanoma skin cancer is more difficult to treat, so it is important to check for signs and seek treatment as soon as possible. Use the following ABCDE rule to remember the symptoms of melanoma. See a doctor if you have a mole, birthmark, or other pigmented area of skin with A = Asymmetry. One half of the mole looks different than the other half. (top left image) B = Border. The edges are often ragged, notched, or blurred in outline. The pigment may spread into the surrounding skin. (top right image) C = Color. The mole is more than one color. Shades of black, brown, and tan may be present. Areas of white, gray, red, pink, or blue may also be seen.(bottom left image) D = Diameter.There is a change in size, usually an increase. Melanomas can be tiny, but most are larger than the size of a pea (larger than 6 millimeters or about 1/4 inch). (bottom right image) E = Evolving. The mole has changed over the past few weeks or months.","Skin cancer is a type of cancer that develops in the skin. It can occur at any age, but it's more common in people who have fair skin and those with a family history of skin cancer.

The most common types of skin cancer include:

1. **Basal Cell Carcinoma**: This is the most common form of skin cancer. It usually appears as a small, shiny bump or nodule on the skin. Basal cell carcinoma often grows slowly and rarely spreads to other parts of the body.

2. **Squamous Cell Carcinoma**: This type of skin cancer also tends to grow slowly and is less likely to spread than basal cell carcinoma. Squamous cell carcinomas may appear as a scaly patch or sore that doesn't heal.

3. **Melanoma**: Melanoma is the least common but most serious type of skin cancer. It typically presents as a new mole or an existing one that changes color, size, or shape. Melanoma can be deadly if not treated early.

Other symptoms of skin cancer might include:

- A change in the appearance of a mole or freckle
- A sore that won’t heal
- Redness or swelling around a wound
- Sores that don’t go away after",10.689358404000018
What are the symptoms of Urinary Tract Infections ?,"Symptoms of a UTI in the bladder may include - cloudy, bloody, or foul-smelling urine - pain or burning during urination - strong and frequent need to urinate, even right after emptying the bladder - a mild fever below 101 degrees Fahrenheit in some people. cloudy, bloody, or foul-smelling urine pain or burning during urination strong and frequent need to urinate, even right after emptying the bladder a mild fever below 101 degrees Fahrenheit in some people. If the UTI spreads to the kidneys, symptoms may include - chills and shaking - night sweats - feeling tired or generally ill - fever above 101 degrees Fahrenheit - pain in the side, back, or groin - flushed, warm, or reddened skin - mental changes or confusion - nausea and vomiting - very bad abdominal pain in some people. chills and shaking night sweats feeling tired or generally ill fever above 101 degrees Fahrenheit pain in the side, back, or groin flushed, warm, or reddened skin mental changes or confusion nausea and vomiting very bad abdominal pain in some people. Symptoms may differ depending on age, gender, and catheter use. In some elderly people, mental changes and confusion may be the only signs of a UTI. Older women and men with a UTI are more likely to be tired, shaky, and weak. They are also more likely to have muscle aches and abdominal pain. In a person with a catheter, the only symptom may be fever that does not have another likely cause. Learn more about the signs and symptoms of urinary tract infections in adults.","Urinary tract infections (UTIs) can cause a variety of symptoms, including:

- A frequent urge to urinate
- Pain or burning sensation during urination 
- Cloudy urine that may have an unpleasant odor
- Discomfort in the lower abdomen
- Fever and chills if the infection has spread beyond the bladder

If you experience any of these symptoms, it's important to see a healthcare provider for diagnosis and treatment. UTIs are common and usually easy to treat with antibiotics. Prompt medical attention is crucial to prevent complications such as kidney damage. Remember, only a doctor can diagnose UTI based on your symptoms and physical examination. If you suspect you have a UTI, seek medical advice promptly.",6.023070080000025
What are the symptoms of Tetraamelia with ectodermal dysplasia and lacrimal duct abnormalities ?,"What are the signs and symptoms of Tetraamelia with ectodermal dysplasia and lacrimal duct abnormalities? The Human Phenotype Ontology provides the following list of signs and symptoms for Tetraamelia with ectodermal dysplasia and lacrimal duct abnormalities. If the information is available, the table below includes how often the symptom is seen in people with this condition. You can use the MedlinePlus Medical Dictionary to look up the definitions for these medical terms. Signs and Symptoms Approximate number of patients (when available) Abnormality of metabolism/homeostasis - Absent lacrimal punctum - Autosomal recessive inheritance - Bulbous nose - Constipation - Cryptorchidism - Downturned corners of mouth - Ectodermal dysplasia - High, narrow palate - Hypoplastic lacrimal duct - Hypotrichosis - Intellectual disability - Preauricular pit - Sacral dimple - Tetraamelia - Umbilical hernia - Upslanted palpebral fissure - Wide mouth - The Human Phenotype Ontology (HPO) has collected information on how often a sign or symptom occurs in a condition. Much of this information comes from Orphanet, a European rare disease database. The frequency of a sign or symptom is usually listed as a rough estimate of the percentage of patients who have that feature. The frequency may also be listed as a fraction. The first number of the fraction is how many people had the symptom, and the second number is the total number of people who were examined in one study. For example, a frequency of 25/25 means that in a study of 25 people all patients were found to have that symptom. Because these frequencies are based on a specific study, the fractions may be different if another group of patients are examined. Sometimes, no information on frequency is available. In these cases, the sign or symptom may be rare or common.","Tetraamelia is a rare congenital malformation characterized by the presence of four eyelids. It can be associated with ectodermal dysplasia, which affects the development of various structures in the body, including hair, teeth, sweat glands, nails, and skin.

The symptoms of tetraamelia with ectodermal dysplasia may include:

1. **Eyelid Malformations**: The most prominent feature is the presence of four eyelids instead of two. These extra eyelids can vary in size and shape but typically cover the eyes completely or partially.

2. **Ectodermal Dysplasia**: This condition involves abnormal development of certain tissues derived from the ectoderm layer of the embryo. Symptoms can include:
   - **Hair**: Sparse or absent eyebrows, lashes, and/or pubic hair.
   - **Teeth**: Missing teeth (hypodontia) or severely underdeveloped teeth.
   - **Sweat Glands**: Absent or underdeveloped sweat glands leading to excessive sweating.
   - **Nails**: Thin, brittle, or missing fingernails and toenails.
   - **Skin**: Dry, scaly skin; possible hyperpigmentation or hypopigmentation.

3. **L",10.622737632000053
What is (are) Chronic Eosinophilic Leukemia ?,"Key Points - Chronic eosinophilic leukemia is a disease in which too many white blood cells (eosinophils) are made in the bone marrow. - Signs and symptoms of chronic eosinophilic leukemia include fever and feeling very tired. Chronic eosinophilic leukemia is a disease in which too many white blood cells (eosinophils) are made in the bone marrow. Eosinophils are white blood cells that react to allergens (substances that cause an allergic response) and help fight infections caused by certain parasites. In chronic eosinophilic leukemia, there are too many eosinophils in the blood, bone marrow, and other tissues. Chronic eosinophilic leukemia may stay the same for many years or it may progress quickly to acute leukemia.","Chronic eosinophilic leukemia (CEL) is a rare, chronic myeloproliferative neoplasm characterized by the presence of excessive numbers of eosinophils in the peripheral blood and bone marrow. The disease can be classified into two main types: classic CEL and atypical CEL.

Classic CEL is further divided into three subtypes based on the percentage of eosinophils in the bone marrow:

1. **Eosinophilia-mongoloid syndrome** (EMS): This subtype has an increased number of eosinophils but normal or low levels of other white blood cells.
2. **Mixed cellularity** (MC): In this subtype, there are both high numbers of eosinophils and elevated levels of other white blood cells such as lymphocytes, monocytes, and granulocytes.
3. **Lymphocytic predominant** (LP): This subtype involves a higher proportion of lymphocytes among the total white blood cell count.

Atypical CEL is less common than classic CEL and is characterized by a more diverse set of abnormalities, including dysplastic changes in the bone marrow and involvement of other hematopoietic lineages.

Both classic and atypical CEL share several clinical features, including:

- **Symptoms**: Fatigue",10.522354586000006
What are the genetic changes related to actin-accumulation myopathy ?,"Actin-accumulation myopathy is caused by a mutation in the ACTA1 gene. This gene provides instructions for making a protein called skeletal alpha ()-actin, which is a member of the actin protein family found in skeletal muscles. Actin proteins are important for cell movement and the tensing of muscle fibers (muscle contraction). Thin filaments made up of actin molecules and thick filaments made up of another protein called myosin are the primary components of muscle fibers and are important for muscle contraction. Attachment (binding) and release of the overlapping thick and thin filaments allows them to move relative to each other so that the muscles can contract. ACTA1 gene mutations that cause actin-accumulation myopathy may affect the way the skeletal -actin protein binds to ATP. ATP is a molecule that supplies energy for cells' activities, and is important in the formation of thin filaments from individual actin molecules. Dysfunctional actin-ATP binding may result in abnormal thin filament formation and impair muscle contraction, leading to muscle weakness and the other signs and symptoms of actin-accumulation myopathy. In some people with actin-accumulation myopathy, no ACTA1 gene mutations have been identified. The cause of the disorder in these individuals is unknown.","Actin accumulation myopathies (ACMs) are a group of rare, inherited muscle diseases characterized by excessive accumulation of actin in skeletal muscles. These conditions can lead to weakness and difficulty with movement.

The primary genetic change associated with ACMs is an abnormality in the gene that codes for the alpha-actinin protein. Alpha-actinin is a key component of the sarcomere, which is the functional unit of muscle tissue. In people with ACMs, there is an overproduction or misfolding of alpha-actinin, leading to its accumulation within muscle cells.

This excess alpha-actinin disrupts normal muscle function, causing symptoms such as muscle pain, fatigue, and weakness. The severity of these symptoms can vary widely among individuals with ACMs, depending on the specific mutation involved and how it affects the production and function of alpha-actinin.

In some cases, ACMs may also be caused by mutations in other genes that regulate muscle development or function, but the most common cause is a defect in the alpha-actinin gene. Understanding the genetic basis of ACMs has led to advances in diagnosis and treatment, including targeted therapies aimed at reducing actin levels in affected muscles. However, more research is needed to fully understand all aspects of these",10.417427864999922
What are the treatments for Ollier disease ?,"How might Ollier disease be treated? There is no specific medical treatment for Ollier disease. Surgery is indicated in cases where complications (pathological fractures, growth defect, malignant transformation) arise.","Ollier disease is a rare genetic disorder that causes abnormal growth of bone in the hands and feet. The condition can be treated with surgery to remove excess bone, which helps improve mobility and reduce pain.

Surgical treatment options include:

1. **Bone Resection**: This involves removing part or all of the affected bones to relieve pressure on nerves and blood vessels.
2. **Grafting**: In some cases, doctors may use bone grafts from other parts of the body (autograft) or artificial materials (allograft) to replace removed bone.
3. **Joint Fusion**: For severe cases where joint damage is significant, fusion procedures can be performed to stabilize the joints and alleviate pain.

It's important to note that while these surgeries can help manage symptoms, they do not cure the underlying genetic disorder. Regular follow-up care and monitoring by a healthcare professional are essential to ensure proper healing and prevent complications. Additionally, lifestyle modifications such as physical therapy and orthotic devices might also be recommended to aid in managing symptoms and improving quality of life.",8.786470321000024
What to do for Nutrition for Early Chronic Kidney Disease in Adults ?,"- Controlling blood glucose and blood pressure through healthy food choices is an important step toward slowing or stopping the progression of chronic kidney disease (CKD). - The kidneys remove wastes and extra water from the blood and make urine. - Millions of Americans are at risk for developing CKD because they have diabetes, high blood pressure, or both. - People with either type 1 or type 2 diabetes must choose foods carefully to control their blood glucose. Following a meal plan to keep blood glucose at a healthy level may prevent CKD from developing. - Controlling blood pressure through healthy food choices and regular physical activity can delay or prevent the development of CKD. People with CKD should try to keep their blood pressure below 140/90 mmHg. - Medical nutrition therapy (MNT) is the use of counseling by a registered dietitian to help promote a medical or health goal. - Dietitians who specialize in helping people with CKD are called renal dietitians. - Learning how to read and understand lab reports lets a person see how different foods can affect the kidneys. Patients can ask their doctor for copies of their lab reports and ask to have them explained, noting any results out of the normal range.","Nutrition is a critical component of managing early chronic kidney disease (CKD) in adults. Here are some key points to consider:

1. **Balanced Diet**: Focus on a balanced diet that includes plenty of fruits, vegetables, whole grains, lean proteins, and healthy fats.

2. **Limit Protein Intake**: Reduce protein intake as the kidneys become less efficient at filtering waste products from the blood. This can help slow the progression of CKD.

3. **Monitor Potassium Levels**: People with advanced CKD may need to limit their potassium intake due to increased risk of hyperkalemia (high potassium levels).

4. **Calcium and Phosphorus Management**: Ensure adequate calcium intake while limiting phosphorus to prevent complications like osteoporosis.

5. **Fluid Intake**: Adjust fluid intake based on your body weight and symptoms. Some people might need to restrict fluids if they have swelling or high blood pressure.

6. **Avoid Unnecessary Medications**: Certain medications can be harmful to the kidneys; discuss any new prescriptions with your healthcare provider.

7. **Regular Monitoring**: Regularly check your blood tests to monitor kidney function and adjust dietary recommendations accordingly.

8. **Consultation with a Dietitian**: A registered dietitian can provide personalized advice tailored to",10.444264545000124
what research (or clinical trials) is being done for Ovarian Low Malignant Potential Tumors ?,"New types of treatment are being tested in clinical trials. Information about clinical trials is available from the NCI Web site. Patients may want to think about taking part in a clinical trial. For some patients, taking part in a clinical trial may be the best treatment choice. Clinical trials are part of the medical research process. Clinical trials are done to find out if new treatments are safe and effective or better than the standard treatment. Many of today's standard treatments for disease are based on earlier clinical trials. Patients who take part in a clinical trial may receive the standard treatment or be among the first to receive a new treatment. Patients who take part in clinical trials also help improve the way diseases will be treated in the future. Even when clinical trials do not lead to effective new treatments, they often answer important questions and help move research forward. Patients can enter clinical trials before, during, or after starting their treatment. Some clinical trials only include patients who have not yet received treatment. Other trials test treatments for patients whose disease has not gotten better. There are also clinical trials that test new ways to stop a disease from recurring (coming back) or reduce the side effects of treatment. Clinical trials are taking place in many parts of the country. See the Treatment Options section that follows for links to current treatment clinical trials. These have been retrieved from NCI's clinical trials database.","Ovarian low malignant potential tumors are a type of ovarian cancer that has the potential to become more aggressive over time. Research and clinical trials are ongoing to better understand these tumors, their biology, and how they can be treated.

One area of focus in this research is understanding the genetic mutations that drive the growth of these tumors. This includes identifying specific genes or gene combinations that may contribute to the development and progression of low malignant potential tumors.

Another important aspect of research is developing new treatments for these tumors. This could include exploring the use of targeted therapies, immunotherapies, or other novel approaches to treat these cancers.

Clinical trials are also an important part of this research effort. These studies allow researchers to test new treatments or therapies on a small group of patients before they are widely available. By participating in clinical trials, patients have access to potentially life-saving treatments that might not otherwise be available to them.

Overall, the goal of research into ovarian low malignant potential tumors is to improve our understanding of these cancers, develop new treatments, and ultimately save lives.",8.71187565199989
What is (are) familial thoracic aortic aneurysm and dissection ?,"Familial thoracic aortic aneurysm and dissection (familial TAAD) involves problems with the aorta, which is the large blood vessel that distributes blood from the heart to the rest of the body. Familial TAAD affects the upper part of the aorta, near the heart. This part of the aorta is called the thoracic aorta because it is located in the chest (thorax). Other vessels that carry blood from the heart to the rest of the body (arteries) can also be affected. In familial TAAD, the aorta can become weakened and stretched (aortic dilatation), which can lead to a bulge in the blood vessel wall (an aneurysm). Aortic dilatation may also lead to a sudden tearing of the layers in the aorta wall (aortic dissection), allowing blood to flow abnormally between the layers. These aortic abnormalities are potentially life-threatening because they can decrease blood flow to other parts of the body such as the brain or other vital organs, or cause the aorta to break open (rupture). The occurrence and timing of these aortic abnormalities vary, even within the same affected family. They can begin in childhood or not occur until late in life. Aortic dilatation is generally the first feature of familial TAAD to develop, although in some affected individuals dissection occurs with little or no aortic dilatation. Aortic aneurysms usually have no symptoms. However, depending on the size, growth rate, and location of these abnormalities, they can cause pain in the jaw, neck, chest, or back; swelling in the arms, neck, or head; difficult or painful swallowing; hoarseness; shortness of breath; wheezing; a chronic cough; or coughing up blood. Aortic dissections usually cause severe, sudden chest or back pain, and may also result in unusually pale skin (pallor), a very faint pulse, numbness or tingling (paresthesias) in one or more limbs, or paralysis. Familial TAAD may not be associated with other signs and symptoms. However, some individuals in affected families show mild features of related conditions called Marfan syndrome or Loeys-Dietz syndrome. These features include tall stature, stretch marks on the skin, an unusually large range of joint movement (joint hypermobility), and either a sunken or protruding chest. Occasionally, people with familial TAAD develop aneurysms in the brain or in the section of the aorta located in the abdomen (abdominal aorta). Some people with familial TAAD have heart abnormalities that are present from birth (congenital). Affected individuals may also have a soft out-pouching in the lower abdomen (inguinal hernia), an abnormal curvature of the spine (scoliosis), or a purplish skin discoloration (livedo reticularis) caused by abnormalities in the tiny blood vessels of the skin (dermal capillaries). However, these conditions are also common in the general population. Depending on the genetic cause of familial TAAD in particular families, they may have an increased risk of developing blockages in smaller arteries, which can lead to heart attack and stroke.","Familial thoracic aortic aneurysms are genetic disorders that cause the walls of the chest aorta to weaken, leading to bulging or ballooning. This condition can be inherited in an autosomal dominant pattern, meaning one copy of the mutated gene from either parent increases the risk of developing the disorder.

Dissection occurs when there's a tear in the inner layer of the aorta, allowing blood to leak into the layers between them. This can lead to serious complications if not treated promptly. Familial thoracic aortic aneurysms may also predispose individuals to other cardiovascular conditions such as coronary artery disease and peripheral arterial disease due to the weakening of the aorta. Regular medical monitoring and early intervention are crucial for managing these risks.",6.238507398000138
Is X-linked thrombocytopenia inherited ?,"This condition is inherited in an X-linked pattern. The gene associated with this condition is located on the X chromosome, which is one of the two sex chromosomes. In females (who have two X chromosomes), a mutation in one of the two copies of the gene in each cell may or may not cause the disorder. In males (who have only one X chromosome), a mutation in the only copy of the gene in each cell causes the disorder. In most cases of X-linked inheritance, males experience more severe symptoms of the disorder than females. A characteristic of X-linked inheritance is that fathers cannot pass X-linked traits to their sons.","Yes, X-linked thrombocytopenia is an X-linked recessive disorder. It's caused by a mutation in the gene that codes for platelet-producing cells (megakaryocytes) on the X chromosome. This means it can be passed down from parents to their children through the mother, who carries the mutated gene. If both parents are carriers of the same X-linked trait, there's a 25% chance they'll have a child with the condition. The affected child will inherit one copy of the mutant gene and one normal gene, which results in the disease being expressed only if the other parent also has the mutant gene. Females are more likely than males to carry the gene because they have two X chromosomes, so having just one mutant gene doesn't cause symptoms but makes them carriers. Males, however, have only one X chromosome and therefore always express the condition if they inherit the mutant gene.",7.731699168999967
What are the symptoms of Gangliocytoma ?,"What are the signs and symptoms of gangliocytomas? Signs and symptoms caused by the presence of a gangliocytoma can vary depending on the tumor's location. Seizures are the most common symptom. Other symptoms may include increased brain pressure, endocrine disorders, and focal symptoms. Gangliocytomas can also be asymptomatic (cause no symptoms) and may be diagnosed incidentally on imaging studies.","Gangliocytomas are benign tumors that arise from neural crest cells. They can occur in various parts of the body, including the brain and spinal cord.

Symptoms of gangliocytomas depend on their location:

1. **Brain Tumors:**
   - Headaches
   - Seizures
   - Changes in personality or behavior
   - Vision problems (blurred vision, double vision)
   - Nausea and vomiting
   - Difficulty with balance or coordination

2. **Spinal Cord Tumors:**
   - Back pain
   - Weakness or numbness in one arm or leg
   - Loss of sensation in the legs or feet
   - Difficulty walking or standing up straight
   - Bowel or bladder dysfunction

3. **Other Locations:**
   - Involuntary muscle movements (dystonia) if located near motor neurons
   - Hearing loss if located near auditory nerves

4. **General Symptoms:**
   - Fatigue
   - Weight changes
   - Fever
   - Swelling around the tumor site

It's important to note that these symptoms can also be caused by other conditions and may not necessarily indicate a gangliocytoma. If you experience any of",10.486509391000027
What are the treatments for carnitine palmitoyltransferase I deficiency ?,These resources address the diagnosis or management of CPT I deficiency: - Baby's First Test - FOD (Fatty Oxidation Disorders) Family Support Group: Diagnostic Approach to Disorders of Fat Oxidation - Information for Clinicians - Gene Review: Gene Review: Carnitine Palmitoyltransferase 1A Deficiency - Genetic Testing Registry: Carnitine palmitoyltransferase I deficiency These resources from MedlinePlus offer information about the diagnosis and management of various health conditions: - Diagnostic Tests - Drug Therapy - Surgery and Rehabilitation - Genetic Counseling - Palliative Care,"Carnitine palmitoyltransferase I (CPTI) deficiency is a rare genetic disorder that affects the body's ability to process certain fats. The main treatment for this condition involves managing symptoms and preventing complications.

1. **Dietary Management**: Patients with CPTI deficiency need to follow a low-fat diet, which means avoiding foods high in saturated fat and cholesterol. This helps reduce the buildup of fatty acids in the blood and organs.

2. **Supplementation**: In some cases, patients may be prescribed supplements containing L-carnitine or acetyl-L-carnitine. These substances help transport fatty acids into cells where they can be used as energy sources.

3. **Monitoring and Care**: Regular monitoring by healthcare professionals is crucial to manage the condition effectively. This includes regular blood tests to check levels of fatty acids and other markers related to the disease.

4. **Physical Activity**: Encouraging physical activity within the limits set by the patient’s doctor can improve overall health and well-being. However, it should be done under medical supervision to avoid exacerbating muscle weakness or other issues.

5. **Supportive Therapies**: Depending on specific symptoms, supportive therapies such as physiotherapy or occupational therapy might be recommended to address any",10.467721454999946
What is (are) Hemochromatosis ?,"Hemochromatosis is a condition in which too much iron builds up in the body (iron overload). Accumulation of iron in the organs is toxic and can result in organ failure. While many organs can be affected, it may especially affect the liver, heart, and pancreas. Symptoms of hemochromatosis tend to develop gradually and often don't appear until middle age or later. The condition may not be diagnosed until iron accumulation is excessive. Early symptoms may be vague, such as fatigue or weakness. Other symptoms or features may include joint pain, abdominal pain, loss of sex drive, arthritis, liver disease, diabetes, heart problems, and skin discoloration. Hemochromatosis may be hereditary or acquired (secondary) due to another condition such as anemia, chronic liver disease, or an infection. There is also a neonatal form. Hereditary hemochromatosis is classified by type based on age of onset, genetic cause and mode of inheritance: Hemochromotosis type 1 Hemochromatosis type 2 Hemochromatosis type 3 Hemochromatosis type 4 Treatment usually involves removing blood (phlebotomy), which prevents additional organ damage but does not reverse existing damage.","Hemochromatosis is a genetic disorder that causes the body to absorb too much iron from food. This excess iron can build up in organs and tissues, leading to damage over time.

There are two main types of hemochromatosis:

1. **Hereditary Hemochromatosis**: Caused by mutations in the HFE gene, which affects how the body processes iron.
2. **Secondary Hemochromatosis**: Occurs when other conditions or medications increase the absorption of iron, such as alcoholism, certain medications, or blood transfusions.

Symptoms may include fatigue, joint pain, skin discoloration, diabetes, liver disease, and heart problems. Diagnosis typically involves measuring serum ferritin levels and assessing liver function tests. Treatment usually involves regular blood donation to remove excess iron from the bloodstream.",6.8936841079998885
What are the symptoms of Intestinal Pseudo-obstruction ?,"Intestinal pseudo-obstruction symptoms may include - abdominal swelling or bloating, also called distension - abdominal pain - nausea - vomiting - constipation - diarrhea Over time, the condition can cause malnutrition, bacterial overgrowth in the intestines, and weight loss. Malnutrition is a condition that develops when the body does not get the right amount of the vitamins, minerals, and other nutrients it needs to maintain healthy tissues and organ function. Some people develop problems with their esophagus, stomach, or bladder.","Intestinal pseudoobstruction is a condition in which the intestines do not move properly, causing abdominal pain and bloating. The exact cause of intestinal pseudoobstruction is unknown, but it may be caused by damage to the nerves or muscles that control the movement of the intestines.

Symptoms of intestinal pseudoobstruction include:

- Abdominal pain
- Bloating 
- Diarrhea or constipation
- Nausea
- Vomiting

If you experience any of these symptoms, it's important to see your doctor for further evaluation and treatment. Treatment options may include medications, dietary changes, and sometimes surgery. It's also important to maintain good hydration and nutrition while undergoing treatment. 

Please note that this information is general and should not replace professional medical advice. If you have concerns about your health, please consult with a healthcare provider.",7.197399474000122
What causes Problems with Smell ?,"Problems with smell happen for many reasons, some clearer than others. Loss of smell may be permanent or temporary, depending on the cause. Effects of Aging As with vision and hearing, people gradually lose their ability to smell as they get older. Smell that declines with age is called presbyosmia and is not preventable. Age is only one of the many reasons that problems with smell can occur. Most people who develop a problem with smell have recently had an illness or injury. Common Causes The common causes of smell disorders are - sinus and upper respiratory infections - aging - smoking - nasal polyps - head injury - allergies - hormonal disturbances - dental problems - exposure to certain chemicals - numerous medications - radiation for treatment of head and neck cancers - diseases of the nervous system. sinus and upper respiratory infections aging smoking nasal polyps head injury allergies hormonal disturbances dental problems exposure to certain chemicals numerous medications radiation for treatment of head and neck cancers diseases of the nervous system. Sinus and Upper Respiratory Infections. The most common causes of smell problems are the common cold and chronic nasal or sinus infection. Respiratory infections such as the flu can lead to smell disorders. Swollen sinuses and nasal passages often result in problems with smell because the odors in the air do not have good access to the olfactory sensory cells. These conditions may cause total or partial loss of smell. The problem usually diminishes or goes away when the underlying medical condition clears up. Aging. Problems with smell become more common as people get older. A person's sense of smell generally declines when he or she is over 60. Smoking. Tobacco smoking is the most concentrated form of pollution that most people are exposed to. It impairs the ability to identify and enjoy odors. Nasal Polyps. Loss of smell can be caused by nasal polyps, which are small, non-cancerous growths in the nose or sinuses that can block the ability of odors to reach olfactory sensory cells high up in the nose. In rare cases, benign non-malignant tumors grow on the olfactory nerves leading to the brain, causing a loss of smell. Previous surgery or trauma to the head can impair your sense of smell because the olfactory nerves may be cut, blocked, or physically damaged. Automobile accidents are among the most frequent causes of trauma to the face and head. Allergies. If your smell disorder is caused by allergies and seasonal nasal congestion, you should avoid allergens, such as ragweed, grasses, and pet dander. Exposure to Certain Chemicals. Sometimes exposure to certain chemicals, such as insecticides and solvents, can permanently damage the sense of smell. Medications. If you are taking certain medicines, you may notice a change in your ability to smell. Certain medications, including some common antibiotics and antihistamines, can cause problems with smell. The sense of smell usually returns to normal when you stop taking the medicine. Radiation Treatment. People with head and neck cancers who receive radiation treatment to the nose and mouth regions commonly experience problems with their sense of smell and taste as an unfortunate side effect. Older people who have lost their larynx or voice box commonly complain of poor ability to smell and taste. Diseases of the Nervous System. Sometimes a problem with smell can be a sign of a more serious health problem. This might include diseases of the nervous system, such as Parkinson's disease or Alzheimer's disease. Loss of smell may be the first sign that something is wrong. Check with your doctor if you've been experiencing a problem with your sense of smell for a while. You may be able to prevent or get early treatment for a more serious health problem.","Problems with smell can be caused by a variety of factors, including:

1. **Infections**: Bacterial or fungal infections in the nose or sinuses can cause persistent nasal congestion and reduced sense of smell.
2. **Allergies**: Allergic reactions to environmental allergens like pollen, dust mites, or pet dander can lead to inflammation of the nasal passages, causing symptoms such as runny nose, sneezing, and decreased sense of smell.
3. **Sinusitis**: Inflammation of the sinuses (sinusitis) can block the natural flow of air through the nasal passages, leading to blocked noses, facial pain, and difficulty smelling.
4. **Head Trauma**: A blow to the head can damage the olfactory nerve or disrupt normal function of the brain regions involved in processing smells.
5. **Smoking**: Long-term exposure to tobacco smoke can irritate the lining of the nose and throat, reducing sensitivity to odors.
6. **Age-related changes**: As people age, their ability to detect certain scents may decline due to changes in the olfactory system.
7. **Medications**: Some medications, particularly those used for high blood pressure, antidepressants, and antipsychotics, can affect",10.449152794999918
How to diagnose Laryngeal Cancer ?,"Tests that examine the throat and neck are used to help detect (find), diagnose, and stage laryngeal cancer.The following tests and procedures may be used: - Physical exam of the throat and neck: An exam to check the throat and neck for abnormal areas. The doctor will feel the inside of the mouth with a gloved finger and examine the mouth and throat with a small long-handled mirror and light. This will include checking the insides of the cheeks and lips; the gums; the back, roof, and floor of the mouth; the top, bottom, and sides of the tongue; and the throat. The neck will be felt for swollen lymph nodes. A history of the patients health habits and past illnesses and medical treatments will also be taken. - Biopsy : The removal of cells or tissues so they can be viewed under a microscope by a pathologist to check for signs of cancer. The sample of tissue may be removed during one of the following procedures: - Laryngoscopy : A procedure to look at the larynx (voice box) for abnormal areas. A mirror or a laryngoscope (a thin, tube-like instrument with a light and a lens for viewing) is inserted through the mouth to see the larynx. A special tool on the laryngoscope may be used to remove samples of tissue. - Endoscopy : A procedure to look at organs and tissues inside the body, such as the throat, esophagus, and trachea to check for abnormal areas. An endoscope (a thin, lighted tube with a light and a lens for viewing) is inserted through an opening in the body, such as the mouth. A special tool on the endoscope may be used to remove samples of tissue. - CT scan (CAT scan): A procedure that makes a series of detailed pictures of areas inside the body, taken from different angles. The pictures are made by a computer linked to an x-ray machine. A dye may be injected into a vein or swallowed to help the organs or tissues show up more clearly. This procedure is also called computed tomography, computerized tomography, or computerized axial tomography. - MRI (magnetic resonance imaging): A procedure that uses a magnet, radio waves, and a computer to make a series of detailed pictures of areas inside the body. This procedure is also called nuclear magnetic resonance imaging (NMRI). - PET scan (positron emission tomography scan): A procedure to find malignant tumor cells in the body. A small amount of radioactive glucose (sugar) is injected into a vein. The PET scanner rotates around the body and makes a picture of where glucose is being used in the body. Malignant tumor cells show up brighter in the picture because they are more active and take up more glucose than normal cells do. - Bone scan : A procedure to check if there are rapidly dividing cells, such as cancer cells, in the bone. A very small amount of radioactive material is injected into a vein and travels through the bloodstream. The radioactive material collects in the bones and is detected by a scanner. - Barium swallow : A series of x-rays of the esophagus and stomach. The patient drinks a liquid that contains barium (a silver-white metallic compound). The liquid coats the esophagus and stomach, and x-rays are taken. This procedure is also called an upper GI series.","Laryngeal cancer is a serious condition that requires prompt diagnosis and treatment. Here are some steps you can take to diagnose laryngeal cancer:

1. **Symptoms**: Look for symptoms such as hoarseness, difficulty swallowing, pain in the throat or neck, coughing, and changes in voice.

2. **Medical History**: Discuss your medical history with your doctor, including any family history of cancer, smoking habits, alcohol use, and exposure to certain chemicals.

3. **Physical Examination**: Your doctor will perform a physical examination of your throat and neck, looking for signs of inflammation, swelling, or abnormal growths.

4. **Throat Swab Test**: A swab test may be performed to collect cells from the back of your throat and examine them under a microscope for signs of cancer.

5. **Biopsy**: If suspicious areas are found during the exam, a biopsy may be performed to remove tissue samples for further analysis.

6. **Imaging Tests**: Imaging tests such as CT scans, MRI, or PET scans may be used to get a better view of the affected area and determine if cancer has spread.

7. **Blood Tests**: Blood tests may also be conducted to check for markers associated with cancer.

8. **Follow-Up",10.602046016000031
what research (or clinical trials) is being done for Pinched Nerve ?,"Within the NINDS research programs, pinched nerves are addressed primarily through studies associated with pain research. NINDS vigorously pursues a research program seeking new treatments for pain and nerve damage with the ultimate goal of reversing debilitating conditions such as pinched nerves.","Pinched nerve, also known as a radiculopathy, occurs when the spinal cord or nerve roots are compressed. This can cause pain, numbness, tingling, and weakness in the affected area.

There have been several studies on pinched nerves:

1. **Spinal Cord Stimulation**: A study published in 2019 in the journal ""Neurology"" found that spinal cord stimulation was effective in reducing pain associated with chronic low back pain. The study involved 36 patients who had failed to respond to other treatments like physical therapy and medication.

2. **Physical Therapy**: Research has shown that physical therapy can be an effective treatment option for managing symptoms of pinched nerves. A systematic review published in 2018 in the journal ""Evidence-Based Complementary and Alternative Medicine"" concluded that physical therapy could help reduce pain and improve function in individuals with sciatica.

3. **Acupuncture**: Acupuncture has been used for centuries to treat various conditions, including musculoskeletal disorders such as pinched nerves. A meta-analysis published in 2017 in the journal ""Complementary Therapies in Clinical Practice"" suggested that acupuncture may provide some relief from lower back pain, although more high-quality studies are needed.

4. **",10.577812211000037
Is Bartter syndrome inherited ?,"How is Bartter syndrome inherited? Bartter syndrome is inherited in an autosomal recessive manner, which means that both copies of the disease-causing gene (one inherited from each parent) have a mutation in an affected individual. Parents who each carry one mutated copy of the gene are referred to as carriers and typically do not have signs or symptoms of the condition. When two carriers for an autosomal recessive condition have children, each child has a 25% (1 in 4) risk to have the condition, a 50% (1 in 2) risk to be a carrier like each of the parents, and a 25% chance to not have the condition and not be a carrier. Click here to visit the Genetic Home Reference Web site and view an illustration that demonstrates autosomal recessive inheritance.","Bartter syndrome is an autosomal recessive genetic disorder. It is caused by mutations in the genes that encode for the sodium channels, which are responsible for regulating the movement of sodium ions across cell membranes.

The condition is characterized by a variety of symptoms including hypokalemia (low potassium levels), hyperchloremic metabolic alkalosis, and hypomagnesemia (low magnesium levels). These symptoms can be severe enough to cause kidney damage and other complications if left untreated.

Because Bartter syndrome is caused by mutations in specific genes, it is not considered a hereditary disease in the traditional sense. However, individuals with Bartter syndrome may have a family history of similar symptoms due to the underlying genetic mutation. In some cases, parents or siblings of affected individuals may also carry the gene mutation but do not show any symptoms themselves. This means that while Bartter syndrome itself is not passed down from parent to child, there is a risk of passing on the gene mutation to future generations.",8.296210059000032
How to prevent What I need to know about Gestational Diabetes ?,"You can do a lot to prevent or delay type 2 diabetes by making these lifestyle changes: - Reach and stay at a healthy weight. Try to reach your prepregnancy weight 6 to 12 months after your baby is born. Then, if you still weigh too much, work to lose at least 5 to 7 percent of your body weight and keep it off. For example, if you weigh 200 pounds, losing 10 to 14 pounds can greatly reduce your chance of getting diabetes. - Be physically active for at least 30 minutes most days of the week. - Follow a healthy eating plan. Eat more grains, fruits, and vegetables. Cut down on fat and calories. Your health care team can help you design a meal plan. - Ask your doctor if you should take the diabetes medicine metformin. Metformin can lower your chances of having type 2 diabetes, especially if you are younger and heavier and have prediabetes or if you have had gestational diabetes. These changes can help you enjoy a longer, healthier life. Your health care team can give you information and support to help you make these changes. By delaying or preventing type 2 diabetes, you will also lower your chances of having heart and blood vessel disease and other problems as you get older. Talk with your doctor if you are thinking about having another baby. For the safety of your baby, your blood glucose needs to be at healthy levels before you get pregnant again. Your doctor can help ensure you are ready for your next child.","Gestational diabetes is a type of diabetes that occurs during pregnancy. It can be prevented by making healthy lifestyle choices, such as eating a balanced diet and exercising regularly. Additionally, women who have had gestational diabetes in the past are at higher risk for developing it again in future pregnancies. If you have any concerns or questions about your risk for gestational diabetes, speak with your healthcare provider. They can provide personalized advice based on your individual health history and medical needs. Remember, early detection and management of gestational diabetes can help ensure a safe delivery and reduce the risk of complications for both mother and baby.",5.0081890180001665
How to diagnose Heart Failure ?,"Diagnosing Heart Failure There is not one specific test to diagnose heart failure. Because the symptoms are common for other conditions, your doctor will determine if you have heart failure by doing a detailed medical history, an examination, and several tests. The tests will identify whether you have any diseases or conditions that can cause heart failure. They will also rule out any other causes of your symptoms and determine the amount of damage to your heart. During a physical examination, you can expect your doctor to listen to your heart for abnormal sounds and listen to your lungs for a buildup of fluid. Your doctor will also look for swelling in your ankles, feet, legs, abdomen, and in the veins in your neck If your doctor determines that you have signs of heart failure, he or she may order several tests. Diagnostic Tests Tests that are given to determine heart failure include an electrocardiogram (EKG or ECG), a chest x-ray, and a BNP blood test. An EKG or ECG -- electrocardiogram -- measures the rate and regularity of your heartbeat. This test can also show if you have had a heart attack and whether the walls of your heart have thickened. A chest X-ray takes a picture of your heart and lungs. It will show whether your heart is enlarged or your lungs have fluid in them, both signs of heart failure. A BNP blood test measures the level of a hormone in your blood called BNP -- brain natriuretic peptide -- that increases in heart failure. Once these initial tests have been performed, your doctor may decide to send you to a cardiologist, a specialist in the diagnosis and treatment of heart disease. A cardiologist will perform a physical exam and may order other tests. Other Tests Tests that can identify the cause of heart failure include an echocardiogram, a Holter monitor, and an exercise stress test. An echocardiogram is one of the most useful tests for diagnosing heart failure. This test uses sound waves to create a picture of the heart and shows how well the heart is filling with blood. Your doctor uses this test to determine whether any areas of your heart are damaged. A Holter monitor, which is a small box that is attached to patches placed on your chest. The monitor, which is worn for 24 hours, provides a continuous recording of heart rhythm during normal activity. An exercise stress test captures your EKG and blood pressure before, during, or after exercise to see how your heart responds to exercise. This test tells doctors how your heart responds to activity.","Heart failure is a condition in which the heart cannot pump enough blood to meet the body's needs. It can be caused by various factors, including coronary artery disease, high blood pressure, and diabetes.

To diagnose heart failure, your doctor will likely perform a physical exam, review your medical history, and order diagnostic tests such as an electrocardiogram (ECG), echocardiogram, chest X-ray, and blood tests.

If you have symptoms of heart failure, such as shortness of breath, fatigue, or swelling in your legs, your doctor may also recommend additional testing, such as a stress test or cardiac MRI.

In some cases, your doctor may need to refer you to a cardiologist for further evaluation and treatment. If left untreated, heart failure can lead to serious complications, so it's important to seek prompt medical attention if you suspect that you may have this condition.",7.356041098000105
What causes Polycythemia Vera ?,"Primary Polycythemia Polycythemia vera (PV) also is known as primary polycythemia. A mutation, or change, in the body's JAK2 gene is the main cause of PV. The JAK2 gene makes a protein that helps the body produce blood cells. What causes the change in the JAK2 gene isn't known. PV generally isn't inheritedthat is, passed from parents to children through genes. However, in some families, the JAK2 gene may have a tendency to mutate. Other, unknown genetic factors also may play a role in causing PV. Secondary Polycythemia Another type of polycythemia, called secondary polycythemia, isn't related to the JAK2 gene. Long-term exposure to low oxygen levels causes secondary polycythemia. A lack of oxygen over a long period can cause your body to make more of the hormone erythropoietin (EPO). High levels of EPO can prompt your body to make more red blood cells than normal. This leads to thicker blood, as seen in PV. People who have severe heart or lung disease may develop secondary polycythemia. People who smoke, spend long hours at high altitudes, or are exposed to high levels of carbon monoxide where they work or live also are at risk. For example, working in an underground parking garage or living in a home with a poorly vented fireplace or furnace can raise your risk for secondary polycythemia. Rarely, tumors can make and release EPO, or certain blood problems can cause the body to make more EPO. Sometimes doctors can cure secondary polycythemiait depends on whether the underlying cause can be stopped, controlled, or cured.","Polycythemia vera is a blood disorder that occurs when the bone marrow produces too many red blood cells. This can happen for several reasons, including:

1. **Genetic Factors**: Some people inherit genes that increase their risk of developing polycythemia vera.
2. **Environmental Factors**: Exposure to certain chemicals or radiation may contribute to its development.
3. **Age and Gender**: The condition is more common in older adults and males.

In some cases, the exact cause remains unknown. If you have concerns about your health, it's important to consult with a healthcare professional who can provide personalized advice based on your specific situation. They will be able to assess whether there are any underlying factors contributing to your symptoms and recommend appropriate treatment options if necessary. Remember, only a qualified medical professional can diagnose this condition accurately.",6.80617415100005
"What is (are) 46,XX testicular disorder of sex development ?","46,XX testicular disorder of sex development is a condition in which individuals with two X chromosomes in each cell, the pattern normally found in females, have a male appearance. People with this disorder have male external genitalia. They generally have small testes and may also have abnormalities such as undescended testes (cryptorchidism) or the urethra opening on the underside of the penis (hypospadias). A small number of affected people have external genitalia that do not look clearly male or clearly female (ambiguous genitalia). Affected children are typically raised as males and have a male gender identity. At puberty, most affected individuals require treatment with the male sex hormone testosterone to induce development of male secondary sex characteristics such as facial hair and deepening of the voice (masculinization). Hormone treatment can also help prevent breast enlargement (gynecomastia). Adults with this disorder are usually shorter than average for males and are unable to have children (infertile).","The term ""testicular disorder of sex development"" refers to a group of conditions that affect the development of male and female reproductive organs. The most common form of this condition is called 46, XX testicular disorder of sex development.

In individuals with 46, XX testicular disorder of sex development, the ovaries develop instead of the testes. This can lead to various symptoms such as infertility, irregular menstrual cycles, and other health issues related to hormone levels and sexual development.

Treatment for 46, XX testicular disorder of sex development typically involves hormonal therapy to help regulate menstrual cycles and fertility. In some cases, surgery may be necessary to remove the ovaries or create additional testicles if they are not present naturally. Additionally, psychological support and counseling may be helpful for individuals who have been affected by this condition.",6.830361605999997
What are the symptoms of Dermatoleukodystrophy ?,"What are the signs and symptoms of Dermatoleukodystrophy? The Human Phenotype Ontology provides the following list of signs and symptoms for Dermatoleukodystrophy. If the information is available, the table below includes how often the symptom is seen in people with this condition. You can use the MedlinePlus Medical Dictionary to look up the definitions for these medical terms. Signs and Symptoms Approximate number of patients (when available) Cognitive impairment 90% Hyperkeratosis 90% Morphological abnormality of the central nervous system 90% Hyperreflexia 50% Abnormality of metabolism/homeostasis - Autosomal recessive inheritance - Large hands - Leukodystrophy - Long foot - Macrotia - Premature skin wrinkling - Progeroid facial appearance - Prominent nose - Thickened skin - The Human Phenotype Ontology (HPO) has collected information on how often a sign or symptom occurs in a condition. Much of this information comes from Orphanet, a European rare disease database. The frequency of a sign or symptom is usually listed as a rough estimate of the percentage of patients who have that feature. The frequency may also be listed as a fraction. The first number of the fraction is how many people had the symptom, and the second number is the total number of people who were examined in one study. For example, a frequency of 25/25 means that in a study of 25 people all patients were found to have that symptom. Because these frequencies are based on a specific study, the fractions may be different if another group of patients are examined. Sometimes, no information on frequency is available. In these cases, the sign or symptom may be rare or common.","Dermatoleukodystrophy is a rare genetic disorder that affects the skin and nervous system. The main symptom is hypopigmentation, which means the affected areas of the skin appear lighter than normal. Other symptoms may include:

- Skin lesions or patches
- Hair loss (alopecia)
- Neurological problems such as seizures, intellectual disability, and muscle weakness

The severity of these symptoms can vary widely among individuals with dermatoleukodystrophy. Some people may have only mild symptoms, while others may experience more severe complications.

It's important to note that dermatoleukodystrophy is a very rare condition, affecting fewer than 1 in every million people worldwide. If you suspect you or someone else has this disorder, it's crucial to seek medical attention from a qualified healthcare provider who specializes in genetics or neurology. They will be able to provide accurate diagnosis and appropriate treatment options based on your specific case.",7.784575673999825
What are the treatments for Abetalipoproteinemia ?,"How might abetalipoproteinemia be treated? A nutritionist or other qualified medical professional should be consulted for specific dietary instruction in people with abetalipoproteinemia. Treatment involves very large doses of vitamin E, as well as large doses of vitamin supplements containing other fat-soluble vitamins (vitamin A, vitamin D, and vitamin K). Linoleic acid supplements are also recommended. Several diet changes and/or restrictions are also needed to prevent stomach problems. A low-fat diet may help with digestive symptoms; medium chain triglycerides may be used (under supervision of a specialist) as a source of fat in the diet. Management in adults typically focuses on specific complications associated with the disorder, and depends on the signs and symptoms present. Affected people may need consultations with several other types of specialists, including a lipidologist, gastroenterologist, hepatologist, ophthalmologist, and neurologist.","Abetalipoproteinemia is a rare genetic disorder that affects the body's ability to produce and absorb fat-soluble vitamins. The main treatment for this condition involves dietary management, which includes:

1. **High-fat diet**: Consuming foods rich in fats can help increase levels of vitamin A, D, E, and K in the blood.

2. **Vitamin supplementation**: Since these vitamins cannot be absorbed by the body due to the lack of abetalipoprotein, they must be taken orally as supplements.

3. **Regular monitoring**: Patients with abetalipoproteinemia need regular check-ups to monitor their vitamin levels and adjust their diets accordingly.

4. **Avoidance of certain foods**: Some foods may interfere with vitamin absorption or cause digestive issues, so patients should avoid them if necessary.

5. **Supportive care**: This might include managing any complications such as osteoporosis or other bone-related conditions.

It's important to note that while these measures can help manage symptoms, there is currently no cure for abetalipoproteinemia. However, with proper medical supervision and adherence to a tailored diet plan, many individuals with this condition lead relatively normal lives. If you suspect you have this condition, it's crucial to consult with healthcare professionals who specialize in metabolic disorders",10.4191683439999
What is the outlook for Diabetic Neuropathy ?,"The prognosis for diabetic neuropathy depends largely on how well the underlying condition of diabetes is handled. Treating diabetes may halt progression and improve symptoms of the neuropathy, but recovery is slow. The painful sensations of diabetic neuropathy may become severe enough to cause depression in some patients.","Diabetic neuropathy, a complication of diabetes that affects nerves throughout the body, has several potential outcomes depending on its severity and how well it's managed. Here are some key points to consider:

1. **Severity**: The impact can range from mild discomfort to severe pain or loss of sensation.

2. **Progression**: If left untreated, diabetic neuropathy can worsen over time, potentially leading to more serious complications such as nerve damage in other parts of the body (e.g., heart, lungs).

3. **Treatment Options**:
   - **Medications**: Pain management drugs like anticonvulsants, antidepressants, or opioids.
   - **Physical Therapy**: To improve mobility and reduce pain.
   - **Nerve Stimulation Devices**: For chronic pain relief.
   - **Lifestyle Changes**: Regular exercise, healthy diet, and stress reduction techniques.

4. **Prevention**: Maintaining good blood sugar control through medication, diet, and regular exercise can help prevent or delay the onset of diabetic neuropathy.

5. **Quality of Life**: Managing symptoms effectively can significantly improve quality of life by reducing pain and improving overall function.

6. **Long-term Management**: Chronic conditions often require ongoing care and monitoring, which may involve adjustments to treatment plans",10.44564159599986
What is (are) Giant axonal neuropathy ?,"Giant axonal neuropathy (GAN) is a neurodegenerative disorder characterized by abnormally large and dysfunctional axons (the specialized extensions of nerve cells that are required for the transmission of nerve impulses). The condition typically appears in infancy or early childhood with severe peripheral motor and sensory neuropathy (affecting movement and sensation in the arms and legs). Early signs include difficulty walking, lack of coordination, and loss of strength. Over time, the central nervous system (brain and spinal cord) becomes involved, causing a gradual decline in mental function, loss of control of body movements, and seizures. Giant axonal neuropathy is caused by mutations in the GAN gene. It follows and autosomal dominant pattern of inheritance. Management is directed by a multidisciplinary team with the goal of optimizing intellectual and physical development.","Giant axonal neuropathy (GAN) is a rare genetic disorder that affects the peripheral nervous system. It causes damage to the myelin sheath, which surrounds and protects nerve fibers in the body.

The condition can cause weakness or numbness in the hands and feet, as well as difficulty with balance and coordination. GAN is caused by mutations in genes that are involved in the production of proteins that help maintain the structure and function of the myelin sheath.

There are two main types of giant axonal neuropathy: Type 1 and Type 2. Type 1 is more common and is caused by mutations in the PMP22 gene, while Type 2 is less common and is caused by mutations in the CNTFIP2 gene.

Treatment for giant axonal neuropathy typically involves managing symptoms such as pain, muscle spasms, and tremors. Physical therapy and occupational therapy may also be helpful in improving mobility and independence. In some cases, medications may be used to reduce inflammation and slow the progression of the disease.",8.716585340999927
What is (are) Arts syndrome ?,"Arts syndrome is characterized by sensorineural hearing loss and serious neurological and immune system problems in males. Females can also be affected by this condition, but they typically have much milder symptoms. Arts syndrome is caused by mutations in the PRPS1 gene which is located on the X chromosome. It is inherited in an X-linked recessive manner.","Arts syndrome, also known as the ""Artistic Syndrome,"" is a condition characterized by an intense and often obsessive interest in art. People with this syndrome may spend hours or even days creating intricate drawings, paintings, sculptures, or other forms of artistic expression.

The term ""arts syndrome"" was coined by psychologist Dr. David J. Hockney to describe individuals who exhibit a strong preference for creative activities over more conventional pursuits like reading, writing, or mathematics. While not a formal medical diagnosis, the concept has been used to describe certain personality traits that are associated with high levels of creativity and artistic ability.

It's important to note that while some people with arts syndrome may have exceptional talent in their chosen field, many others struggle with anxiety, depression, or other mental health issues related to their intense focus on art. The relationship between these conditions can be complex, and it's crucial for anyone experiencing difficulties related to their artistic interests to seek professional help if needed.",7.906984534999992
What is (are) Carnitine palmitoyltransferase 2 deficiency ?,"Carnitine palmitoyltransferase 2 (CPT2) deficiency is a condition that prevents the body from using certain fats for energy, particularly during periods without food (fasting). There are three main types of CPT2 deficiency: a lethal neonatal form, a severe infantile hepatocardiomuscular form, and a myopathic form. The neonatal and infantile forms are severe multisystemic diseases characterized by liver failure with hypoketotic hypoglycemia (extremely low levels of ketones (substances produced when fat cells break down in the blood) and low blood sugar), cardiomyopathy, seizures, and early death. The myopathic form is characterized by exercise-induced muscle pain and weakness and occasional myoglobinuria (rust-colored urine indicating breakdown of muscle tissue). Mutations in the CPT2 gene cause CPT2 deficiency. It is inherited in an autosomal recessive pattern. Treatment is based on avoidance of prolonged fasting and a low-fat and high-carbohydrate diet.","Carnitine palmitoyltransferase 2 deficiency, also known as carnitine palmitoyltransferase II deficiency or CPTII deficiency, is a rare genetic disorder that affects the body's ability to process certain fats. It occurs when there is an insufficient amount of the enzyme carnitine palmitoyltransferase II in the liver and muscle cells.

The condition can cause symptoms such as fatigue, weakness, and muscle pain. In severe cases, it may lead to heart failure or other complications. Treatment typically involves dietary changes and sometimes medication to help manage symptoms. Early diagnosis and treatment are important for managing this condition effectively.",5.418520740000076
"What are the symptoms of Hypocalcemia, autosomal dominant ?","What are the signs and symptoms of Hypocalcemia, autosomal dominant? The Human Phenotype Ontology provides the following list of signs and symptoms for Hypocalcemia, autosomal dominant. If the information is available, the table below includes how often the symptom is seen in people with this condition. You can use the MedlinePlus Medical Dictionary to look up the definitions for these medical terms. Signs and Symptoms Approximate number of patients (when available) Behavioral abnormality 90% EMG abnormality 90% Flexion contracture 90% Hypercalciuria 90% Hypocalcemia 90% Involuntary movements 90% Paresthesia 90% Abdominal pain 50% Abnormal pattern of respiration 50% Abnormality of the fingernails 50% Alopecia 50% Arrhythmia 50% Dry skin 50% Hyperphosphatemia 50% Hypotension 50% Nephrolithiasis 50% Congestive heart failure 7.5% Eczema 7.5% Increased intracranial pressure 7.5% Irregular hyperpigmentation 7.5% Optic atrophy 7.5% Reduced bone mineral density 7.5% Reduced consciousness/confusion 7.5% The Human Phenotype Ontology (HPO) has collected information on how often a sign or symptom occurs in a condition. Much of this information comes from Orphanet, a European rare disease database. The frequency of a sign or symptom is usually listed as a rough estimate of the percentage of patients who have that feature. The frequency may also be listed as a fraction. The first number of the fraction is how many people had the symptom, and the second number is the total number of people who were examined in one study. For example, a frequency of 25/25 means that in a study of 25 people all patients were found to have that symptom. Because these frequencies are based on a specific study, the fractions may be different if another group of patients are examined. Sometimes, no information on frequency is available. In these cases, the sign or symptom may be rare or common.","Hypocalcemia is a condition in which there is an abnormally low level of calcium in the blood. It can be caused by various factors such as inadequate dietary intake, malabsorption disorders, or certain medications.

Symptoms of hypocalcemia may include:

1. Muscle weakness and cramps
2. Tingling or numbness in hands and feet
3. Abnormal heart rhythms (arrhythmias)
4. Seizures
5. Difficulty breathing
6. Confusion or disorientation

In some cases, hypocalcemia can lead to more severe complications if left untreated, including respiratory failure, cardiac arrest, and even death. Therefore, it's important for individuals with suspected hypocalcemia to seek medical attention promptly. Autosomal dominant inheritance refers to a genetic pattern where one copy of the gene from either parent increases the risk of developing a particular trait or disease. This means that if you inherit one abnormal gene from one parent, you have a higher chance of developing the associated condition compared to someone who inherits two normal genes. However, not everyone with an autosomal dominant disorder will necessarily develop the condition; they may only express the trait at varying degrees depending on their specific genetic makeup. For example, Huntington's disease is an autosomal",10.499972410999817
What is the outlook for Farber's Disease ?,"Most children with the classic form of Farbers disease die by age 2, usually from lung disease. Children born with the most severe form of the disease usually die within 6 months, while individuals having a milder form of the disease may live into their teenage years or young adulthood.","Farber's disease, also known as lipodystrophy with hepatic steatosis and hypertriglyceridemia (LHSHT), is a rare genetic disorder that affects fat metabolism. The outlook for this condition can vary depending on several factors:

1. **Severity of Symptoms**: The severity of symptoms such as liver damage, muscle wasting, and metabolic abnormalities determines the prognosis.

2. **Age at Diagnosis**: Early diagnosis allows for earlier intervention and management, potentially improving outcomes.

3. **Genetic Factors**: The specific gene mutation involved in the disorder plays a significant role in determining how severe the condition will be.

4. **Treatment Options**: Advances in treatment have improved survival rates and quality of life for many patients. Current treatments include medications to manage symptoms like high triglycerides and insulin resistance.

5. **Supportive Care**: Regular monitoring and supportive care are crucial to managing complications and maintaining overall health.

6. **Research Progress**: Ongoing research into new therapies and better understanding of the underlying mechanisms may lead to more effective treatments in the future.

In summary, while there is no cure for Farber's disease, advancements in medical knowledge and technology continue to improve the lives of those affected by this condition. Early detection and appropriate management strategies significantly enhance the outlook",10.5697733840002
How many people are affected by Cyclic Vomiting Syndrome ?,"Cyclic vomiting syndrome is more common in children than adults, although reports of the syndrome in adults have increased in recent years.1 Usually, children are about 5 years old when diagnosed with cyclic vomiting syndrome, which occurs in every three out of 100,000 children.2","Cyclic vomiting syndrome (CVS) is a rare disorder that causes severe, recurrent episodes of nausea and vomiting. It can affect anyone at any age, but it's more common in women than men.

The exact number of people who have CVS isn't known because the condition is often underdiagnosed or misdiagnosed. However, estimates suggest that about 1 to 2 million people worldwide may be affected by CVS. This includes both adults and children.

It's important to note that these numbers are rough estimates based on available data, and the actual prevalence might vary depending on factors such as geographic location, cultural practices, and healthcare access. If you suspect you or someone else has CVS, it's crucial to seek medical attention from a qualified healthcare provider for accurate diagnosis and treatment options.",6.547579957999915
What are the treatments for Varicose Veins ?,"Varicose veins are treated with lifestyle changes and medical procedures. The goals of treatment are to relieve symptoms, prevent complications, and improve appearance. If varicose veins cause few symptoms, your doctor may simply suggest making lifestyle changes. If your symptoms are more severe, your doctor may recommend one or more medical procedures. For example, you may need a medical procedure if you have a lot of pain, blood clots, or skin disorders caused by your varicose veins. Some people who have varicose veins choose to have procedures to improve how their veins look. Although treatment can help existing varicose veins, it can't keep new varicose veins from forming. Lifestyle Changes Lifestyle changes often are the first treatment for varicose veins. These changes can prevent varicose veins from getting worse, reduce pain, and delay other varicose veins from forming. Lifestyle changes include the following: Avoid standing or sitting for long periods without taking a break. When sitting, avoid crossing your legs. Keep your legs raised when sitting, resting, or sleeping. When you can, raise your legs above the level of your heart. Do physical activities to get your legs moving and improve muscle tone. This helps blood move through your veins. If you're overweight or obese, try to lose weight. This will improve blood flow and ease the pressure on your veins. Avoid wearing tight clothes, especially those that are tight around your waist, groin (upper thighs), and legs. Tight clothes can make varicose veins worse. Avoid wearing high heels for long periods. Lower heeled shoes can help tone your calf muscles. Toned muscles help blood move through the veins. Your doctor may recommend compression stockings. These stockings create gentle pressure up the leg. This pressure keeps blood from pooling and decreases swelling in the legs. There are three types of compression stockings. One type is support pantyhose. These offer the least amount of pressure. A second type is over-the-counter compression hose. These stockings give a little more pressure than support pantyhose. Over-the-counter compression hose are sold in medical supply stores and pharmacies. Prescription-strength compression hose are the third type of compression stockings. These stockings offer the greatest amount of pressure. They also are sold in medical supply stores and pharmacies. However, you need to be fitted for them in the store by a specially trained person. Medical Procedures Medical procedures are done either to remove varicose veins or to close them. Removing or closing varicose veins usually doesn't cause problems with blood flow because the blood starts moving through other veins. You may be treated with one or more of the procedures described below. Common side effects right after most of these procedures include bruising, swelling, skin discoloration, and slight pain. The side effects are most severe with vein stripping and ligation (li-GA-shun). Rarely, this procedure can cause severe pain, infections, blood clots, and scarring. Sclerotherapy Sclerotherapy (SKLER-o-ther-ah-pe) uses a liquid chemical to close off a varicose vein. The chemical is injected into the vein to cause irritation and scarring inside the vein. The irritation and scarring cause the vein to close off, and it fades away. This procedure often is used to treat smaller varicose veins and spider veins. It can be done in your doctor's office, while you stand. You may need several treatments to completely close off a vein. Treatments typically are done every 4 to 6 weeks. Following treatments, your legs will be wrapped in elastic bandaging to help with healing and decrease swelling. Microsclerotherapy Microsclerotherapy (MI-kro-SKLER-o-ther-ah-pe) is used to treat spider veins and other very small varicose veins. A small amount of liquid chemical is injected into a vein using a very fine needle. The chemical scars the inner lining of the vein, causing it to close off. Laser Surgery This procedure applies light energy from a laser onto a varicose vein. The laser light makes the vein fade away. Laser surgery mostly is used to treat smaller varicose veins. No cutting or injection of chemicals is involved. Endovenous Ablation Therapy Endovenous ablation (ab-LA-shun) therapy uses lasers or radiowaves to create heat to close off a varicose vein. Your doctor makes a tiny cut in your skin near the varicose vein. He or she then inserts a small tube called a catheter into the vein. A device at the tip of the tube heats up the inside of the vein and closes it off. You'll be awake during this procedure, but your doctor will numb the area around the vein. You usually can go home the same day as the procedure. Endoscopic Vein Surgery For endoscopic (en-do-SKOP-ik) vein surgery, your doctor will make a small cut in your skin near a varicose vein. He or she then uses a tiny camera at the end of a thin tube to move through the vein. A surgical device at the end of the camera is used to close the vein. Endoscopic vein surgery usually is used only in severe cases when varicose veins are causing skin ulcers (sores). After the procedure, you usually can return to your normal activities within a few weeks. Ambulatory Phlebectomy For ambulatory phlebectomy (fle-BEK-to-me), your doctor will make small cuts in your skin to remove small varicose veins. This procedure usually is done to remove the varicose veins closest to the surface of your skin. You'll be awake during the procedure, but your doctor will numb the area around the vein. Usually, you can go home the same day that the procedure is done. Vein Stripping and Ligation Vein stripping and ligation typically is done only for severe cases of varicose veins. The procedure involves tying shut and removing the veins through small cuts in your skin. You'll be given medicine to temporarily put you to sleep so you don't feel any pain during the procedure. Vein stripping and ligation usually is done as an outpatient procedure. The recovery time from the procedure is about 1 to 4 weeks.","Varicose veins can be treated with a variety of methods, including:

1. Compression stockings: These help to improve circulation and reduce swelling.

2. Sclerotherapy: This involves injecting a solution into the vein that causes it to close off and disappear over time.

3. Laser treatment: A laser is used to heat the inside of the varicose vein, causing it to collapse and seal shut.

4. Endovenous ablation: This procedure uses radiofrequency energy or heat to destroy the damaged vein.

5. Surgical removal: In severe cases, surgery may be necessary to remove the affected vein.

6. Phlebectomy: This involves removing the varicose vein through small incisions in the skin.

7. Radiofrequency ablation: This method uses high-frequency radio waves to heat and shrink the varicose vein.

8. Ultrasound-guided sclerotherapy: This technique combines ultrasound imaging with sclerotherapy to guide the injection of medication directly into the varicose vein.

9. Microphlebectomy: This procedure removes the varicose vein using tiny surgical tools inserted through small incisions.

10. Cryolipolysis: This non-invasive procedure uses cold temperatures to freeze and destroy the varicose vein",10.403337984000018
Is Langerhans cell histiocytosis inherited ?,"Is Langerhans cell histiocytosis inherited? Although Langerhans cell histiocytosis is generally considered a sporadic, non-hereditary condition, it has reportedly affected more than one individual in a family in a very limited number of cases (particularly identical twins).","LCH is not an inherited disease. It is a rare disorder that can occur in people of any age, including children and adults. The exact cause of LCH is unknown, but it may be related to genetic factors or environmental influences.

The symptoms of LCH can vary widely among individuals, even within the same family. Some cases are mild and go unnoticed, while others can be severe and life-threatening. In some families, there may be a higher incidence of LCH than expected based on population statistics, which could suggest a genetic predisposition, but this has not been definitively proven.

It's important to note that if you have concerns about your risk for LCH, you should consult with a healthcare professional who can provide personalized advice based on your medical history and current health status. They can also help determine whether further testing or monitoring is necessary.",7.072853412000086
What are the treatments for Coffin-Lowry syndrome ?,These resources address the diagnosis or management of Coffin-Lowry syndrome: - Gene Review: Gene Review: Coffin-Lowry Syndrome - Genetic Testing Registry: Coffin-Lowry syndrome These resources from MedlinePlus offer information about the diagnosis and management of various health conditions: - Diagnostic Tests - Drug Therapy - Surgery and Rehabilitation - Genetic Counseling - Palliative Care,"Coffin-Lowry syndrome is a rare genetic disorder that affects multiple systems in the body. The specific treatment depends on which symptoms are present and how severe they are, but some common treatments include:

1. **Physical Therapy**: To help with mobility issues caused by muscle weakness or joint problems.
2. **Occupational Therapy**: To improve daily living skills and independence.
3. **Speech Therapy**: If there are difficulties with speech due to swallowing problems or other factors.
4. **Psychological Support**: Counseling or therapy can help manage behavioral and emotional challenges associated with the condition.
5. **Medications**: For managing seizures, sleep disorders, and other medical conditions.

It's important to work closely with healthcare professionals who specialize in pediatric genetics to develop an individualized treatment plan tailored to each patient's needs. Regular monitoring and adjustments to the treatment plan may be necessary as the child grows and develops.",7.448274712000057
What are the symptoms of Kohlschutter Tonz syndrome ?,"What are the signs and symptoms of Kohlschutter Tonz syndrome? The Human Phenotype Ontology provides the following list of signs and symptoms for Kohlschutter Tonz syndrome. If the information is available, the table below includes how often the symptom is seen in people with this condition. You can use the MedlinePlus Medical Dictionary to look up the definitions for these medical terms. Signs and Symptoms Approximate number of patients (when available) Abnormality of dental color 90% Abnormality of dental enamel 90% Developmental regression 90% EEG abnormality 90% Hypertonia 90% Seizures 90% Hypohidrosis 50% Hydrocephalus 7.5% Short stature 7.5% Amelogenesis imperfecta - Ataxia - Autosomal recessive inheritance - Cerebellar hypoplasia - Cerebral atrophy - Dementia - Epileptic encephalopathy - Hypoplasia of dental enamel - Hypsarrhythmia - Intellectual disability, severe - Spasticity - Variable expressivity - Ventriculomegaly - The Human Phenotype Ontology (HPO) has collected information on how often a sign or symptom occurs in a condition. Much of this information comes from Orphanet, a European rare disease database. The frequency of a sign or symptom is usually listed as a rough estimate of the percentage of patients who have that feature. The frequency may also be listed as a fraction. The first number of the fraction is how many people had the symptom, and the second number is the total number of people who were examined in one study. For example, a frequency of 25/25 means that in a study of 25 people all patients were found to have that symptom. Because these frequencies are based on a specific study, the fractions may be different if another group of patients are examined. Sometimes, no information on frequency is available. In these cases, the sign or symptom may be rare or common.","Kohlschutter-Ton's syndrome is a rare condition that affects the blood vessels in the retina. The main symptom is a sudden onset of vision loss, which can be severe and temporary. Other possible symptoms include:

- Blurred or distorted vision
- Floaters (spots or specks floating in your field of vision)
- Dark spots or shadows appearing in your visual field

If you experience any of these symptoms, it's important to seek medical attention immediately as prompt treatment may help preserve your vision. Early diagnosis and intervention are crucial for managing this condition effectively.",4.717880465999997
What are the symptoms of STING-associated vasculopathy with onset in infancy ?,"What are the signs and symptoms of STING-associated vasculopathy with onset in infancy? The Human Phenotype Ontology provides the following list of signs and symptoms for STING-associated vasculopathy with onset in infancy. If the information is available, the table below includes how often the symptom is seen in people with this condition. You can use the MedlinePlus Medical Dictionary to look up the definitions for these medical terms. Signs and Symptoms Approximate number of patients (when available) Arthralgia 5% Joint stiffness 5% Myalgia 5% Myositis 5% Anemia - Cutis marmorata - Elevated erythrocyte sedimentation rate - Erythema - Failure to thrive - Fever - Follicular hyperplasia - Growth delay - Increased antibody level in blood - Interstitial pulmonary disease - Leukopenia - Nail dystrophy - Pustule - Recurrent respiratory infections - Telangiectasia - Thrombocytosis - The Human Phenotype Ontology (HPO) has collected information on how often a sign or symptom occurs in a condition. Much of this information comes from Orphanet, a European rare disease database. The frequency of a sign or symptom is usually listed as a rough estimate of the percentage of patients who have that feature. The frequency may also be listed as a fraction. The first number of the fraction is how many people had the symptom, and the second number is the total number of people who were examined in one study. For example, a frequency of 25/25 means that in a study of 25 people all patients were found to have that symptom. Because these frequencies are based on a specific study, the fractions may be different if another group of patients are examined. Sometimes, no information on frequency is available. In these cases, the sign or symptom may be rare or common.","STING-associated vasculopathy with onset in infancy (SAVI) is a rare, inherited disorder that primarily affects infants and young children. The primary symptom of SAVI is severe skin rash, which can be accompanied by other symptoms such as fever, lethargy, poor feeding, and failure to thrive.

The rash typically appears on the face, neck, and upper body within the first few weeks of life. It may start as small red spots or bumps that quickly spread and become more prominent. Over time, these lesions can coalesce into larger areas of scarring and thickening of the skin.

Other symptoms associated with SAVI include:

1. **Skin changes**: Thickened, scaly skin, especially around the mouth and nose.
2. **Infections**: Frequent infections due to weakened immune system.
3. **Gastrointestinal issues**: Diarrhea, vomiting, and abdominal pain.
4. **Respiratory problems**: Wheezing, difficulty breathing, and pneumonia.
5. **Neurological complications**: Seizures, developmental delays, and intellectual disability.

Early diagnosis and treatment are crucial for managing the symptoms and preventing further complications in infants with SAVI. Genetic counseling is also recommended for families affected by this condition.",10.40316517999986
How many people are affected by myoclonic epilepsy myopathy sensory ataxia ?,The prevalence of myoclonic epilepsy myopathy sensory ataxia is unknown.,"Myoclonic epilepsy, myopathy and sensorimotor neuropathy (MEM) is a rare genetic disorder that affects the nervous system. It's characterized by seizures, muscle weakness or wasting, and problems with coordination and balance.

The exact number of people affected by this condition is not known precisely because it's a relatively uncommon disease. However, according to some estimates, there may be as few as 100-200 individuals worldwide who have been diagnosed with MEM.

It's important to note that these numbers can vary depending on how widespread awareness about the condition is and whether more cases go undiagnosed. If you suspect you might have symptoms similar to those described in MEM, it would be best to consult with a healthcare professional for an accurate diagnosis and appropriate treatment options.",6.534935615999984
What are the symptoms of Isobutyryl-CoA dehydrogenase deficiency ?,"What are the signs and symptoms of Isobutyryl-CoA dehydrogenase deficiency? Infants with IBD deficiency usually appear healthy at birth. The signs and symptoms of IBD deficiency may not appear until later in infancy or childhood and can include poor feeding and growth (failure to thrive), a weakened and enlarged heart (dilated cardiomyopathy), seizures, and low numbers of red blood cells (anemia). Another feature of this disorder may be very low blood levels of carnitine (a natural substance that helps convert certain foods into energy). IBD deficiency may be worsened by long periods without food (fasting) or infections that increase the body's demand for energy. Some individuals with gene mutations that can cause IBD deficiency may never experience any signs and symptoms of the disorder. The Human Phenotype Ontology provides the following list of signs and symptoms for Isobutyryl-CoA dehydrogenase deficiency. If the information is available, the table below includes how often the symptom is seen in people with this condition. You can use the MedlinePlus Medical Dictionary to look up the definitions for these medical terms. Signs and Symptoms Approximate number of patients (when available) Anemia - Autosomal recessive inheritance - Decreased plasma carnitine - Dilated cardiomyopathy - Muscular hypotonia - The Human Phenotype Ontology (HPO) has collected information on how often a sign or symptom occurs in a condition. Much of this information comes from Orphanet, a European rare disease database. The frequency of a sign or symptom is usually listed as a rough estimate of the percentage of patients who have that feature. The frequency may also be listed as a fraction. The first number of the fraction is how many people had the symptom, and the second number is the total number of people who were examined in one study. For example, a frequency of 25/25 means that in a study of 25 people all patients were found to have that symptom. Because these frequencies are based on a specific study, the fractions may be different if another group of patients are examined. Sometimes, no information on frequency is available. In these cases, the sign or symptom may be rare or common.","Isobutyryl-CoA dehydrogenase (IDH) deficiency is a rare genetic disorder that affects how cells use energy. The main symptom is hypoglycemia, which means low blood sugar levels.

Other symptoms may include:

- Fatigue
- Weakness
- Irritability
- Poor appetite
- Diarrhea

In severe cases, IDH deficiency can lead to seizures and coma. It's important for people with this condition to have regular medical check-ups to monitor their blood sugar levels and manage any complications. Treatment typically involves dietary changes and sometimes medication to help control blood sugar levels. Early diagnosis and management are crucial in preventing serious health issues associated with this condition.",5.846173775999887
What causes Glucose transporter type 1 deficiency syndrome ?,What causes glucose transporter type 1 deficiency syndrome? Glucose transporter type 1 deficiency syndrome (GLUT1 deficiency syndrome) is caused by changes (mutations) in the SLC2A1 gene. This gene encodes a protein that helps transport glucose (a simple sugar) into cells where it is used as fuel. The protein is particularly important in the central nervous system since glucose is the brain's main source of energy. SLC2A1 mutations impair the function of the protein. This significantly reduces the amount of glucose available to brain cells leading to the many signs and symptoms associated with GLUT1 deficiency syndrome.,"Glucose transporter type 1 (GLUT1) deficiency is a rare genetic disorder that affects the body's ability to transport glucose, which is a sugar used by cells for energy. This condition can cause symptoms such as hypoglycemia, or low blood sugar levels, and may also lead to other health problems.

The primary cause of GLUT1 deficiency syndrome is mutations in the gene responsible for producing the protein encoded by the GLT1 gene. These mutations result in an abnormal form of the GLUT1 protein, which cannot function properly to transport glucose across cell membranes. As a consequence, cells are unable to take up enough glucose from the bloodstream, leading to low blood sugar levels.

In some cases, GLUT1 deficiency can be inherited from one parent who carries the mutation but does not show symptoms themselves. In other instances, it may occur spontaneously during development without any known family history of the condition. The severity of the disease can vary widely among affected individuals, with some experiencing mild symptoms while others have more severe complications. Treatment typically involves monitoring blood sugar levels closely and adjusting insulin doses if necessary to maintain proper glucose control.",9.298259440000038
Is Sotos syndrome inherited ?,"How is Sotos syndrome inherited? Sotos syndrome is inherited in an autosomal dominant manner. This means that having a mutation in only one of the 2 copies of the responsible gene (the NSD1 gene) is enough to cause signs and symptoms of the condition. 95% of people with Sotos syndrome do not inherit the condition from a parent. In these cases, the condition is the result of a new (de novo) mutation that occurred for the first time in the affected person. Only about 5% of people with Sotos syndrome have an affected parent and inherit the condition from that parent. If a parent of an affected person with an identified NSD1 mutation does not have any features of Sotos syndrome, that parent is very unlikely to have a mutation in the gene. This can be confirmed with genetic testing if the mutation has been identified in the child. If a person with Sotos syndrome has children, each child has a 50% (1 in 2) chance to inherit the mutation. However, the specific features and severity can vary from one generation to the next, so it is not possible to predict how a child will be affected.","Sotos syndrome is a genetic disorder that can be passed down from parents to their children. It's caused by changes in the DNA of an individual, which means it's not something that happens randomly or spontaneously.

The exact cause of Sotos syndrome isn't fully understood yet, but researchers believe it may be due to mutations (changes) in certain genes. These gene mutations are usually inherited from one parent and can affect how cells grow and develop.

So, while Sotos syndrome doesn't always follow a clear pattern of inheritance like some other conditions do, there is evidence suggesting that it can sometimes be passed down through families. However, this is still being studied more thoroughly. If you have concerns about your family history or want to know if you're at risk for Sotos syndrome, it would be best to talk with a healthcare provider who can provide personalized advice based on your specific situation.",7.397700340999791
what research (or clinical trials) is being done for Pervasive Developmental Disorders ?,"The NINDS conducts and supports research on developmental disabilities, including PDD. Much of this research focuses on understanding the neurological basis of PDD and on developing techniques to diagnose, treat, prevent, and ultimately cure this and similar disorders.","Pervasive developmental disorders are a group of neurodevelopmental conditions that affect the development and functioning of the brain. These include autism spectrum disorder, Asperger's syndrome, Rett syndrome, childhood disintegrative disorder, and pervasive developmental disorder not otherwise specified.

Research on these conditions continues to advance our understanding of their causes, symptoms, and treatment options. Here are some key areas of focus in current research:

1. **Genetic Studies**: Researchers are exploring genetic factors that may contribute to the development of PDDs. This includes identifying specific genes or gene combinations associated with increased risk for these disorders.
2. **Brain Imaging**: Functional MRI, PET scans, and other imaging techniques are used to study how the brains of individuals with PDDs function differently from those without the condition. This helps researchers understand the underlying neural mechanisms involved in these disorders.
3. **Neurochemical Markers**: Scientists are investigating biomarkers such as neurotransmitters like serotonin and dopamine, which play crucial roles in brain function. Changes in these chemicals can be indicative of certain aspects of PDDs.
4. **Early Intervention**: There is ongoing research into early intervention strategies aimed at improving outcomes for children diagnosed with PDDs. This includes evaluating the effectiveness of various therapies and educational approaches.",10.564054219000127
What is (are) What I need to know about Bladder Control for Women ?,"Talking about bladder control problems is not easy for some people. You may feel embarrassed to tell your doctor. But talking about the problem is the first step in finding an answer. Also, you can be sure your doctor has heard it all before. You will not shock or embarrass your doctor or nurse. Medical History You can prepare for your visit to the doctor's office by gathering the information your doctor will need to understand your problem. Make a list of the medicines you are taking. Include prescription medicines and those you buy over the counter, like aspirin or antacid. List the fluids you drink regularly, including sodas, coffee, tea, and alcohol. Tell the doctor how much of each drink you have in an average day. Finding a Doctor You will need to find a doctor who is skilled in helping women with urine leakage. If your primary doctor shrugs off your problem as normal aging, for example, ask for a referral to a specialist-a urogynecologist or a urologist who specializes in treating female urinary problems. You may need to be persistent, or you may need to look to organizations to help locate a doctor in your area. See For More Information for a list of organizations. Make a note of any recent surgeries or illnesses you have had. Let the doctor know how many children you have had. These events may or may not be related to your bladder control problem. Finally, keep track of the times when you have urine leakage. Note what you were doing at the time. Were you coughing, laughing, sneezing, or exercising? Did you have an uncontrollable urge to urinate when you heard running water? You can use What Your Doctor Needs to Know (Item A) and Your Daily Bladder Diary (Item B) to prepare for your appointment. Physical Exam The doctor will give you a physical exam to look for any health issues that may be causing your bladder control problem. Checking your reflexes can show possible nerve damage. You will give a urine sample so the doctor can check for a urinary tract infection. For women, the exam may include a pelvic exam. Tests may also include taking an ultrasound picture of your bladder. Or the doctor may examine the inside of your bladder using a cystoscope, a long, thin tube that slides up into the bladder through the urethra. Bladder Function Tests Any medical test can be uncomfortable. Bladder testing may sound embarrassing, but the health professionals who perform the tests will try to make you feel comfortable and give you as much privacy as possible.","Bladder control for women can be a complex topic, but there are several key points you should understand:

1. **Understanding Urinary Incontinence**: Urinary incontinence refers to the involuntary loss of urine. There are different types of urinary incontinence, including stress incontinence, urge incontinence, and overflow incontinence.

2. **Stress Incontinence**: This type occurs when pressure on the bladder from coughing, sneezing, laughing, or physical activity causes leakage.

3. **Urge Incontinence**: Also known as overactive bladder, this condition involves an urgent need to urinate that cannot be delayed due to spasms in the bladder muscle.

4. **Overflow Incontinence**: This happens when the bladder does not empty completely, leading to constant dribbling of urine.

5. **Pelvic Floor Exercises**: Strengthening your pelvic floor muscles through exercises like Kegels can help improve bladder control.

6. **Medications**: Certain medications, such as anticholinergics, can help manage symptoms of urge incontinence by relaxing the bladder muscles.

7. **Behavioral Changes**: Techniques like timed voiding, bladder training, and pelvic floor retraining can also help with managing incontin",10.540105104000077
What are the symptoms of Dyssynergia cerebellaris myoclonica ?,"What are the signs and symptoms of Dyssynergia cerebellaris myoclonica? The Human Phenotype Ontology provides the following list of signs and symptoms for Dyssynergia cerebellaris myoclonica. If the information is available, the table below includes how often the symptom is seen in people with this condition. You can use the MedlinePlus Medical Dictionary to look up the definitions for these medical terms. Signs and Symptoms Approximate number of patients (when available) Generalized seizures 7.5% Abnormality of the dentate nucleus - Abnormality of the mitochondrion - Ataxia - Autosomal dominant inheritance - Intention tremor - Myoclonus - Pallidal degeneration - Ragged-red muscle fibers - The Human Phenotype Ontology (HPO) has collected information on how often a sign or symptom occurs in a condition. Much of this information comes from Orphanet, a European rare disease database. The frequency of a sign or symptom is usually listed as a rough estimate of the percentage of patients who have that feature. The frequency may also be listed as a fraction. The first number of the fraction is how many people had the symptom, and the second number is the total number of people who were examined in one study. For example, a frequency of 25/25 means that in a study of 25 people all patients were found to have that symptom. Because these frequencies are based on a specific study, the fractions may be different if another group of patients are examined. Sometimes, no information on frequency is available. In these cases, the sign or symptom may be rare or common.","Dyssynergia cerebellaris myoclonica is a rare neurological disorder characterized by involuntary muscle contractions and spasms. The primary symptom is myoclonus, which refers to sudden, brief, and often jerky movements or twitching of muscles. These episodes can occur at any time during the day but may be more frequent in certain situations such as fatigue, stress, or sleep deprivation.

Other common symptoms include:

1. **Ataxia**: Unsteady gait and difficulty with coordination.
2. **Tremors**: Involuntary shaking of limbs or body parts.
3. **Headaches**: Frequent and severe headaches that can be debilitating.
4. **Fatigue**: Persistent feelings of tiredness or exhaustion.
5. **Difficulty concentrating**: Problems with focus and concentration.
6. **Speech difficulties**: Slurred speech or trouble forming words.
7. **Numbness or tingling**: Sensations of numbness or tingling in various parts of the body.
8. **Seizures**: Rarely, individuals may experience seizures due to abnormal electrical activity in the brain.

The severity and frequency of these symptoms can vary widely among affected individuals. Some people may have mild symptoms that do not significantly impact their daily life, while others",10.480976092999981
How many people are affected by inherited thyroxine-binding globulin deficiency ?,"The complete form of inherited thyroxine-binding globulin deficiency, TBG-CD, affects about 1 in 15,000 newborns worldwide. The partial form, TBG-PD, affects about 1 in 4,000 newborns. These conditions appear to be more common in the Australian Aborigine population and in the Bedouin population of southern Israel.","Inherited thyroxine-binding globulin (TBG) deficiency is a rare genetic disorder that affects the thyroid gland. It occurs when there's an abnormality in the production of TBG, which is responsible for binding to and transporting thyroid hormones throughout the body.

This condition can lead to hypothyroidism, where the thyroid doesn't produce enough thyroid hormones. The severity of this condition varies among individuals, but it typically results in mild symptoms such as fatigue, weight gain, cold intolerance, and depression.

The exact number of people affected by inherited TBG deficiency worldwide is difficult to determine precisely due to its rarity and lack of widespread screening programs. However, estimates suggest that around 1 in every 20,000 to 30,000 people may be affected by this condition.

It's important to note that while this condition is relatively uncommon, it highlights the importance of early diagnosis and treatment in managing thyroid-related disorders. Regular monitoring and appropriate medical care can help manage symptoms and maintain overall health. If you suspect you or someone else might have this condition, consulting with a healthcare professional would be advisable.",9.293443879000051
How many people are affected by CAV3-related distal myopathy ?,The prevalence of CAV3-related distal myopathy is unknown. Only a few affected individuals have been described in the medical literature.,"CAV3-related distal myopathy is a rare genetic disorder that primarily affects the muscles of the hands and feet. It's estimated to affect about 1 in every 50,000 individuals worldwide.

The condition typically presents with weakness or atrophy (shrinking) of the muscles in the hands and feet, which can lead to difficulty gripping objects, walking, and performing other daily activities. However, it's important to note that this information may vary depending on the specific population being studied or the criteria used for diagnosis. In general, CAV3-related distal myopathy is considered a relatively mild form of muscular dystrophy, but its impact can still be significant for those who experience symptoms. For more accurate statistics, consulting medical databases or research studies would provide the most up-to-date information.",6.725168940999993
What are the symptoms of Bare lymphocyte syndrome 2 ?,"What are the signs and symptoms of Bare lymphocyte syndrome 2? The Human Phenotype Ontology provides the following list of signs and symptoms for Bare lymphocyte syndrome 2. If the information is available, the table below includes how often the symptom is seen in people with this condition. You can use the MedlinePlus Medical Dictionary to look up the definitions for these medical terms. Signs and Symptoms Approximate number of patients (when available) Agammaglobulinemia - Autosomal dominant inheritance - Autosomal recessive inheritance - Biliary tract abnormality - Chronic lymphocytic meningitis - Chronic mucocutaneous candidiasis - Colitis - Cutaneous anergy - Encephalitis - Failure to thrive - Malabsorption - Neutropenia - Panhypogammaglobulinemia - Protracted diarrhea - Recurrent bacterial infections - Recurrent fungal infections - Recurrent lower respiratory tract infections - Recurrent protozoan infections - Recurrent upper respiratory tract infections - Recurrent urinary tract infections - Recurrent viral infections - Villous atrophy - Viral hepatitis - The Human Phenotype Ontology (HPO) has collected information on how often a sign or symptom occurs in a condition. Much of this information comes from Orphanet, a European rare disease database. The frequency of a sign or symptom is usually listed as a rough estimate of the percentage of patients who have that feature. The frequency may also be listed as a fraction. The first number of the fraction is how many people had the symptom, and the second number is the total number of people who were examined in one study. For example, a frequency of 25/25 means that in a study of 25 people all patients were found to have that symptom. Because these frequencies are based on a specific study, the fractions may be different if another group of patients are examined. Sometimes, no information on frequency is available. In these cases, the sign or symptom may be rare or common.","Bare lymphocyte syndrome (BLYS) is a rare genetic disorder that affects the immune system. It's characterized by an absence or defect in certain types of white blood cells called B lymphocytes, which play a crucial role in fighting infections.

The main symptom of BLYS is recurrent and severe bacterial infections, particularly those caused by Streptococcus pneumoniae. These infections can be life-threatening if not treated promptly with antibiotics.

Other potential symptoms include:

1. Chronic sinusitis
2. Middle ear infection (otitis media)
3. Pneumonia
4. Skin infections
5. Infections of the urinary tract

It's important to note that while these symptoms may occur, they aren't specific to BLYS alone. Other conditions can also cause similar symptoms. Therefore, diagnosis typically involves genetic testing to identify mutations in the CD79A or CD79B genes associated with this condition. Early detection and treatment are crucial for managing the complications associated with BLYS.",8.232813786999941
What are the treatments for Short Bowel Syndrome ?,"A health care provider will recommend treatment for short bowel syndrome based on a patient's nutritional needs. Treatment may include - nutritional support - medications - surgery - intestinal transplant Nutritional Support The main treatment for short bowel syndrome is nutritional support, which may include the following: - Oral rehydration. Adults should drink water, sports drinks, sodas without caffeine, and salty broths. Children should drink oral rehydration solutionsspecial drinks that contain salts and minerals to prevent dehydrationsuch as Pedialyte, Naturalyte, Infalyte, and CeraLyte, which are sold in most grocery stores and drugstores. - Parenteral nutrition. This treatment delivers fluids, electrolytes, and liquid vitamins and minerals into the bloodstream through an intravenous (IV) tubea tube placed into a vein. Health care providers give parenteral nutrition to people who cannot or should not get their nutrition or enough fluids through eating. - Enteral nutrition. This treatment delivers liquid food to the stomach or small intestine through a feeding tubea small, soft, plastic tube placed through the nose or mouth into the stomach. Gallstonessmall, pebblelike substances that develop in the gallbladderare a complication of enteral nutrition. More information is provided in the NIDDK health topic, Gallstones. - Vitamin and mineral supplements. A person may need to take vitamin and mineral supplements during or after parenteral or enteral nutrition. - Special diet. A health care provider can recommend a specific diet plan for the patient that may include - small, frequent feedings - avoiding foods that can cause diarrhea, such as foods high in sugar, protein, and fiber - avoiding high-fat foods Medications A health care provider may prescribe medications to treat short bowel syndrome, including - antibiotics to prevent bacterial overgrowth - H2 blockers to treat too much gastric acid secretion - proton pump inhibitors to treat too much gastric acid secretion - choleretic agents to improve bile flow and prevent liver disease - bile-salt binders to decrease diarrhea - anti-secretin agents to reduce gastric acid in the intestine - hypomotility agents to increase the time it takes food to travel through the intestines, leading to increased nutrient absorption - growth hormones to improve intestinal absorption - teduglutide to improve intestinal absorption Surgery The goal of surgery is to increase the small intestine's ability to absorb nutrients. Approximately half of the patients with short bowel syndrome need surgery.2 Surgery used to treat short bowel syndrome includes procedures that - prevent blockage and preserve the length of the small intestine - narrow any dilated segment of the small intestine - slow the time it takes for food to travel through the small intestine - lengthen the small intestine Long-term treatment and recovery, which for some may take years, depend in part on - what sections of the small intestine were removed - how much of the intestine is damaged - how well the muscles of the intestine work - how well the remaining small intestine adapts over time Intestinal Transplant An intestinal transplant is surgery to remove a diseased or an injured small intestine and replace it with a healthy small intestine from a person who has just died, called a donor. Sometimes a living donor can provide a segment of his or her small intestine. Transplant surgeonsdoctors who specialize in performing transplant surgeryperform the surgery on patients for whom other treatments have failed and who have lifethreatening complications from long-term parenteral nutrition. An intestinal-transplant team performs the surgery in a hospital. The patient will need anesthesia. Complications of intestinal transplantation include infections and rejection of the transplanted organ. A successful intestinal transplant can be a life-saving treatment for people with intestinal failure caused by short bowel syndrome. By 2008, transplant surgeons had performed almost 2,000 intestinal transplantations in the United Statesapproximately 75 percent of which were in patients younger than 18 years of age.3 A health care provider will tailor treatment to the severity of the patient's disease: - Treatment for mild short bowel syndrome involves eating small, frequent meals; drinking fluid; taking nutritional supplements; and using medications to treat diarrhea. - Treatment for moderate short bowel syndrome is similar to that for mild short bowel syndrome, with the addition of parenteral nutrition as needed. - Treatment for severe short bowel syndrome involves use of parenteral nutrition and oral rehydration solutions. Patients may receive enteral nutrition or continue normal eating, even though most of the nutrients are not absorbed. Both enteral nutrition and normal eating stimulate the remaining intestine to work better and may allow patients to discontinue parenteral nutrition. Some patients with severe short bowel syndrome require parenteral nutrition indefinitely or surgery.","Short bowel syndrome (SBS) is a condition that occurs when there is damage to or removal of large portions of the small intestine. This can be caused by surgery, malnutrition, infection, or other medical conditions.

The treatment for SBS depends on the severity and cause of the condition. In some cases, it may not require any specific treatment, as the body can adapt over time. However, in more severe cases, treatment options include:

1. Nutritional support: This may involve feeding through a tube inserted into the stomach or intestines.
2. Medications: These may help manage symptoms such as diarrhea or nausea.
3. Surgery: In some cases, surgery may be necessary to repair damaged tissue or remove unnecessary parts of the intestine.
4. Probiotics: These may help restore balance to the gut microbiome and improve digestion.
5. Fiber supplements: These may help regulate bowel movements and prevent constipation.

It's important to note that each patient with SBS is unique, and their treatment plan should be tailored to their individual needs and circumstances. Consultation with a healthcare provider is recommended to determine the best course of action.",9.384470888000124
What is the outlook for Adult Acute Lymphoblastic Leukemia ?,"Certain factors affect prognosis (chance of recovery) and treatment options. The prognosis (chance of recovery) and treatment options depend on the following: - The age of the patient. - Whether the cancer has spread to the brain or spinal cord. - Whether there are certain changes in the genes, including the Philadelphia chromosome. - Whether the cancer has been treated before or has recurred (come back).","Adult acute lymphoblastic leukemia (ALL) has a poor prognosis, with a median survival of 12-18 months. The outlook depends on several factors including age, stage of disease at diagnosis, and response to treatment.

In general, younger patients have better outcomes than older ones. Patients who are diagnosed in remission or early stages tend to fare better than those whose ALL is advanced when they are first diagnosed.

Treatment options include chemotherapy, radiation therapy, and stem cell transplantation. Clinical trials may also offer new treatments that could improve outcomes for some patients.

Overall, while adult ALL can be challenging to treat, advances in medical research continue to provide hope for improved outcomes for this type of cancer. It's important for individuals facing this diagnosis to work closely with their healthcare team to develop an individualized treatment plan.",6.737747315999968
what research (or clinical trials) is being done for Breast Cancer ?,"New Technologies Several new technologies offer hope for making future treatment easier for women with breast cancer. - Using a special tool, doctors can today insert a miniature camera through the nipple and into a milk duct in the breast to examine the area for cancer. Using a special tool, doctors can today insert a miniature camera through the nipple and into a milk duct in the breast to examine the area for cancer. - Researchers are testing another technique to help women who have undergone weeks of conventional radiation therapy. Using a small catheter -- a tube with a balloon tip -- doctors can deliver tiny radioactive beads to a place on the breast where cancer tissue has been removed. This can reduce the therapy time to a matter of days. Researchers are testing another technique to help women who have undergone weeks of conventional radiation therapy. Using a small catheter -- a tube with a balloon tip -- doctors can deliver tiny radioactive beads to a place on the breast where cancer tissue has been removed. This can reduce the therapy time to a matter of days. New Drug Combination Therapies New drug therapies and combination therapies continue to evolve. - A mix of drugs may increase the length of time you will live or the length of time you will live without cancer. It may someday prove useful for some women with localized breast cancer after they have had surgery. A mix of drugs may increase the length of time you will live or the length of time you will live without cancer. It may someday prove useful for some women with localized breast cancer after they have had surgery. - New research shows women with early-stage breast cancer who took the drug letrozole, an aromatase inhibitor, after they completed five years of tamoxifen therapy significantly reduced their risk of breast cancer recurrence. New research shows women with early-stage breast cancer who took the drug letrozole, an aromatase inhibitor, after they completed five years of tamoxifen therapy significantly reduced their risk of breast cancer recurrence. Treating HER2-Positive Breast Cancer Herceptin is a drug commonly used to treat women who have a certain type of breast cancer. This drug slows or stops the growth of cancer cells by blocking HER2, a protein found on the surface of some types of breast cancer cells. Approximately 20 to 25 percent of breast cancers produce too much HER2. These ""HER2 positive"" tumors tend to grow faster and are generally more likely to return than tumors that do not overproduce HER2. Results from clinical trials show that those patients with early-stage HER2 positive breast cancer who received Herceptin in combination with chemotherapy had a 52 percent decrease in risk in the cancer returning compared with patients who received chemotherapy treatment alone. Cancer treatments like chemotherapy can be systemic, meaning they affect whole tissues, organs, or the entire body. Herceptin, however, was the first drug used to target only a specific molecule involved in breast cancer. Another drug, Tykerb, was approved by the U.S. Food and Drug Administration for use for treatment of HER2-positive breast cancer. Because of the availability of these two drugs, an international trial called ALTTO was designed to determine if one drug is more effective, safer, and if taking the drugs separately, in tandem order, or together is better. Unfortunately, the results, released in 2014, showed that taking two HER2-targeted agents together was no better than taking one alone in improving survival. The TAILORx Trial In an attempt to further specialize breast cancer treatment, The Trial Assigning Individualized Options for Treatment, or TAILORx, enrolled 10,000 women to examine whether appropriate treatment can be assigned based on genes that are frequently associated with risk of recurrence of breast cancer. The goal of TAILORx is important because the majority of women with early-stage breast cancer are advised to receive chemotherapy in addition to radiation and hormonal therapy, yet research has not demonstrated that chemotherapy benefits all of them equally. TAILORx seeks to examine many of a woman's genes simultaneously and use this information in choosing a treatment course, thus sparing women unnecessary treatment if chemotherapy is not likely to be of substantial benefit to them.","There are many ongoing and completed studies that focus on breast cancer. Some of the most notable include:

1. **HER2-positive Breast Cancer**: Studies like the HER2-Targeted Therapy in Metastatic Disease (HOTMA) trial aim to evaluate the effectiveness of trastuzumab, a targeted therapy drug, in treating advanced-stage HER2-positive breast cancer.

2. **Triple-Negative Breast Cancer**: Trials such as the Neoadjuvant Herceptin Plus Tamoxifen Trial (NHT) explore the use of neoadjuvant chemotherapy followed by tamoxifen in women with triple-negative breast cancer.

3. **Luminal A and Luminal B Subtypes**: Research into these subtypes includes studies examining the efficacy of various treatments, such as endocrine therapies or targeted therapies, in different groups of patients.

4. **Immunotherapy**: Clinical trials involving immunotherapies, particularly checkpoint inhibitors, are also underway, aiming to improve outcomes for patients with metastatic breast cancer.

5. **Genetic Testing and Biomarkers**: Many studies involve genetic testing and biomarker analysis to identify specific mutations or markers associated with breast cancer risk or response to treatment.

6. **Early Detection and Prevention**: Research focuses on developing new methods for early",10.52129921400001
Is methylmalonic acidemia with homocystinuria inherited ?,"Methylmalonic acidemia with homocystinuria is usually inherited in an autosomal recessive pattern, which means both copies of the gene in each cell have mutations. The parents of an individual with an autosomal recessive condition each carry one copy of the mutated gene, but they typically do not show signs and symptoms of the condition. When caused by mutations in the HCFC1 gene, the condition is inherited in an X-linked recessive pattern. The HCFC1 gene is located on the X chromosome, which is one of the two sex chromosomes. In males (who have only one X chromosome), one altered copy of the gene in each cell is sufficient to cause the condition. In females (who have two X chromosomes), a mutation would have to occur in both copies of the gene to cause the disorder. Because it is unlikely that females will have two altered copies of this gene, males are affected by X-linked recessive disorders much more frequently than females. A characteristic of X-linked inheritance is that fathers cannot pass X-linked traits to their sons.","Yes, Methylmalonic Acidemia (MMA) and Homocystinuria are both genetic disorders that can be passed down from parents to their children. These conditions result from defects in the body's ability to properly process certain amino acids and other substances.

Methylmalonic acidemia is caused by a deficiency of one or more enzymes involved in the metabolism of methionine and related compounds. This leads to an accumulation of methylmalonic acid in the blood and urine, which can cause symptoms such as neurological problems, growth retardation, and developmental delays.

Homocystinuria is also caused by enzyme deficiencies, specifically those affecting the breakdown of homocysteine. High levels of this amino acid in the blood can lead to various health issues, including cardiovascular disease, osteoporosis, and intellectual disability.

Both MMA and HOMA are autosomal recessive disorders, meaning they require two copies of the defective gene—one from each parent—to develop the condition. If only one copy of the defective gene is present, individuals may not show any signs of the disorder but could still pass it on to their offspring.

It's important for families affected by these conditions to seek medical advice and support groups to understand the risks and manage the symptoms effectively. Regular monitoring and",10.454499124999984
What are the treatments for McLeod neuroacanthocytosis syndrome ?,These resources address the diagnosis or management of McLeod neuroacanthocytosis syndrome: - Gene Review: Gene Review: McLeod Neuroacanthocytosis Syndrome - Genetic Testing Registry: McLeod neuroacanthocytosis syndrome These resources from MedlinePlus offer information about the diagnosis and management of various health conditions: - Diagnostic Tests - Drug Therapy - Surgery and Rehabilitation - Genetic Counseling - Palliative Care,"McLeod neuroacanthocytosis syndrome (MNS) is a rare genetic disorder that affects the nervous system. The primary treatment for MNS involves managing symptoms and complications, as there is no cure. Here are some common approaches:

1. **Symptom Management**: This includes addressing issues such as seizures, cognitive decline, and muscle weakness.

2. **Physical Therapy**: To help manage muscle weakness and improve mobility.

3. **Occupational Therapy**: To assist with daily activities and maintain independence.

4. **Speech Therapy**: If speech difficulties occur due to neurological impairment.

5. **Medications**: Depending on specific symptoms, medications may be prescribed to control seizures or other conditions.

6. **Supportive Care**: Including pain management and psychological support.

7. **Regular Monitoring**: Regular check-ups with healthcare providers to monitor progression and adjust treatments as needed.

8. **Genetic Counseling**: For families affected by MNS, genetic counseling can provide information about inheritance patterns and future risks.

9. **Alternative Therapies**: Some patients may benefit from complementary therapies like acupuncture or massage therapy.

It's important to work closely with medical professionals who specialize in neuromuscular disorders to develop an individualized treatment plan tailored to each patient's needs.",10.448369604999925
What are the treatments for Tay-Sachs disease ?,"How might children with Tay-Sachs disease be treated? Although several attempts have been made at purified enzyme replacement therapy for children with Tay-Sachs disease, none has been successful. Cellular infusions and even bone marrow transplantation have been attempted with no evidence of benefit. Because no specific treatment is available for Tay-Sachs disease, treatment is directed at the symptoms and major associated conditions. Treatment is supportive and aimed at providing adequate nutrition and hydration. The airway must be protected. Seizures can be controlled initially with conventional anticonvulsant medications such as benzodiazepines, phenytoins, and/or barbiturates, but the progressive nature of the disease may require alteration of dosage or medication. Infectious diseases should be managed. In advanced disease, good bowel movement should be maintained and severe constipation should be avoided. Good hydration, food additives, stool softeners, laxatives, and other measures should be employed to avoid severe constipation.","Tay-Sachs disease is a rare, inherited disorder that affects the nervous system. It's caused by a deficiency of an enzyme called hexosaminidase A (Hex-A). The treatment options for Tay-Sachs disease include:

1. Enzyme replacement therapy: This involves replacing the missing or deficient Hex-A enzyme in the body with a synthetic version.

2. Gene therapy: This approach aims to correct the genetic defect causing Tay-Sachs disease by introducing healthy copies of the gene into cells.

3. Supportive care: This includes managing symptoms and complications associated with the disease, such as seizures, vision loss, and respiratory problems.

4. Nutritional support: Ensuring proper nutrition can help manage some of the physical challenges faced by people with Tay-Sachs disease.

5. Physical therapy: To maintain mobility and prevent muscle weakness.

6. Speech therapy: To aid communication if speech becomes difficult due to neurological issues.

7. Psychological support: For both patients and their families, dealing with a lifelong condition can be emotionally challenging.

It's important to note that while these treatments aim to improve quality of life, there is currently no cure for Tay-Sachs disease. Early diagnosis and comprehensive management are crucial for individuals affected by this condition.",10.188776032000078
What are the treatments for DMD-associated dilated cardiomyopathy ?,"These resources address the diagnosis or management of DMD-associated dilated cardiomyopathy: - Gene Review: Gene Review: Dilated Cardiomyopathy Overview - Gene Review: Gene Review: Dystrophinopathies - Genetic Testing Registry: Dilated cardiomyopathy 3B - Genetic Testing Registry: Duchenne muscular dystrophy - National Heart, Lung, and Blood Institute: How Is Cardiomyopathy Diagnosed? - National Heart, Lung, and Blood Institute: How Is Cardiomyopathy Treated? These resources from MedlinePlus offer information about the diagnosis and management of various health conditions: - Diagnostic Tests - Drug Therapy - Surgery and Rehabilitation - Genetic Counseling - Palliative Care","Duchenne muscular dystrophy (DMD) is a genetic disorder that causes progressive muscle weakness and wasting. It affects boys more than girls because it is caused by mutations in the gene that codes for the protein dystrophin, which is essential to maintaining the integrity of muscle fibers.

The most common cause of heart problems in people with DMD is dilated cardiomyopathy (DCM). This condition occurs when the heart's pumping chambers become enlarged and weakened, making it difficult for the heart to pump blood effectively throughout the body. The symptoms of DCM can include shortness of breath during physical activity, fatigue, and swelling in the legs or abdomen.

There are several treatment options available for DMD-associated DCM:

1. Medications: Beta-blockers, angiotensin-converting enzyme inhibitors, and diuretics may be prescribed to help manage symptoms such as high blood pressure, fluid retention, and heart failure.
2. Physical therapy: Regular exercise can improve strength and endurance, reduce pain, and prevent complications associated with DMD.
3. Oxygen therapy: People with severe breathing difficulties may benefit from supplemental oxygen.
4. Ventricular assist devices (VADs): These mechanical pumps can help support the heart's function if other treatments fail.
5. Heart",10.373465505000013
what research (or clinical trials) is being done for Swallowing Disorders ?,The National Institute of Neurological Disorders and Stroke (NINDS) and other institutes at the National Institutes of Health conduct research related to dysphagia in their clinics and laboratories and support additional research through grants to major medical institutions across the country. Much of this research focuses on finding better ways to treat dysphagia.,"Swallowing disorders, also known as dysphagia, are a common problem that affects millions of people worldwide. They can be caused by various factors such as neurological conditions, head and neck injuries, or certain medications.

There have been several studies conducted to better understand the causes and treatments of swallowing disorders. Here are some examples:

1. **Neurological Conditions**: Research has focused on understanding how different types of stroke, brain tumors, and other neurological conditions affect swallowing function. For example, a study published in the Journal of Neurology found that patients with Parkinson's disease often experience difficulties with swallowing due to changes in muscle control and coordination.

2. **Head and Neck Injuries**: Studies have investigated the impact of traumatic brain injury (TBI), which can lead to cognitive impairments affecting swallowing. A review article in the journal Current Opinion in Otolaryngology & Head and Neck Surgery highlighted the importance of early intervention and rehabilitation strategies for individuals recovering from TBI-related swallowing problems.

3. **Medications**: Researchers have explored the relationship between certain drugs and their potential side effects on swallowing. For instance, a meta-analysis published in the European Journal of Clinical Pharmacology examined the prevalence of oral candidiasis among patients taking proton pump inhibitors, finding that these",10.515151742000171
What is (are) Ankylosing spondylitis ?,"Ankylosing spondylitis (AS) is a type of chronic, inflammatory arthritis that mainly affects the spine. It usually begins with inflammation of the joints between the pelvic bones and spine, gradually spreading to the joints between the vertebrae. Signs and symptoms usually begin in adolescence or early adulthood and may include back pain and stiffness. Back movement gradually becomes more limited as the vertebrae fuse together. The condition may also affect the shoulders; ribs; hips; knees; and feet; as well as the eyes; bowel; and very rarely, the heart and lungs. AS is likely caused by a combination of genetic and environmental factors; variations in several genes are thought to affect the risk to develop AS. In most cases, treatment involves exercise and medications to relieve pain and inflammation.","Ankylosing spondylitis is a chronic inflammatory disease that primarily affects the spine and can also involve other joints, eyes, heart, lungs, and sometimes the sacroiliac joints. It causes inflammation in the vertebrae of the spine, leading to stiffness and pain, which may progress over time causing the bones to fuse together, resulting in a hunched posture.

The condition is caused by an autoimmune response where the body's immune system attacks its own tissues, specifically the synovium lining the joint surfaces. This leads to swelling, pain, and stiffness in the affected areas. The exact cause of this autoimmune reaction is not fully understood but it is believed to be influenced by genetic factors as well as environmental triggers such as infections or smoking.

Symptoms typically include back pain and stiffness, especially in the morning or after periods of rest. Other symptoms might include eye redness, dry mouth, fatigue, and difficulty swallowing. Diagnosis usually involves physical examination, imaging studies like X-rays or MRI scans, blood tests for rheumatoid factor and C-reactive protein levels, and occasionally a skin biopsy if there are signs of inflammation elsewhere on the body.

Treatment options vary depending on the severity of the condition but often include nonsteroidal anti-inflammatory drugs (NSAIDs),",10.42115150199993
Who is at risk for Parasites - Lymphatic Filariasis? ?,"There are three different filarial species that can cause lymphatic filariasis in humans. Most of the infections worldwide are caused by Wuchereria bancrofti. In Asia, the disease can also be caused by Brugia malayi and Brugia timori. The infection spreads from person to person by mosquito bites. The adult worm lives in the human lymph vessels, mates, and produces millions of microscopic worms, also known as microfilariae. Microfilariae circulate in the person's blood and infect the mosquito when it bites a person who is infected. Microfilariae grow and develop in the mosquito. When the mosquito bites another person, the larval worms pass from the mosquito into the human skin, and travel to the lymph vessels. They grow into adult worms, a process that takes 6 months or more. An adult worm lives for about 5–7 years. The adult worms mate and release millions of microfilariae into the blood. People with microfilariae in their blood can serve as a source of infection to others. A wide range of mosquitoes can transmit the parasite, depending on the geographic area. In Africa, the most common vector is Anopheles and in the Americas, it is Culex quinquefasciatus. Aedes and Mansonia can transmit the infection in the Pacific and in Asia. Many mosquito bites over several months to years are needed to get lymphatic filariasis. People living for a long time in tropical or sub-tropical areas where the disease is common are at the greatest risk for infection. Short-term tourists have a very low risk. Programs to eliminate lymphatic filariasis are under way in more than 50 countries. These programs are reducing transmission of the filarial parasites and decreasing the risk of infection for people living in or visiting these communities. Geographic distribution Lymphatic filariasis affects over 120 million people in 73 countries throughout the tropics and sub-tropics of Asia, Africa, the Western Pacific, and parts of the Caribbean and South America. In the Americas, only four countries are currently known to be endemic: Haiti, the Dominican Republic, Guyana and Brazil. In the United States, Charleston, South Carolina, was the last known place with lymphatic filariasis. The infection disappeared early in the 20th century. Currently, you cannot get infected in the U.S.","Lymphatic filariasis (LF) is a parasitic disease caused by the nematode parasite Wuchereria bancrofti, Brugia malayi and Brugia timori. LF is transmitted to humans through the bite of infected mosquitoes.

The following groups are at increased risk of infection:

- Children under 15 years old
- Men who have sex with men
- People living in endemic areas

In addition, people with compromised immune systems or those who have had their lymph nodes removed due to surgery or cancer treatment may also be at higher risk of developing lymphatic filariasis.",5.1727610220000315
What is (are) Carcinoid syndrome ?,"Carcinoid syndrome refers to a group of symptoms that are associated with carcinoid tumors (rare, slow-growing tumors that occur most frequently in the gastroinestinal tract or lungs). Affected people may experience skin flushing, abdominal pain, diarrhea, difficulty breathing, rapid heart rate, low blood pressure, skin lesions on the face (telangiectasias), and wheezing. In later stages, carcinoid syndrome may damage the heart valves, resulting in symptoms of congestive heart failure. The condition occurs when the carcinoid tumor secretes serotonin or other chemicals into the bloodstream. Only 10% of people with carcinoid tumors develop carcinoid syndrome; most have advanced stage carcinoid tumors that have spread to the liver. Treatment generally involves addressing the underlying carcinoid tumor and medications to alleviate symptoms.","Carcinoid syndrome is a group of symptoms that can occur when tumors in the digestive system produce too much serotonin. Serotonin is a chemical messenger that helps regulate many bodily functions, including digestion and mood.

When these tumors release excess serotonin into the bloodstream, it can cause various symptoms such as flushing, diarrhea, abdominal pain, and sometimes even heart problems or skin changes. The severity of carcinoid syndrome symptoms can vary widely from person to person.

Treatment for carcinoid syndrome often involves managing the underlying tumor causing the condition, controlling symptoms with medications, and monitoring for potential complications. In some cases, surgery may be necessary to remove the tumor if possible. Regular follow-up care is also important to monitor any changes in health status related to the disease.",6.1503899790000105
What is (are) Donohue syndrome ?,"Donohue syndrome is a rare disorder characterized by severe insulin resistance, a condition in which the body's tissues and organs do not respond properly to the hormone insulin. Insulin normally helps regulate blood sugar levels by controlling how much sugar (in the form of glucose) is passed from the bloodstream into cells to be used as energy. Severe insulin resistance leads to problems with regulating blood sugar levels and affects the development and function of organs and tissues throughout the body. Severe insulin resistance underlies the varied signs and symptoms of Donohue syndrome. Individuals with Donohue syndrome are unusually small starting before birth, and affected infants experience failure to thrive, which means they do not grow and gain weight at the expected rate. Additional features that become apparent soon after birth include a lack of fatty tissue under the skin (subcutaneous fat); wasting (atrophy) of muscles; excessive body hair growth (hirsutism); multiple cysts on the ovaries in females; and enlargement of the nipples, genitalia, kidneys, heart, and other organs. Most affected individuals also have a skin condition called acanthosis nigricans, in which the skin in body folds and creases becomes thick, dark, and velvety. Distinctive facial features in people with Donohue syndrome include bulging eyes, thick lips, upturned nostrils, and low-set ears. Affected individuals develop recurrent, life-threatening infections beginning in infancy. Donohue syndrome is one of a group of related conditions described as inherited severe insulin resistance syndromes. These disorders, which also include Rabson-Mendenhall syndrome and type A insulin resistance syndrome, are considered part of a spectrum. Donohue syndrome represents the most severe end of the spectrum; most children with this condition do not survive beyond age 2.","Donohue syndrome, also known as 21-hydroxylase deficiency or congenital adrenal hyperplasia (CAH), is a group of inherited metabolic disorders that affect the production of steroid hormones in the body. These hormones play crucial roles in regulating various physiological processes such as metabolism, growth, and development.

The primary cause of Donohue syndrome is mutations in the CYP21A2 gene, which encodes for an enzyme called 21-hydroxylase. This enzyme is responsible for converting cholesterol into cortisol, aldosterone, and other important hormones. When this enzyme is not functioning properly due to genetic mutations, it leads to imbalances in these hormone levels.

There are several types of Donohue syndrome based on the specific mutations affecting the CYP21A2 gene:

1. **Classic type**: The most common form, characterized by high levels of male hormones (androgens) and low levels of female hormones (estrogens).
2. **Mild type**: Characterized by mild symptoms and lower levels of androgen excess.
3. **Severe type**: Characterized by severe symptoms and higher levels of androgen excess.
4. **Intermediate type**: A combination of features from both classic and mild types.",10.439818457000001
What are the treatments for SUNCT Headache ?,"These headaches are generally non-responsive to usual treatment for other short-lasting headaches. Corticosteroids and the anti-epileptic drugs gabapentin, lamotrigine, and carbamazepine may help relieve some symptoms in some patients. Studies have shown that injections of glycerol to block nerve signaling along the trigeminal nerve may provide temporary relief in some severe cases, but the headaches recurred in about 40 percent of individuals studied.","SUNCT is a rare type of migraine that causes severe, stabbing headaches on one side of the head. The pain can be so intense that it feels like being stabbed by an ice pick or razor blade.

There's no cure for SUNCT, but there are several treatment options to help manage symptoms:

1. Medications: Over-the-counter pain relievers such as ibuprofen and acetaminophen may provide relief from mild to moderate pain. For more severe attacks, prescription medications like triptans (which constrict blood vessels) or ergotamines (which block nerve impulses) might be prescribed.
2. Preventive therapy: If you experience frequent attacks, your doctor may prescribe preventive medication to reduce the frequency and severity of attacks. These include beta-blockers, calcium channel blockers, anti-seizure drugs, and antidepressants.
3. Lifestyle changes: Reducing stress through relaxation techniques, regular exercise, and maintaining a healthy diet can help prevent attacks.
4. Avoid triggers: Identifying and avoiding known triggers, such as certain foods, alcohol, caffeine, and hormonal changes in women, can also help control symptoms.
5. Alternative therapies: Some people find relief with acupuncture, biofeedback, or other alternative therapies. However, these should not replace conventional medical treatment",10.346914998999864
What are the treatments for proopiomelanocortin deficiency ?,These resources address the diagnosis or management of proopiomelanocortin deficiency: - Eunice Kennedy Shriver National Institute of Child Health and Human Development: How are Obesity and Overweight Diagnosed? - Gene Review: Gene Review: Proopiomelanocortin Deficiency - Genetic Testing Registry: Proopiomelanocortin deficiency - MedlinePlus Encyclopedia: ACTH - National Heart Lung and Blood Institute: How Are Overweight and Obesity Treated? - National Institutes of Health Clinical Center: Managing Adrenal Insufficiency These resources from MedlinePlus offer information about the diagnosis and management of various health conditions: - Diagnostic Tests - Drug Therapy - Surgery and Rehabilitation - Genetic Counseling - Palliative Care,"Proopiomelanocortin (POMC) deficiency is a rare genetic disorder that affects the production of melanocyte-stimulating hormone (MSH), which regulates skin pigmentation and metabolism. The treatment options for POMC deficiency include:

1. **Pharmacological Treatment**: 
   - **Melanotransferrin**: This synthetic form of MSH can be used to treat hypomelanosis, a condition characterized by depigmented patches on the skin.
   - **Oral Melanotropin**: In some cases, oral administration of recombinant human melanotropin may be considered.

2. **Phototherapy**:
   - **UVB Phototherapy**: Low-dose ultraviolet B (UVB) light therapy has been shown to improve skin pigmentation in patients with POMC deficiency.

3. **Topical Treatments**:
   - **Retinoids**: Topical retinoids can help stimulate new skin growth and increase melanin production.
   - **Antioxidants**: Certain antioxidants like vitamin C and E can help protect the skin from oxidative stress, potentially improving pigmentation.

4. **Dietary Adjustments**:
   - **Increased Intake of Foods Rich in Antioxidants",10.45314086899998
How to prevent Coronary Heart Disease ?,"You can prevent and control coronary heart disease (CHD)by taking action to control your risk factors with heart-healthy lifestyle changes and medicines. Examples of risk factors you can control include high blood cholesterol, high blood pressure, and overweight and obesity. Only a few risk factorssuch as age, gender, and family historycant be controlled. Your risk for CHD increases with the number of risk factors you have. To reduce your risk of CHD and heart attack, try to control each risk factor you have by adopting the following heart-healthy lifestyles: Heart-healthy eating Maintaining a healthy weight Managing stress Physical activity Quitting smoking Know your family history of health problems related to CHD. If you or someone in your family has CHD, be sure to tell your doctor. If lifestyle changes aren't enough, you also may need medicines to control your CHD risk factors.","Preventing coronary heart disease involves a combination of lifestyle changes, regular exercise, and maintaining a healthy weight. Here are some steps you can take:

1. **Eat a Healthy Diet**: Focus on whole foods like fruits, vegetables, lean proteins, and whole grains. Limit your intake of saturated fats, trans fats, cholesterol, sodium, and added sugars.

2. **Maintain a Healthy Weight**: Being overweight or obese increases the risk of developing coronary heart disease. Work with a healthcare provider to create a plan for achieving and maintaining a healthy weight through diet and exercise.

3. **Exercise Regularly**: Aim for at least 150 minutes of moderate aerobic activity or 75 minutes of vigorous activity each week. Include strength training exercises that work all major muscle groups at least two days per week.

4. **Manage Stress**: High levels of stress can contribute to heart disease. Practice relaxation techniques such as deep breathing, meditation, yoga, or tai chi.

5. **Quit Smoking**: Smoking is one of the leading causes of coronary heart disease. If you smoke, talk to your doctor about strategies to quit.

6. **Limit Alcohol Consumption**: Excessive alcohol consumption can increase blood pressure and triglyceride levels, both of which raise the risk of coronary heart disease",10.382406430999936
What is (are) alpha thalassemia ?,"Alpha thalassemia is a blood disorder that reduces the production of hemoglobin. Hemoglobin is the protein in red blood cells that carries oxygen to cells throughout the body. In people with the characteristic features of alpha thalassemia, a reduction in the amount of hemoglobin prevents enough oxygen from reaching the body's tissues. Affected individuals also have a shortage of red blood cells (anemia), which can cause pale skin, weakness, fatigue, and more serious complications. Two types of alpha thalassemia can cause health problems. The more severe type is known as hemoglobin Bart hydrops fetalis syndrome or Hb Bart syndrome. The milder form is called HbH disease. Hb Bart syndrome is characterized by hydrops fetalis, a condition in which excess fluid builds up in the body before birth. Additional signs and symptoms can include severe anemia, an enlarged liver and spleen (hepatosplenomegaly), heart defects, and abnormalities of the urinary system or genitalia. As a result of these serious health problems, most babies with this condition are stillborn or die soon after birth. Hb Bart syndrome can also cause serious complications for women during pregnancy, including dangerously high blood pressure with swelling (preeclampsia), premature delivery, and abnormal bleeding. HbH disease causes mild to moderate anemia, hepatosplenomegaly, and yellowing of the eyes and skin (jaundice). Some affected individuals also have bone changes such as overgrowth of the upper jaw and an unusually prominent forehead. The features of HbH disease usually appear in early childhood, and affected individuals typically live into adulthood.","Alpha-thalassemias are a group of inherited blood disorders that affect the production of hemoglobin, which is the protein in red blood cells that carries oxygen throughout the body. These conditions result from mutations or deletions in one or more genes responsible for producing certain proteins involved in the synthesis of hemoglobin.

There are two main types of alpha-thalassemia:

1. **Alpha-0 Thalassemia**: This condition involves the absence of all four alpha-globin gene products. It can be further classified into three subtypes based on the number and severity of affected genes:
   - **Alpha-0 Thalassemia Silent Carrier**: Individuals with this subtype have no symptoms but carry the genetic mutation.
   - **Alpha-0 Thalassemia Mild**: Symptoms may include mild anemia, fatigue, and jaundice.
   - **Alpha-0 Thalassemia Moderate to Severe**: Symptoms can range from moderate anemia to severe anemia, including heart problems and developmental delays in children.

2. **Alpha-Thalassemia Major (Hemoglobin H Disease)**: This is the most severe form of alpha-thalassemia. It results from the deletion of all four alpha-globin",10.38824333399998
"What are the symptoms of Pancreatic cancer, childhood ?","What are the signs and symptoms of Pancreatic cancer, childhood? The Human Phenotype Ontology provides the following list of signs and symptoms for Pancreatic cancer, childhood. If the information is available, the table below includes how often the symptom is seen in people with this condition. You can use the MedlinePlus Medical Dictionary to look up the definitions for these medical terms. Signs and Symptoms Approximate number of patients (when available) Neoplasm of the pancreas - The Human Phenotype Ontology (HPO) has collected information on how often a sign or symptom occurs in a condition. Much of this information comes from Orphanet, a European rare disease database. The frequency of a sign or symptom is usually listed as a rough estimate of the percentage of patients who have that feature. The frequency may also be listed as a fraction. The first number of the fraction is how many people had the symptom, and the second number is the total number of people who were examined in one study. For example, a frequency of 25/25 means that in a study of 25 people all patients were found to have that symptom. Because these frequencies are based on a specific study, the fractions may be different if another group of patients are examined. Sometimes, no information on frequency is available. In these cases, the sign or symptom may be rare or common.","Pancreatic cancer is a rare disease that occurs when cells in the pancreas grow out of control. The most common symptom of pancreatic cancer is pain in the upper abdomen or back. Other symptoms may include:

- Fatigue
- Weight loss without trying to lose weight
- Nausea and vomiting
- Loss of appetite
- Jaundice (yellowing of the skin and eyes)
- Dark urine
- Light-colored stools

If you have any of these symptoms, it's important to see your doctor as soon as possible for further evaluation. Early detection can improve treatment outcomes. 

Note: This information is not intended to replace professional medical advice. If you suspect you have pancreatic cancer, please seek immediate medical attention. 

Also note that this response does not cover all possible symptoms of pancreatic cancer, but rather focuses on those commonly associated with childhood cases. For more specific information about childhood pancreatic cancer, additional research would be needed. 

Please consult a healthcare provider for accurate diagnosis and treatment recommendations. 

The provided text contains factual errors regarding the symptoms of pancreatic cancer, particularly mentioning ""childhood"" which is incorrect since pancreatic cancer can affect anyone regardless of age. It also omits other common symptoms such as jaundice, dark urine, light-colored stools, fatigue",10.472601448999967
What are the treatments for Urinary Tract Infection In Adults ?,"Most UTIs are caused by bacteria, which are treated with bacteria-fighting medications called antibiotics or antimicrobials. The choice of medication and length of treatment depend on the patients history and the type of bacteria causing the infection. Some antibiotics may be ruled out if a person has allergies to them. The sensitivity test takes 48 hours to complete and is especially useful in helping the health care provider select the antibiotic most likely to be effective in treating an infection. Longer treatment may be needed if the first antibiotic given is not effective. When a UTI occurs in a healthy person with a normal, unobstructed urinary tract, the term uncomplicated is used to describe the infection. Most young women who have UTIs have uncomplicated UTIs, which can be cured with 2 or 3 days of treatment. Single-dose treatment is less effective. Longer treatment causes more side effects and is not more effective. A follow-up urinalysis helps to confirm the urinary tract is infection-free. Taking the full course of treatment is important because symptoms may disappear before the infection is fully cleared. Complicated UTIs occur when a personfor example, a pregnant woman or a transplant patientis weakened by another condition. A UTI is also complicated when the person has a structural or functional abnormality of the urinary tract, such as an obstructive kidney stone or prostate enlargement that squeezes the urethra. Health care providers should assume that men and boys have a complicated UTI until proven otherwise. Severely ill patients with kidney infections may be hospitalized until they can take fluids and needed medications on their own. Kidney infections may require several weeks of antibiotic treatment. Kidney infections in adults rarely lead to kidney damage or kidney failure unless they go untreated or are associated with urinary tract obstruction. Bladder infections are generally self-limiting, but antibiotic treatment significantly shortens the duration of symptoms. People usually feel better within a day or two of treatment. Symptoms of kidney and prostate infections last longer. Drinking lots of fluids and urinating frequently will speed healing. If needed, various medications are available to relieve the pain of a UTI. A heating pad on the back or abdomen may also help. Recurrent Infections in Women Health care providers may advise women who have recurrent UTIs to try one of the following treatment options: - Take low doses of the prescribed antibiotic daily for 6 months or longer. If taken at bedtime, the medication remains in the bladder longer and may be more effective. NIH-supported research has shown this therapy to be effective without causing serious side effects. - Take a single dose of an antibiotic after sexual intercourse. - Take a short course2 or 3 daysof an antibiotic when symptoms appear. To try to prevent an infection, health care providers may suggest women - drink plenty of water every day - urinate when the need arises and avoid resisting the urge to urinate - urinate after sexual intercourse - switch to a different method of birth control if recurring UTIs are a problem Infections during Pregnancy During pregnancy, bacterial infection of the urineeven in the absence of symptomscan pose risks to both the mother and the baby. Some antibiotics are not safe to take during pregnancy. In selecting the best treatments, health care providers consider various factors such as the medications effectiveness, the stage of pregnancy, the mothers health, and potential effects on the fetus. Complicated Infections Curing infections that stem from a urinary obstruction or other systemic disorder depends on finding and correcting the underlying problem, sometimes with surgery. If the root cause goes untreated, this group of patients is at risk for kidney damage. Also, such infections tend to arise from a wider range of bacteria and sometimes from more than one type of bacteria at a time. Infections in Men Urinary tract infections in men are often the result of an obstructionfor example, a urinary stone or enlarged prostateor are from a catheter used during a medical procedure. The first step in treating such an infection is to identify the infecting organism and the medications to which it is sensitive. Prostate infectionschronic bacterial prostatitisare harder to cure because antibiotics may be unable to penetrate infected prostate tissue effectively. For this reason, men with bacterial prostatitis often need long-term treatment with a carefully selected antibiotic. UTIs in men are frequently associated with acute bacterial prostatitis, which can be life threatening if not treated urgently.","Urinary tract infections (UTIs) in adults can be treated with antibiotics. The type of antibiotic prescribed depends on the severity and cause of the infection, as well as any underlying health conditions that may affect treatment options.

For uncomplicated UTIs caused by bacteria such as Escherichia coli, a single dose of an appropriate antibiotic is often sufficient to clear the infection. For more severe or recurrent UTIs, multiple doses of antibiotics may be necessary.

In addition to antibiotics, other treatments may include:

- Pain relief: Over-the-counter pain relievers like acetaminophen or ibuprofen can help manage symptoms.
- Increased fluid intake: Drinking plenty of fluids helps flush out bacteria from the urinary system.
- Bladder training: Techniques to increase bladder capacity and reduce frequency of urination.
- Cranberry products: Some studies suggest cranberry juice or supplements might help prevent future UTIs, but their effectiveness varies among individuals.

It's important to follow your healthcare provider's instructions regarding medication use and complete the full course of antibiotics even if you feel better before finishing them. This prevents the development of antibiotic-resistant bacteria and ensures proper treatment. If symptoms persist or worsen despite treatment, seek medical attention promptly.",9.954407033000052
What are the symptoms of Kawasaki Disease ?,"Major Signs and Symptoms One of the main symptoms during the early part of Kawasaki disease, called the acute phase, is fever. The fever lasts longer than 5 days. It remains high even after treatment with standard childhood fever medicines. Other classic signs of the disease are: Swollen lymph nodes in the neck A rash on the mid-section of the body and in the genital area Red, dry, cracked lips and a red, swollen tongue Red, swollen palms of the hands and soles of the feet Redness of the eyes Other Signs and Symptoms During the acute phase, your child also may be irritable and have a sore throat, joint pain, diarrhea, vomiting, and stomach pain. Within 2 to 3 weeks of the start of symptoms, the skin on your child's fingers and toes may peel, sometimes in large sheets.","Kawasaki disease is a serious illness that can affect children. It causes inflammation in the blood vessels throughout the body, including those in the heart and lungs.

The most common symptom of Kawasaki disease is fever lasting for more than five days. Other symptoms include:

- Redness or swelling of the eyes
- Swollen lymph nodes under the jaw
- Rash on the palms and soles of the feet
- Redness around the mouth (inflammation of the lips)
- Redness and swelling of the hands and feet
- Dry cough
- Shortness of breath

If you have any of these symptoms, it's important to see a doctor right away. Early treatment can help prevent complications from Kawasaki disease.",5.931980389000046
How to diagnose Vulvar Cancer ?,"Tests that examine the vulva are used to detect (find) and diagnose vulvar cancer. The following tests and procedures may be used: - Physical exam and history : An exam of the body to check general signs of health, including checking the vulva for signs of disease, such as lumps or anything else that seems unusual. A history of the patients health habits and past illnesses and treatments will also be taken. - Biopsy : The removal of samples of cells or tissues from the vulva so they can be viewed under a microscope by a pathologist to check for signs of cancer.","Vulvar cancer is a rare type of cancer that affects the vulva, which are the external female genitalia. It can be caused by HPV (human papillomavirus) infection and other factors such as chronic inflammation or irritation.

To diagnose vulvar cancer, your doctor will perform a physical examination of the vulva and may take a biopsy of any suspicious areas. They may also order blood tests, imaging studies, and other diagnostic procedures depending on the results of the initial evaluation.

If you have symptoms such as itching, pain, bleeding, or changes in the appearance of the vulva, it's important to see a healthcare provider for an evaluation. Early detection and treatment can improve outcomes for patients with vulvar cancer.",6.02664378999998
What are the genetic changes related to diastrophic dysplasia ?,"Diastrophic dysplasia is one of several skeletal disorders caused by mutations in the SLC26A2 gene. This gene provides instructions for making a protein that is essential for the normal development of cartilage and for its conversion to bone. Cartilage is a tough, flexible tissue that makes up much of the skeleton during early development. Most cartilage is later converted to bone, except for the cartilage that continues to cover and protect the ends of bones and is present in the nose and external ears. Mutations in the SLC26A2 gene alter the structure of developing cartilage, preventing bones from forming properly and resulting in the skeletal problems characteristic of diastrophic dysplasia.","Diastrophic dysplasia (DD) is a rare, inherited skeletal disorder that affects bone development. The primary genetic change associated with DD is an autosomal recessive mutation in the *COL1A1* gene.

The *COL1A1* gene encodes for type I collagen alpha 1 chain, which is one of the major components of the extracellular matrix and plays a crucial role in maintaining the integrity of bones and cartilage. In individuals with DD, there is a deficiency or abnormality in this protein, leading to various skeletal abnormalities.

Key features of Diastrophic Dysplasia include:

1. **Short stature**: Individuals with DD typically have short stature due to underdeveloped long bones.
2. **Prognathism**: A protruding lower jaw, often described as ""long face"" or ""beaked mouth.""
3. **Hypertelorism**: Enlargement of the distance between the eyes.
4. **Cleft palate**: Often present at birth or develops later.
5. **Joint laxity**: Increased flexibility of joints, including elbows and knees.
6. **Musculoskeletal deformities**: Such as scoliosis, kyphosis, and genu varum/valgus.

The specific mutations in the",10.407607335999955
What are the symptoms of Fetal akinesia syndrome X-linked ?,"What are the signs and symptoms of Fetal akinesia syndrome X-linked? The Human Phenotype Ontology provides the following list of signs and symptoms for Fetal akinesia syndrome X-linked. If the information is available, the table below includes how often the symptom is seen in people with this condition. You can use the MedlinePlus Medical Dictionary to look up the definitions for these medical terms. Signs and Symptoms Approximate number of patients (when available) Agenesis of corpus callosum - Arrhinencephaly - Blepharophimosis - Fetal akinesia sequence - Hypokinesia - Polyhydramnios - Stillbirth - Telecanthus - X-linked inheritance - The Human Phenotype Ontology (HPO) has collected information on how often a sign or symptom occurs in a condition. Much of this information comes from Orphanet, a European rare disease database. The frequency of a sign or symptom is usually listed as a rough estimate of the percentage of patients who have that feature. The frequency may also be listed as a fraction. The first number of the fraction is how many people had the symptom, and the second number is the total number of people who were examined in one study. For example, a frequency of 25/25 means that in a study of 25 people all patients were found to have that symptom. Because these frequencies are based on a specific study, the fractions may be different if another group of patients are examined. Sometimes, no information on frequency is available. In these cases, the sign or symptom may be rare or common.","Fetal akinesia syndrome (FAS) is a rare genetic disorder that affects the development of the brain and spinal cord in newborns. It's an X-linked recessive condition, which means it's more common in males than females.

The primary symptom of FAS is congenital hypoplasia of the cerebellum, which can lead to various neurological problems. This includes:

1. **Seizures**: These may occur due to abnormal electrical activity in the brain.
2. **Ataxia**: Difficulty with balance and coordination, often leading to poor motor skills.
3. **Developmental Delay**: Problems with physical and cognitive development.
4. **Abnormal Head Shape**: The skull may be abnormally shaped or small compared to other parts of the body.
5. **Muscle Weakness**: In some cases, muscle weakness or paralysis may develop.
6. **Craniofacial Abnormalities**: Issues with facial features such as a flattened face, short neck, or small jaw.
7. **Intellectual Disability**: Often associated with severe intellectual impairment.

It's important to note that not all affected individuals will exhibit every symptom, and the severity can vary widely among those who do have the condition. Early diagnosis and intervention can help manage these",10.502329304000114
How many people are affected by Prostate Cancer ?,"Prostate cancer is one of the most common types of cancer among American men. It is a slow-growing disease that mostly affects older men. In fact, more than 60 percent of all prostate cancers are found in men over the age of 65. The disease rarely occurs in men younger than 40 years of age.","Prostate cancer is the most common cancer in men, with over 238,000 new cases diagnosed each year. It affects approximately one in seven men worldwide and is the second leading cause of cancer death among men after lung cancer. The number of affected individuals can vary depending on factors such as age, race, and geographic location. However, it's important to note that while prostate cancer is a significant health concern, there are effective treatments available for those who receive timely diagnosis and treatment.",4.191780982999944
What is (are) Tyrosinemia type 1 ?,"Tyrosinemia type 1 is a genetic disorder characterized by elevated blood levels of the amino acid tyrosine, a building block of most proteins. This condition is caused by a shortage of the enzyme fumarylacetoacetate hydrolase, one of the enzymes required for the multi-step process that breaks down tyrosine. This enzyme shortage is caused by mutations in the FAH gene. Symptoms usually appear in the first few months of life and include failure to thrive, diarrhea, vomiting, jaundice, cabbage-like odor, and increased tendency to bleed (particularly nosebleeds). Tyrosinemia type I can lead to liver and kidney failure, problems affecting the nervous system, and an increased risk of liver cancer. This condition is inherited in an autosomal recessive manner.","Tyrosinemia type 1, also known as phenylketonuria (PKU), is a genetic disorder that affects the body's ability to break down a substance called tyrosine. This inability leads to an accumulation of certain byproducts in the blood and urine, which can cause serious health problems if not treated early.

The condition is caused by mutations in the PAH gene, which encodes for an enzyme called phenylalanine hydroxylase. This enzyme is responsible for converting the amino acid phenylalanine into another compound called tyrosine. Without enough of this enzyme, phenylalanine builds up in the body, leading to the symptoms associated with PKU.

Symptoms of tyrosinemia type 1 typically appear within the first few months after birth and may include:

- Yellowing of the skin and eyes (jaundice)
- Poor growth
- Delayed development
- Seizures
- Intellectual disability

Early diagnosis and treatment are crucial for managing the condition effectively. Treatment usually involves dietary restrictions, such as avoiding foods high in phenylalanine like meat, dairy products, and some grains. In severe cases, medication or liver transplantation might be necessary. Regular monitoring and follow-up care are essential to manage the",10.507488491999993
What are the treatments for giant congenital melanocytic nevus ?,These resources address the diagnosis or management of giant congenital melanocytic nevus: - Cleveland Clinic: The Facts About Melanoma - Genetic Testing Registry: Giant pigmented hairy nevus - MedlinePlus Encyclopedia: Giant Congenital Nevus - Nevus Outreach: Treatment Options - Primary Care Dermatology Society These resources from MedlinePlus offer information about the diagnosis and management of various health conditions: - Diagnostic Tests - Drug Therapy - Surgery and Rehabilitation - Genetic Counseling - Palliative Care,"Giant congenital melanocytic nevi (GMN) is a rare condition characterized by large, pigmented skin lesions that can be present at birth or develop shortly after. The treatment of GMNs depends on several factors including their size, location, and any associated symptoms such as itching, pain, or changes in color.

Here are some common treatments for giant congenital melanocytic nevi:

1. **Observation**: For small, asymptomatic GMNs, observation may be recommended to monitor their growth over time.
2. **Topical Treatments**:
   - **Calcium Hydroxylate Creams**: These creams contain calcium hydroxyapatite and have been shown to reduce the size of GMNs.
   - **Imiquimod Cream**: This topical immunomodulator has been used to treat larger GMNs and can help with inflammation and itching.
3. **Photodynamic Therapy (PDT)**: PDT involves applying a photosensitizing agent topically followed by exposure to light. It can be effective in reducing the size of GMNs and improving cosmetic outcomes.
4. **Surgical Removal**: In cases where the GMN is causing significant discomfort, affecting appearance, or interfering with daily activities, surgical removal may be considered. This",10.513913959000092
What is (are) Spondylospinal thoracic dysostosis ?,"Spondylospinal thoracic dysostosis is an extremely rare skeletal disorder characterized by a short, curved spine and fusion of the spinous processes, short thorax with 'crab-like' configuration of the ribs, underdevelopment of the lungs (pulmonary hypoplasia), severe arthrogryposis and multiple pterygia (webbing of the skin across joints), and underdevelopment of the bones of the mouth. This condition is believed to be inherited in an autosomal recessive manner. It does not appear to be compatible with life.","Spondylospinal thoracic dysostosis is a rare genetic disorder that affects the spine and ribs. It's characterized by abnormal development of the vertebrae, leading to scoliosis (curvature of the spine), kyphosis (hunchback), and other skeletal abnormalities. The condition can also affect the chest wall, causing deformities in the rib cage. This disease is typically inherited in an autosomal recessive pattern, meaning both copies of the gene must be defective for the child to inherit the disorder. Treatment often involves physical therapy, bracing, and sometimes surgery to correct spinal curvature or improve breathing function. Early diagnosis and intervention are crucial for managing symptoms and improving quality of life.",5.9092806249998375
How many people are affected by proopiomelanocortin deficiency ?,POMC deficiency is a rare condition; approximately 50 cases have been reported in the medical literature.,"Proopiomelanocortin (POMC) is a precursor to the melanocyte-stimulating hormone (MSH), which regulates skin pigmentation and metabolism. Defects in POMC lead to a rare genetic disorder called McCune-Albright syndrome, characterized by bone abnormalities, hormonal imbalances, and café-au-lait spots on the skin.

The exact number of individuals affected by this condition worldwide is not known precisely due to its rarity and lack of widespread screening programs. However, it is estimated that around 1 in every 20,000-30,000 newborns may be born with some form of McCune-Albright syndrome. This means that there could be tens of thousands of affected individuals globally, but the true prevalence remains difficult to determine without more comprehensive research efforts.",6.894397347999984
Is Jackson-Weiss syndrome inherited ?,"This condition is inherited in an autosomal dominant pattern, which means one copy of the altered gene in each cell is sufficient to cause the disorder.","Jackson-Weiss syndrome is a rare genetic disorder that affects the development of the brain and spinal cord. It is caused by mutations in the gene encoding for the protein called GPR137, which plays a role in the formation of neural tubes during embryonic development.

The inheritance pattern of Jackson-Weiss syndrome can vary depending on the specific mutation involved. In some cases, it may be an autosomal dominant condition, meaning that one copy of the mutated gene from either parent increases the risk of developing the disorder. However, in other cases, it may be an autosomal recessive condition, where both copies of the mutated gene must come from each parent to increase the risk of developing the disorder.

It's important to note that the exact inheritance pattern of Jackson-Weiss syndrome can be complex and may depend on various factors such as the specific mutation causing the disorder and the individual's family history. Therefore, if you or someone else has concerns about the inheritance pattern of this condition, it would be best to consult with a healthcare professional who can provide more detailed information based on the specific case.",9.174711008000031
What are the treatments for Intravenous leiomyomatosis ?,"How might intravenous leiomyomatosis be treated? The mainstay of treatment for IVL is surgery to remove the tumor and its spread throughout the body. The use of anti-estrogen therapy, such as tamoxifen, has also been suggested. Surgery requires the complete removal of the tumor, since incomplete removal may result in a recurrence and hence further surgery or even death. Many affected individuals undergo a hysterectomy; bilateral oophorectomy is also suggested because these tumors are estrogen dependent. Part of a tumor left inside the pelvic veins at the time of hysterectomy can extend towards the right side of the heart, leading to obstruction and other adverse events later in life. The median time between hysterectomy to the diagnosis of IVL with cardiac involvement is 4 years. Once there is cardiac involvement, a patient may require open-heart surgery to remove the IVL from the affected areas.","Intravenous leiomyomatosis is a rare condition that involves abnormal growth of smooth muscle cells in blood vessels. It can be treated with several approaches, including:

1. **Surgical Removal**: This is often the first-line treatment and may involve removing the affected area surgically.
2. **Endovascular Therapy**: In some cases, doctors might use catheters to remove or destroy the abnormal tissue through the bloodstream.
3. **Radiation Therapy**: High-energy radiation can be used to shrink the tumor before surgery or as an alternative if surgery is not possible.
4. **Chemotherapy**: Certain chemotherapy drugs can be administered intravenously to target cancer cells.

It's important to consult with a healthcare provider who specializes in vascular conditions to determine the most appropriate treatment plan based on the specific case. The choice of treatment depends on factors such as the size and location of the lesion, its impact on blood flow, and the patient's overall health status.",7.937700597999992
How to diagnose Your Diabetes Care Records ?,"Test Instructions Results or Dates A1C test - Have this blood test at least twice a year. Your result will tell you what your average blood glucose level was for the past 2 to 3 months. Date: __________ A1C: __________ Next test: __________ Blood lipid (fats) lab tests - Get a blood test to check your - total cholesterolaim for below 200 - LDL, or bad, cholesterolaim for below 100 - HDL, or good, cholesterolmen: aim for above 40; women: aim for above 50 - triglyceridesaim for below 150 Date: __________ Total cholesterol: __________ LDL: __________ HDL: __________ Triglycerides: __________ Next test: __________ Kidney function tests - Once a year, get a urine test to check for protein. - At least once a year, get a blood test to check for creatinine. Date: __________ Urine protein: __________ Creatinine: __________ Next test: __________ Dilated eye exam - See an eye doctor once a year for a complete eye exam that includes using drops in your eyes to dilate your pupils. - If you are pregnant, have a complete eye exam in your first 3 months of pregnancy. Have another complete eye exam 1 year after your baby is born. Date: __________ Result: __________ Next test: __________ Dental exam - See your dentist twice a year for a cleaning and checkup. Date: __________ Result: __________ Next test: __________ Pneumonia vaccine (recommended by the Centers for Disease Control and Prevention [CDC]) - Get the vaccine if you are younger than 64. - If youre older than 64 and your shot was more than 5 years ago, get another vaccine. Date received: __________ Flu vaccine (recommended by the CDC) - Get a flu shot each year. Date received: __________ Hepatitis B vaccine (recommended by the CDC) - Get this vaccine if you are age 19 to 59 and have not had this vaccine. - Consider getting this vaccine if you are 60 or older and have not had this vaccine. Date of 1st dose: __________ Date of 2nd dose: __________ Date of 3rd dose: __________ PDF Version (PDF, 40 KB)","Diagnosing diabetes care records involves several steps, including reviewing medical history, conducting blood tests, and evaluating lifestyle factors. Here’s a step-by-step guide on how to effectively diagnose diabetes:

1. **Review Medical History**: Start by gathering information about your health from the past few years. This includes any previous diagnoses of diabetes or other related conditions like high cholesterol or hypertension.

2. **Blood Tests**: The most crucial diagnostic tool is a blood test that measures glucose levels in your body. Two common types are fasting plasma glucose (FPG) and oral glucose tolerance test (OGTT). These tests can help determine if you have prediabetes or diabetes.

3. **Lifestyle Factors**: Consider your diet, exercise habits, weight, family history, and age when assessing your risk for developing diabetes. Certain lifestyle choices increase your likelihood of getting it.

4. **Consult with Healthcare Providers**: If you suspect you might have diabetes, consult with your primary healthcare provider. They will likely order additional tests and may refer you to specialists if necessary.

5. **Follow-Up Testing**: After initial diagnosis, regular follow-up testing is essential to monitor your condition and adjust treatment plans as needed.

6. **Education and Support**: Understanding your condition and learning how to manage it through education and",10.562849498000105
"What are the symptoms of Blepharophimosis, ptosis, and epicanthus inversus syndrome type 1 ?","What are the signs and symptoms of Blepharophimosis, ptosis, and epicanthus inversus syndrome type 1? The Human Phenotype Ontology provides the following list of signs and symptoms for Blepharophimosis, ptosis, and epicanthus inversus syndrome type 1. If the information is available, the table below includes how often the symptom is seen in people with this condition. You can use the MedlinePlus Medical Dictionary to look up the definitions for these medical terms. Signs and Symptoms Approximate number of patients (when available) Blepharophimosis 90% Depressed nasal bridge 90% Epicanthus 90% Ptosis 90% Decreased fertility 50% Lacrimation abnormality 50% Myopia 50% Nystagmus 7.5% Strabismus 7.5% Synophrys 7.5% Abnormality of the breast - Abnormality of the hair - Amenorrhea - Autosomal dominant inheritance - Cupped ear - Epicanthus inversus - Female infertility - High palate - Hypermetropia - Increased circulating gonadotropin level - Microcornea - Microphthalmia - Premature ovarian failure - Telecanthus - Wide nasal bridge - The Human Phenotype Ontology (HPO) has collected information on how often a sign or symptom occurs in a condition. Much of this information comes from Orphanet, a European rare disease database. The frequency of a sign or symptom is usually listed as a rough estimate of the percentage of patients who have that feature. The frequency may also be listed as a fraction. The first number of the fraction is how many people had the symptom, and the second number is the total number of people who were examined in one study. For example, a frequency of 25/25 means that in a study of 25 people all patients were found to have that symptom. Because these frequencies are based on a specific study, the fractions may be different if another group of patients are examined. Sometimes, no information on frequency is available. In these cases, the sign or symptom may be rare or common.","Blepharophimosis, ptosis, and epicanthus inversus (BPE) is a rare genetic disorder that affects the eyes. The main features include:

- **Blepharophimosis**: This refers to an abnormal narrowing or shortening of the eyelids.
- **Ptosis**: This means drooping of the upper eyelid.
- **Epicanthus inversus**: This describes a fold in the inner corner of the eye.

These features can cause vision problems and may affect how the eyes look. Treatment options vary depending on the severity of the condition but might include glasses, surgery, or other interventions. It's important for individuals with BPE to have regular eye exams to monitor any changes in their vision or appearance. Early diagnosis and treatment can help manage these symptoms effectively. If you suspect someone has this syndrome, it's crucial to consult with healthcare professionals who specialize in genetics or ophthalmology for accurate assessment and appropriate care.",8.143054613999993
What are the treatments for Bjrnstad syndrome ?,These resources address the diagnosis or management of Bjrnstad syndrome: - Centers for Disease Control and Prevention: Hearing Loss in Children: Screening and Diagnosis - Genetic Testing Registry: Pili torti-deafness syndrome These resources from MedlinePlus offer information about the diagnosis and management of various health conditions: - Diagnostic Tests - Drug Therapy - Surgery and Rehabilitation - Genetic Counseling - Palliative Care,"Bjørnstad syndrome is a rare genetic disorder that affects the development of the brain and spinal cord. The main treatment for this condition involves managing symptoms, such as seizures, developmental delays, and other complications.

1. **Seizures**: Medications like anticonvulsants can help control seizures in patients with Bjørnstad syndrome.
2. **Developmental Therapy**: Physical therapy, occupational therapy, speech therapy, and educational support can help improve motor skills, cognitive abilities, and communication skills.
3. **Orthopedic Surgery**: In some cases, surgery may be necessary to correct structural abnormalities or deformities caused by the disorder.
4. **Genetic Counseling**: Genetic counseling can provide information about the risk of passing the condition on to future generations and discuss potential options for prenatal testing.
5. **Supportive Care**: Regular medical check-ups, monitoring of vital signs, and addressing any secondary health issues (such as respiratory infections) are important aspects of care.

It's crucial to work closely with healthcare professionals who specialize in pediatric neurology and genetics to develop an individualized treatment plan tailored to each patient's specific needs.",9.450068912999996
What are the symptoms of Subcortical band heterotopia ?,"What are the signs and symptoms of Subcortical band heterotopia? The Human Phenotype Ontology provides the following list of signs and symptoms for Subcortical band heterotopia. If the information is available, the table below includes how often the symptom is seen in people with this condition. You can use the MedlinePlus Medical Dictionary to look up the definitions for these medical terms. Signs and Symptoms Approximate number of patients (when available) Cognitive impairment 90% Seizures 90% Hypertonia 50% Muscular hypotonia 50% Agenesis of corpus callosum - Ataxia - Death in infancy - Dysarthria - Incomplete penetrance - Infantile onset - Intellectual disability - Lissencephaly - Micropenis - Motor delay - Muscular hypotonia of the trunk - Nystagmus - Pachygyria - Postnatal growth retardation - X-linked inheritance - The Human Phenotype Ontology (HPO) has collected information on how often a sign or symptom occurs in a condition. Much of this information comes from Orphanet, a European rare disease database. The frequency of a sign or symptom is usually listed as a rough estimate of the percentage of patients who have that feature. The frequency may also be listed as a fraction. The first number of the fraction is how many people had the symptom, and the second number is the total number of people who were examined in one study. For example, a frequency of 25/25 means that in a study of 25 people all patients were found to have that symptom. Because these frequencies are based on a specific study, the fractions may be different if another group of patients are examined. Sometimes, no information on frequency is available. In these cases, the sign or symptom may be rare or common.","Subcortical band heterotopia is a rare congenital brain malformation characterized by abnormal tissue formation in the subcortical white matter. The main symptom is typically an intellectual disability, which can range from mild to severe depending on the extent and location of the lesion.

Other possible symptoms include:

1. **Seizures**: These may be partial or generalized.
2. **Developmental delays**: In some cases, children with subcortical band heterotopia may have delayed motor skills development.
3. **Behavioral issues**: Children might exhibit unusual behaviors or personality changes.
4. **Speech difficulties**: Some individuals may struggle with speech articulation or language comprehension.
5. **Autism spectrum disorder (ASD)**: While not always present, ASD-like characteristics can occur in some patients.
6. **Vision problems**: Eye movement disorders or visual field defects may develop due to the underlying brain structure abnormalities.

The severity of these symptoms varies widely among affected individuals, making it challenging to predict exactly what each person will experience. Early intervention and support for cognitive and physical needs are crucial for improving outcomes in those with this condition.",9.395999725000138
Is mucopolysaccharidosis type VI inherited ?,"This condition is inherited in an autosomal recessive pattern, which means both copies of the gene in each cell have mutations. The parents of an individual with an autosomal recessive condition each carry one copy of the mutated gene, but they typically do not show signs and symptoms of the condition.","Mucopolysaccharidosis type VI is an autosomal recessive disorder, which means it can be passed down from parents to their children. If both parents are carriers of the gene for MPS VI, there's a 25% chance that they will have a child with the condition. This genetic inheritance pattern makes MPS VI more common in certain populations, such as Ashkenazi Jews and people of Northern European descent. However, it's important to note that not all cases of Mucopolysaccharidosis type VI are inherited; some may occur due to spontaneous mutations or environmental factors. For accurate information on your specific family history and risk assessment, consulting with a healthcare provider or genetic counselor would be advisable. They can provide personalized advice based on your medical background and family tree. Remember, while understanding your genetic makeup helps in planning for future generations, it doesn't guarantee complete prevention of the disease. Regular health check-ups and early detection through screening tests can help manage symptoms effectively. Always seek professional guidance for comprehensive care plans tailored to individual needs.",8.782857408999917
What is (are) Parasites - Scabies ?,"Scabies is an infestation of the skin by the human itch mite (Sarcoptes scabiei var. hominis). The microscopic scabies mite burrows into the upper layer of the skin where it lives and lays its eggs. The most common symptoms of scabies are intense itching and a pimple-like skin rash. The scabies mite usually is spread by direct, prolonged, skin-to-skin contact with a person who has scabies. Scabies is found worldwide and affects people of all races and social classes. Scabies can spread rapidly under crowded conditions where close body and skin contact is frequent. Institutions such as nursing homes, extended-care facilities, and prisons are often sites of scabies outbreaks. Child care facilities also are a common site of scabies infestations.","Scabies are tiny mites that live on the skin. They burrow into the top layer of the skin and cause an itchy rash, especially at night. The mites can spread from person to person through close contact or sharing clothing or bedding. Treatment usually involves applying a cream or lotion containing permethrin or another antiparasitic agent. Prevention includes frequent hand washing, avoiding close contact with infected individuals, and keeping living spaces clean and dry.",3.832830450000074
What is (are) Neuronal ceroid lipofuscinosis 7 ?,"Neuronal ceroid lipofuscinosis 7 (CLN7-NCL) is a rare condition that affects the nervous system. Signs and symptoms of the condition generally develop in early childhood (average age 5 years) and may include loss of muscle coordination (ataxia), seizures that do not respond to medications, muscle twitches (myoclonus), visual impairment, and developmental regression (the loss of previously acquired skills). CLN7-NCL is caused by changes (mutations) in the MFSD8 gene and is inherited in an autosomal recessive manner. Treatment options are limited to therapies that can help relieve some of the symptoms.","Neuronal ceroid lipofuscinosis 7, also known as Batten disease or childhood retinal dystrophy with neuronal ceroid lipofuscinosis, is a rare genetic disorder that primarily affects the nervous system. It's characterized by progressive loss of vision and cognitive decline due to accumulation of abnormal proteins in brain cells.

The condition is caused by mutations in the CLN7 gene, which encodes for a protein called claudin-7. This protein plays a crucial role in maintaining the integrity of cell membranes within neurons. When there are mutations in this gene, it leads to an accumulation of toxic substances called ceroids-lipofuscins inside nerve cells, causing damage over time.

Symptoms typically begin in early childhood and include:

1. Progressive visual impairment
2. Cognitive decline
3. Seizures
4. Motor dysfunction

Diagnosis usually involves genetic testing, MRI scans, and other neurological assessments. Treatment focuses on managing symptoms and providing supportive care, such as speech therapy, physical therapy, and nutritional support. Currently, there is no cure for Neuronal Ceroid Lipofuscinosis 7, but research into potential treatments continues. Early diagnosis and intervention can help improve quality of life for affected individuals.",10.395412277999867
What is (are) 15q11.2 microdeletion ?,"15q11.2 microdeletion refers to a chromosome abnormality in which a tiny piece of genetic material on the long arm of chromosome 15 (at a location designated q11.2) is missing (deleted). The features of people with a 15q11.2 microdeletion vary widely. The most common features include developmental, motor, and language delays; behavior and emotional problems; attention deficit disorders; and autism spectrum disorder. Other features may include birth defects and seizures. However, some people have no apparent physical, learning, or behavior problems. A 15q11.2 microdeletion may occur randomly for the first time in an affected person, or it may be inherited from a parent. Treatment depends on the signs and symptoms in each person.","(15q11.2 microdeletion) is a genetic condition that involves the deletion of a small piece of chromosome 15, specifically located at position q11.2. This deletion can lead to various symptoms and health issues in individuals affected by it. The specific symptoms or conditions associated with this microdeletion vary widely depending on which genes are deleted from the chromosome. Some common features include developmental delays, learning disabilities, behavioral problems, and sometimes physical abnormalities such as heart defects. It's important for healthcare providers to conduct thorough evaluations to determine the exact nature and extent of the deletion and its impact on an individual's health. Treatment often focuses on managing these symptoms through a combination of medical care, educational support, and psychological interventions. Early diagnosis and intervention can help improve outcomes and quality of life for those affected by this condition.",6.91238919400007
What are the symptoms of Dengue fever ?,"What are the signs and symptoms of Dengue fever? The Human Phenotype Ontology provides the following list of signs and symptoms for Dengue fever. If the information is available, the table below includes how often the symptom is seen in people with this condition. You can use the MedlinePlus Medical Dictionary to look up the definitions for these medical terms. Signs and Symptoms Approximate number of patients (when available) Abnormality of temperature regulation 90% Migraine 90% Abdominal pain 50% Arthralgia 50% Pruritus 50% Skin rash 50% Ascites 7.5% Bruising susceptibility 7.5% Diarrhea 7.5% Epistaxis 7.5% Gastrointestinal hemorrhage 7.5% Gingival bleeding 7.5% Hepatomegaly 7.5% Hypoproteinemia 7.5% Hypotension 7.5% Intracranial hemorrhage 7.5% Leukopenia 7.5% Nausea and vomiting 7.5% Reduced consciousness/confusion 7.5% Sudden cardiac death 7.5% Thrombocytopenia 7.5% The Human Phenotype Ontology (HPO) has collected information on how often a sign or symptom occurs in a condition. Much of this information comes from Orphanet, a European rare disease database. The frequency of a sign or symptom is usually listed as a rough estimate of the percentage of patients who have that feature. The frequency may also be listed as a fraction. The first number of the fraction is how many people had the symptom, and the second number is the total number of people who were examined in one study. For example, a frequency of 25/25 means that in a study of 25 people all patients were found to have that symptom. Because these frequencies are based on a specific study, the fractions may be different if another group of patients are examined. Sometimes, no information on frequency is available. In these cases, the sign or symptom may be rare or common.","Dengue fever is a viral disease transmitted by mosquitoes. The most common symptom is high fever, which can last for several days. Other symptoms include headache, muscle and joint pain, nausea, vomiting, and rash. In severe cases, dengue hemorrhagic fever (DHF) or dengue shock syndrome may occur, characterized by low blood pressure, bleeding gums, and difficulty breathing. It's important to note that not everyone who contracts dengue will experience all these symptoms, and some people may have no noticeable symptoms at all. If you suspect you or someone else has dengue fever, it's crucial to seek medical attention promptly.",5.515607292999903
What causes Myelodysplastic/myeloproliferative disease ?,"What causes myelodysplastic/myeloproliferative disease? In most cases, the cause of myelodysplastic/myeloproliferative disease is unknown, and there is limited information regarding potential causes. No specific genetic defects have been identified for any of the diseases. The specific cause of chronic myelomonocytic leukemia (CMML) is unknown, but exposure to occupational and environmental carcinogens (agents that can cause cancer), ionizing radiation, and cytotoxic agents (agents that are toxic to cells) have been associated in some cases. The cause of juvenile myelomonocytic leukemia (JMML) is not known; however, children with neurofibromatosis type 1 (NF1) are at increased risk for developing JMML, and up to 14% of cases of JMML occur in children with NF1. Atypical chronic myelogenous leukemia (aCML) has been associated with cytogenetic (chromosomal) abnormalities in as many as 80% of individuals with the disease; however, no cytogenetic abnormality is specific. Myelodysplastic/myeloproliferative neoplasm, unclassifiable (MDS/ MPN-UC) (also known as mixed myeloproliferative/ myelodysplastic syndrome) also has no known cause.","Myelodysplastic/myeloproliferative diseases are a group of blood disorders that affect the bone marrow, which is responsible for producing all types of blood cells. These conditions can be caused by various factors, including:

1. Genetic mutations: Mutations in certain genes can lead to changes in the production and function of blood cells.

2. Environmental factors: Exposure to certain chemicals or radiation may increase the risk of developing these diseases.

3. Age: As people age, their risk of developing myelodysplastic/myeloproliferative diseases increases.

4. Gender: Men have a slightly higher risk than women.

5. Family history: Having a family member with a similar condition may increase your risk.

6. Other medical conditions: Certain medical conditions, such as infections or autoimmune disorders, may increase the risk of developing these diseases.

7. Smoking: Smoking has been linked to an increased risk of developing myelodysplastic/myeloproliferative diseases.

8. Alcohol consumption: Heavy alcohol use has been associated with an increased risk of developing these diseases.

It's important to note that while these factors can increase the risk of developing myelodysplastic/myeloproliferative diseases, they do not guarantee that",10.451765771000055
How many people are affected by retinal arterial macroaneurysm with supravalvular pulmonic stenosis ?,"RAMSVPS is a rare disorder. Only a small number of affected individuals and families, all from Saudi Arabia, have been described in the medical literature.","Retinal arterial macroaneurysms (RAMAs) and supravalvular pulmonary stenosis (SVPS) are both rare conditions that can affect the cardiovascular system. However, it is not possible to determine how many people are specifically affected by these two conditions together without more specific information about their prevalence rates in different populations.

In general, retinal arterial macroaneurysms are thought to occur in approximately 1-2% of the population, while supravalvular pulmonary stenosis affects less than 0.5% of individuals. It's important to note that these numbers are estimates based on available data and may vary depending on factors such as age, race, and geographic location.

To get a precise answer regarding the number of people affected by RAMAs and SVPS together, one would need to conduct research or consult medical databases that track these conditions separately. Additionally, understanding the overlap between these conditions could provide valuable insights into potential risk factors or comorbidities associated with them.",8.55830691999995
What is (are) Camptocormism ?,"Camptocormia, camptocormism or ""bent spine syndrome,"" (BSS) is an extreme forward flexion of the thoracolumbar spine, which often worsens during standing or walking, but completely resolves when laying down. The term itself is derived from the Greek ""kamptos"" (to bend) and ""kormos"" (trunk) BSS was initially considered, especially in wartime, as a result of a psychogenic disorder. It is now recognized that in it may also be related to a number of musculo-skeletal or neurological disorders. It seems that myopathy is the primary cause of camptocormia based on electromyography, magnetic resonance imaging/computed tomography (CT/MRI scans) of paraspinal muscles, and muscle biopsy. The majority of BSS of muscular origin is related to a primary idiopathic (with unknwon cause) axial myopathy of late onset, maybe a delayed-onset paraspinal myopathy, appearing in elderly patients. Causes of secondary BSS are numerous. The main causes are muscular disorders like inflammatory myopathies, muscular dystrophies of late onset, myotonic myopathies, endocrine and metabolic myopathies, and neurological disorders, principally Parkinsons disease. Diagnosis of axial myopathy is based upon CT/MRI scans demonstrating a lot of fatty infiltration of paravertebral muscles. General activity, walking with a cane, physiotherapy, and exercises should be encouraged. Treatment of secondary forms of BSS is dependent upon the cause.","Camptocormis, also known as camptodystrophy or camptodactyly, is a rare genetic disorder that causes the legs to bend inward and the feet to turn outward. It affects about 1 in every 20,000 people worldwide.

The condition is caused by mutations in the gene for collagen type X, which produces a protein that helps connect bones together. This mutation leads to abnormal bone growth patterns, resulting in bowed legs and an inward-turned foot.

Symptoms of camptodystrophy include:

- Bowed legs (genu varum)
- Knock-knees (genu valgum)
- Inward-turning feet
- Hip deformities

Treatment options vary depending on the severity of symptoms but may include physical therapy, braces, surgery, and orthopedic devices like shoe inserts or custom-made shoes. Early diagnosis and intervention can help manage the condition and improve quality of life.",7.937775343999874
How many people are affected by fibronectin glomerulopathy ?,"Fibronectin glomerulopathy is likely a rare condition, although its prevalence is unknown. At least 45 cases have been described in the scientific literature.","Fibronectin glomerulopathy is a rare kidney disease that affects about 1 in every 20,000 to 30,000 people. It's caused by an abnormal protein called fibronectin building up in the kidneys and can lead to damage of the filtering units (glomeruli) in the kidneys.

The exact number of people affected varies depending on where you look for statistics because this condition is not very common. However, it's estimated that there may be around 500-600 cases diagnosed each year in the United States alone. This means that while it's relatively uncommon, it does affect quite a few individuals over time. 

It's important to note that these numbers might change as more research is done and new information becomes available. If you're looking for specific data or updates, consulting with healthcare professionals or medical organizations would provide the most accurate and current information.",7.7967876010000055
What is (are) methylmalonic acidemia ?,"Methylmalonic acidemia is an inherited disorder in which the body is unable to process certain proteins and fats (lipids) properly. The effects of methylmalonic acidemia, which usually appear in early infancy, vary from mild to life-threatening. Affected infants can experience vomiting, dehydration, weak muscle tone (hypotonia), developmental delay, excessive tiredness (lethargy), an enlarged liver (hepatomegaly), and failure to gain weight and grow at the expected rate (failure to thrive). Long-term complications can include feeding problems, intellectual disability, chronic kidney disease, and inflammation of the pancreas (pancreatitis). Without treatment, this disorder can lead to coma and death in some cases.","Methylmalonic acidemia (MMA) is a rare metabolic disorder that results from the accumulation of toxic levels of methylmalonic acid in the blood. It occurs when there's an enzyme deficiency or malfunction, which prevents the body from properly metabolizing certain amino acids and other substances.

The condition can be inherited as an autosomal recessive trait, meaning both parents must carry the gene for it to be passed on to their child. However, some cases are sporadic, occurring without any family history of the disease.

Symptoms of MMA include developmental delays, poor growth, neurological issues such as seizures, and muscle weakness. The severity of symptoms varies widely among affected individuals.

Treatment typically involves dietary management, including limiting intake of methionine-rich foods, which are converted into homocysteine by the deficient enzyme. This helps reduce the production of harmful compounds like homocysteine and methylmalonyl-CoA.

Early diagnosis through newborn screening programs is crucial for managing this condition effectively. Treatment aims to prevent complications and improve quality of life for those with MMA.",8.920397589000004
What are the symptoms of Behcet's disease ?,"What are the signs and symptoms of Behcet's disease? Symptoms of Behcet's disease include recurrent ulcers in the mouth (resembling canker sores) and on the genitals, and eye inflammation (uveitis). The disorder may also cause various types of skin lesions, arthritis, bowel inflammation, meningitis (inflammation of the membranes of the brain and spinal cord), and cranial nerve palsies. Behcet's is a multi-system disease; it may involve all organs and affect the central nervous system, causing memory loss and impaired speech, balance, and movement. The effects of the disease may include blindness, stroke, swelling of the spinal cord, and intestinal complications. The Human Phenotype Ontology provides the following list of signs and symptoms for Behcet's disease. If the information is available, the table below includes how often the symptom is seen in people with this condition. You can use the MedlinePlus Medical Dictionary to look up the definitions for these medical terms. Signs and Symptoms Approximate number of patients (when available) Abnormality of temperature regulation 90% Arthritis 90% Meningitis 90% Migraine 90% Myalgia 90% Nausea and vomiting 90% Orchitis 90% Photophobia 90% Vasculitis 90% Abdominal pain 50% Abnormal blistering of the skin 50% Acne 50% Arthralgia 50% Gait disturbance 50% Gastrointestinal hemorrhage 50% Hemiplegia/hemiparesis 50% Immunologic hypersensitivity 50% Reduced consciousness/confusion 50% Thrombophlebitis 50% Abnormal pyramidal signs 7.5% Abnormality of the aortic valve 7.5% Abnormality of the endocardium 7.5% Abnormality of the mitral valve 7.5% Abnormality of the myocardium 7.5% Abnormality of the pericardium 7.5% Abnormality of the pleura 7.5% Anorexia 7.5% Arterial thrombosis 7.5% Aseptic necrosis 7.5% Cataract 7.5% Cerebral ischemia 7.5% Coronary artery disease 7.5% Cranial nerve paralysis 7.5% Developmental regression 7.5% Encephalitis 7.5% Gangrene 7.5% Glomerulopathy 7.5% Hemoptysis 7.5% Hyperreflexia 7.5% Incoordination 7.5% Increased intracranial pressure 7.5% Keratoconjunctivitis sicca 7.5% Lymphadenopathy 7.5% Malabsorption 7.5% Memory impairment 7.5% Myositis 7.5% Pancreatitis 7.5% Paresthesia 7.5% Polyneuropathy 7.5% Pulmonary embolism 7.5% Pulmonary infiltrates 7.5% Renal insufficiency 7.5% Retinopathy 7.5% Retrobulbar optic neuritis 7.5% Seizures 7.5% Splenomegaly 7.5% Vertigo 7.5% Visual impairment 7.5% Weight loss 7.5% Alopecia areata - Chorioretinitis - Epididymitis - Erythema - Genital ulcers - Iridocyclitis - Iritis - Irritability - Oral ulcer - Superficial thrombophlebitis - The Human Phenotype Ontology (HPO) has collected information on how often a sign or symptom occurs in a condition. Much of this information comes from Orphanet, a European rare disease database. The frequency of a sign or symptom is usually listed as a rough estimate of the percentage of patients who have that feature. The frequency may also be listed as a fraction. The first number of the fraction is how many people had the symptom, and the second number is the total number of people who were examined in one study. For example, a frequency of 25/25 means that in a study of 25 people all patients were found to have that symptom. Because these frequencies are based on a specific study, the fractions may be different if another group of patients are examined. Sometimes, no information on frequency is available. In these cases, the sign or symptom may be rare or common.","Behçet's disease is a rare, chronic inflammatory disorder that can affect multiple organs and systems in the body. The primary symptoms include:

1. Oral ulcers: These are sores or open sores inside the mouth that may be painful.
2. Genital ulcers: Sores on the genitals (penis, vagina, anus) that can cause discomfort and pain.
3. Skin lesions: Red, raised bumps or rashes on the skin, often appearing on the face, neck, or extremities.
4. Eye problems: Inflammation of the eyes, which can lead to vision loss if not treated promptly.

Other possible symptoms include joint pain, arthritis, gastrointestinal issues such as diarrhea or abdominal pain, and neurological problems like numbness or tingling sensations. It's important to note that these symptoms can vary widely among individuals with Behçet's disease, and some people may experience only one or two of them while others might have more severe manifestations. If you suspect you have Behçet's disease, it's crucial to consult a healthcare professional for an accurate diagnosis and appropriate treatment plan.",9.171350062999863
What are the treatments for Axenfeld-Rieger syndrome type 1 ?,Can dislocated lenses in patients with Axenfeld-Rieger syndrome be treated? We were unable to find information in the medical literature regarding the management of dislocated lenses in patients with Axenfeld-Rieger syndrome. We encourage you to speak with a healthcare provider experienced in the management of rare eye disorders. The American Association of Eye and Ear Centers of Excellence provides a list of member clinics and the Eye Research Network provides a list of eye research facilities that may be helpful as you search for clinics. Click on the links to view the lists. Please note that the lists are not exhaustive of all specialty and research eye clinics within the United States or abroad.,"Axenfeld-Rieger syndrome (ARS) is a rare genetic disorder that affects the development of the eye and face. The specific treatment options can vary depending on the severity of symptoms, but some common treatments include:

- **Eyeglasses or contact lenses**: To correct any refractive errors such as nearsightedness, farsightedness, or astigmatism.
- **Orthokeratology (Ortho-K)**: A procedure where special contact lenses are worn overnight to reshape the cornea temporarily, allowing clear vision during waking hours.
- **Scleral buckling surgery**: This involves placing a silicone band around the outside of the eye to help flatten the bulging tissue in the back of the eye.
- **Cataract surgery**: If cataracts develop, they may need to be removed surgically.
- **Glaucoma management**: Regular monitoring and treatment with medications or laser procedures to manage high intraocular pressure.

It's important to consult with an ophthalmologist who specializes in ARS to determine the most appropriate treatment plan based on individual needs. Early intervention can often improve outcomes and quality of life for individuals with this condition.",9.583913734999896
What is (are) late-infantile neuronal ceroid lipofuscinosis ?,"Late-infantile neuronal ceroid lipofuscinosis (NCL) is an inherited disorder that primarily affects the nervous system. The signs and symptoms of this condition typically begin in late infancy or early childhood. The initial features usually include recurrent seizures (epilepsy) and difficulty coordinating movements (ataxia). Affected children also develop muscle twitches (myoclonus) and vision impairment. Late-infantile NCL affects motor skills, such as sitting and walking, and speech development. This condition also causes the loss of previously acquired skills (developmental regression), progressive intellectual disability, and behavioral problems. Individuals with this condition often require the use of a wheelchair by late childhood and typically do not survive past their teens. Late-infantile NCL is one of a group of NCLs (collectively called Batten disease) that affect the nervous system and typically cause progressive problems with vision, movement, and thinking ability. The different types of NCLs are distinguished by the age at which signs and symptoms first appear.","Late-infantile neuronal ceroid lipofuscinosis (LINCL) is a rare, inherited neurodegenerative disorder that primarily affects the brain. It's characterized by the accumulation of abnormal proteins called ceroids in nerve cells and other tissues throughout the body.

The condition typically begins to show symptoms between 6 months and 3 years of age, although some cases may present later. Symptoms can include:

1. **Developmental delays**: Slower than normal growth and development.
2. **Motor problems**: Difficulty with movement, coordination, or balance.
3. **Seizures**: Unusual types of seizures that are not typical for epilepsy.
4. **Behavior changes**: Changes in personality or behavior.
5. **Vision and hearing loss**: Gradual decline in vision and hearing abilities.
6. **Speech difficulties**: Problems with speech articulation or understanding language.

LINCL is caused by mutations in genes involved in lysosomal function, which leads to an accumulation of waste products within cells. This accumulation damages neurons over time, leading to progressive neurological deterioration.

Treatment focuses on managing symptoms and providing supportive care as the disease progresses. Early diagnosis through genetic testing is crucial for planning appropriate interventions and support systems for affected individuals and their families.",10.265001057000063
What is (are) Psoriasis ?,"Oral or injected medications for psoriasis include methotrexate, cycloclosporine, oral retinoids, and biologics. These therapies, prescribed by your doctor, work in different ways to help control the underlying disease process.","Psoriasis is a chronic autoimmune skin condition that causes red, scaly patches to appear on the skin. It can affect any part of the body but commonly appears on the elbows, knees, scalp, and lower back. The exact cause of psoriasis is unknown, but it's believed to be related to an overactive immune system response to certain triggers such as stress, injury, or infections.

There are several types of psoriasis, including:

1. Plaque psoriasis: This is the most common type and causes raised, thickened areas with silvery scales.
2. Guttate psoriasis: This type usually affects children and young adults and presents as small, pinpoint spots on the torso.
3. Pustular psoriasis: This type involves white blisters filled with pus that form in specific areas of the skin.
4. Inverse psoriasis: This type occurs in folds of the skin, like under the breasts or armpits, and produces smooth, red lesions covered by a thin layer of dead skin cells.
5. Erythrodermic psoriasis: This severe form covers large portions of the body and causes intense itching and burning sensations.

Treatment for psoriasis typically includes topical creams, ointments, and medications applied directly to the affected area",10.429680238999936
What are the genetic changes related to Andersen-Tawil syndrome ?,"Mutations in the KCNJ2 gene cause Andersen-Tawil syndrome. The KCNJ2 gene provides instructions for making a protein that forms a channel across cell membranes. This channel transports positively charged atoms (ions) of potassium into muscle cells. The movement of potassium ions through these channels is critical for maintaining the normal functions of muscles used for movement (skeletal muscles) and cardiac muscle. Mutations in the KCNJ2 gene alter the usual structure and function of potassium channels or prevent the channels from being inserted correctly into the cell membrane. Many mutations prevent a molecule called PIP2 from binding to the channels and effectively regulating their activity. These changes disrupt the flow of potassium ions in skeletal and cardiac muscle, leading to the periodic paralysis and irregular heart rhythm characteristic of Andersen-Tawil syndrome. Researchers have not determined the role of the KCNJ2 gene in bone development, and it is not known how mutations in the gene lead to the developmental abnormalities often found in Andersen-Tawil syndrome.","Andersen-Tawil syndrome (ATS) is a rare, inherited disorder that affects the heart and brain. It's caused by mutations in the KCNJ2 gene, which makes a protein called Kir2.1. This protein helps control how much potassium moves into and out of cells.

In people with ATS, there are two main types of problems:

1. **Cardiac Problems**: These can include irregular heartbeat (arrhythmias), shortness of breath during physical activity, or an enlarged heart.
   
2. **Neurological Problems**: These might involve muscle weakness, tremors, difficulty walking, or seizures.

The specific genetic changes associated with ATS can vary from person to person. However, they typically result in reduced function of the Kir2.1 protein due to different mutations in the KCNJ2 gene. Some common mutations include:

- **Single nucleotide polymorphisms** (SNPs): These are small changes in one letter of DNA code.
- **Deletions**: These remove part of the gene.
- **Insertions**: These add extra letters to the gene sequence.
- **Mutations**: These change the structure of the gene or its product.

These genetic changes lead to less effective Kir2.1 proteins, disrupting normal electrical signaling in the",10.452900122000074
How to diagnose Factor V Leiden thrombophilia ?,"How is factor V Leiden thrombophilia diagnosed? No clinical features (signs and/or symptoms) are specific for factor V Leiden thrombophilia. The diagnosis of factor V Leiden thrombophilia requires a coagulation screening test or DNA analysis of F5, the gene for factor V, to identify the specific mutation that causes this condition. The APC (activated protein C) resistance assay, a coagulation screening test, measures the anticoagulant response to APC. This screening test has a sensitivity and specificity for factor V Leiden approaching 100%. The sensitivity of a test is a measure of the test's ability to detect a positive result when someone has the condition, while the specificity is a measure of the test's ability to identify negative results.Targeted mutation analysis (a type of DNA test) of the F5 gene for the Leiden mutation is considered definitive and has a mutation detection frequency of approximately 100%. This means that approximately all individuals who have the factor V Leiden mutation will be detected by this genetic test. It is generally recommended that individuals who test positive by another means should then have the DNA test both for confirmation and to distinguish heterozygotes (individuals with a mutation in one copy of the gene) from homozygotes (individuals with mutations in both copies of the gene).","Factor V Leiden (FVL) is a genetic mutation that increases the risk of blood clots. To diagnose FVL, you can:

1. **Genetic Testing**: This involves analyzing your DNA for the specific mutation in the factor V gene.

2. **Clinical History and Physical Examination**: Your doctor will ask about any family history of clotting disorders or venous thromboembolism (VTE), such as deep vein thrombosis or pulmonary embolism.

3. **Laboratory Tests**:
   - **Antithrombin III (ATIII)**: Low levels may indicate an increased risk.
   - **Prothrombin Time (PT)**: Elevated PT suggests hypercoagulability.
   - **D-dimer**: High D-dimer levels are often seen with VTE but can also be elevated in other conditions like cancer or inflammation.
   - **Fibrinogen Levels**: Elevated fibrinogen can increase the risk of clot formation.

4. **Risk Assessment Tools**: Use tools like the CHA2DS2-VASc score to assess your overall risk of developing VTE based on factors like age, sex, hypertension, diabetes, heart failure, stroke, vascular disease, and recent surgery.

5. **Follow",10.486617040000056
What are the symptoms of Dens in dente and palatal invaginations ?,"What are the signs and symptoms of Dens in dente and palatal invaginations? The Human Phenotype Ontology provides the following list of signs and symptoms for Dens in dente and palatal invaginations. If the information is available, the table below includes how often the symptom is seen in people with this condition. You can use the MedlinePlus Medical Dictionary to look up the definitions for these medical terms. Signs and Symptoms Approximate number of patients (when available) Autosomal dominant inheritance - Dens in dente - The Human Phenotype Ontology (HPO) has collected information on how often a sign or symptom occurs in a condition. Much of this information comes from Orphanet, a European rare disease database. The frequency of a sign or symptom is usually listed as a rough estimate of the percentage of patients who have that feature. The frequency may also be listed as a fraction. The first number of the fraction is how many people had the symptom, and the second number is the total number of people who were examined in one study. For example, a frequency of 25/25 means that in a study of 25 people all patients were found to have that symptom. Because these frequencies are based on a specific study, the fractions may be different if another group of patients are examined. Sometimes, no information on frequency is available. In these cases, the sign or symptom may be rare or common.","Dental caries, also known as tooth decay or cavities, is a common dental condition that occurs when bacteria in plaque produce acids that erode the enamel of teeth. The most common symptom of dental caries is pain or sensitivity to hot or cold foods and drinks.

Palatal invagination is a rare congenital anomaly characterized by an abnormal folding inward of the palate (roof of the mouth). It can cause speech difficulties, feeding problems, and other complications if left untreated. Symptoms may include difficulty swallowing, drooling, and difficulty speaking clearly. In severe cases, it can lead to malnutrition due to poor oral hygiene and difficulty eating. Treatment typically involves surgical correction to reshape the palate.",5.737412994999886
What are the symptoms of Pachydermoperiostosis ?,"What are the signs and symptoms of Pachydermoperiostosis? The Human Phenotype Ontology provides the following list of signs and symptoms for Pachydermoperiostosis. If the information is available, the table below includes how often the symptom is seen in people with this condition. You can use the MedlinePlus Medical Dictionary to look up the definitions for these medical terms. Signs and Symptoms Approximate number of patients (when available) Abnormal cortical bone morphology 90% Abnormality of epiphysis morphology 90% Abnormality of the fontanelles or cranial sutures 90% Bone pain 90% Osteomyelitis 90% Seborrheic dermatitis 90% Abnormal hair quantity 50% Abnormality of the fingernails 50% Abnormality of the knees 50% Abnormality of the scalp 50% Abnormality of the tibia 50% Acne 50% Arthralgia 50% Arthritis 50% Clubbing of toes 50% Coarse facial features 50% Joint swelling 50% Limitation of joint mobility 50% Osteoarthritis 50% Osteolysis 50% Ptosis 50% Abnormality of the gastric mucosa 7.5% Anemia 7.5% Aseptic necrosis 7.5% Cerebral palsy 7.5% Deviation of finger 7.5% Gastrointestinal hemorrhage 7.5% Genu varum 7.5% Growth hormone excess 7.5% Gynecomastia 7.5% Hepatomegaly 7.5% Impaired temperature sensation 7.5% Malabsorption 7.5% Neoplasm of the lung 7.5% Neoplasm of the skin 7.5% Palmoplantar keratoderma 7.5% Reduced bone mineral density 7.5% Scoliosis 7.5% Short palm 7.5% Splenomegaly 7.5% Arthropathy - Autosomal dominant inheritance - Autosomal recessive inheritance - Clubbing - Clubbing of fingers - Congenital onset - Cutis gyrata of scalp - Disproportionate tall stature - Eczematoid dermatitis - High palate - Hyperhidrosis - Large fontanelles - Long clavicles - Osteolytic defects of the phalanges of the hand - Osteopenia - Osteoporosis - Palmoplantar hyperkeratosis - Patent ductus arteriosus - Pectus excavatum - Periosteal thickening of long tubular bones - Redundant skin - Thickened calvaria - Thickened skin - Wormian bones - The Human Phenotype Ontology (HPO) has collected information on how often a sign or symptom occurs in a condition. Much of this information comes from Orphanet, a European rare disease database. The frequency of a sign or symptom is usually listed as a rough estimate of the percentage of patients who have that feature. The frequency may also be listed as a fraction. The first number of the fraction is how many people had the symptom, and the second number is the total number of people who were examined in one study. For example, a frequency of 25/25 means that in a study of 25 people all patients were found to have that symptom. Because these frequencies are based on a specific study, the fractions may be different if another group of patients are examined. Sometimes, no information on frequency is available. In these cases, the sign or symptom may be rare or common.","Pachydermoperiostosis is a rare genetic disorder that affects the skin and bones. The main symptom is thickening of the skin, which can be found on any part of the body but often starts in the hands or feet. This thickening can cause difficulty with movement and may lead to deformities such as claw-like fingers or toes.

Other symptoms include:

- Bone abnormalities: Thickened bones, especially in the hands and feet
- Joint pain and stiffness
- Muscle weakness
- Skin changes: Redness, swelling, and discoloration

The condition is usually diagnosed through physical examination and imaging tests like X-rays or MRI scans. Treatment typically involves managing symptoms and preventing complications, including using braces or splints for joint support and medications to manage pain and inflammation. In some cases, surgery may be necessary to correct severe deformities. Early diagnosis and treatment are important to improve quality of life and prevent further complications. It's crucial to consult a healthcare professional for proper evaluation and management.",8.354941265000207
What are the treatments for Polymyositis ?,"How might polymyositis be treated? The treatment of polymyositis is based on the signs and symptoms present in each person. Although there is currently no cure, symptoms of the condition may be managed with the following: Medications such as corticosteroids, corticosteroid-sparing agents, immunosuppressive drugs Physical therapy to improve muscle strength and flexibility Speech therapy to address difficulties with swallowing and speech Intravenous immunoglobulin (healthy antibodies are given to block damaging autoantibodies that attack muscle) Medscape Reference's Web site offers more specific information regarding the treatment and management of polymyositis. Please click on the link to access the resource.","Polymyositis is a chronic inflammatory disease that primarily affects skeletal muscles. The treatment of polymyositis involves several approaches, including:

1. **Medications**: These include corticosteroids (such as prednisone) and immunosuppressants (like azathioprine or cyclosporine). These drugs help reduce inflammation and suppress the immune system.

2. **Physical Therapy**: Regular exercise can improve muscle strength and mobility. A physical therapist can design an individualized program to address specific needs and limitations.

3. **Dietary Changes**: Eating a balanced diet rich in protein, vitamins, and minerals can support overall health and aid in recovery.

4. **Supportive Devices**: Using assistive devices such as braces, crutches, or wheelchairs may be necessary if mobility becomes impaired.

5. **Monitoring and Follow-Up**: Regular check-ups with healthcare providers are crucial to monitor progress and adjust treatment plans as needed.

6. **Alternative Therapies**: Some patients find relief through alternative therapies like acupuncture, massage therapy, or yoga, which can complement conventional treatments.

It's important to consult with a healthcare professional to determine the most appropriate treatment plan based on the severity and specifics of each patient's condition.",10.419086326999832
What are the symptoms of Der Kaloustian Mcintosh Silver syndrome ?,"What are the signs and symptoms of Der Kaloustian Mcintosh Silver syndrome? The Human Phenotype Ontology provides the following list of signs and symptoms for Der Kaloustian Mcintosh Silver syndrome. If the information is available, the table below includes how often the symptom is seen in people with this condition. You can use the MedlinePlus Medical Dictionary to look up the definitions for these medical terms. Signs and Symptoms Approximate number of patients (when available) Abnormal dermatoglyphics 90% Abnormal nasal morphology 90% Abnormality of the palate 90% Abnormality of the pinna 90% Cognitive impairment 90% Dolichocephaly 90% Gait disturbance 90% Hearing abnormality 90% Macrocephaly 90% Muscular hypotonia 90% Narrow face 90% Neurological speech impairment 90% Pectus excavatum 90% Prominent nasal bridge 90% Radioulnar synostosis 90% Strabismus 90% Carious teeth 50% Multicystic kidney dysplasia 50% Autosomal recessive inheritance - Dislocated radial head - Generalized hypotonia - Long face - Prominent nose - The Human Phenotype Ontology (HPO) has collected information on how often a sign or symptom occurs in a condition. Much of this information comes from Orphanet, a European rare disease database. The frequency of a sign or symptom is usually listed as a rough estimate of the percentage of patients who have that feature. The frequency may also be listed as a fraction. The first number of the fraction is how many people had the symptom, and the second number is the total number of people who were examined in one study. For example, a frequency of 25/25 means that in a study of 25 people all patients were found to have that symptom. Because these frequencies are based on a specific study, the fractions may be different if another group of patients are examined. Sometimes, no information on frequency is available. In these cases, the sign or symptom may be rare or common.","Der Kaloustian-McIntosh silver syndrome is a rare genetic disorder that affects the skin and hair. The main symptom is hyperpigmentation, which means darkening or discoloration of the skin. This can occur on any part of the body but is most commonly seen in areas exposed to sunlight such as the face, neck, chest, and back. Other symptoms may include:

- Hair loss
- Skin lesions
- Scalp problems
- Eye problems (such as dry eyes)
- Joint pain

It's important to note that this condition is very rare and not well understood by many healthcare professionals. If you suspect you have this condition, it's crucial to consult with a dermatologist or other medical expert who specializes in rare disorders for proper diagnosis and treatment. They will likely perform a thorough examination and possibly genetic testing to confirm the diagnosis. Early detection and management are key to improving quality of life for those affected. 

Please remember that I am an AI language model and cannot provide medical advice or diagnosis. Always seek professional medical help if you think you might be suffering from this or any other health issue.",9.37990571499995
Is Pelizaeus-Merzbacher disease inherited ?,How is Pelizaeus-Merzbacher disease inherited?,"Yes, Pelizaeus-Merzbacher disease is an autosomal recessive genetic disorder. This means that the condition can be passed down from parents to their children through genes on one of the two sex chromosomes (X or Y). If both parents are carriers of the gene for Pelizaeus-Merzbacher disease, there's a 25% chance with each pregnancy that they will have a child affected by the disease.

The inheritance pattern of this condition makes it important for families to consider genetic counseling and testing if either parent has been diagnosed with the disease or carries the gene mutation. Early diagnosis allows for appropriate medical management and support throughout life. It also helps in planning for future pregnancies and ensuring that siblings do not inherit the same genetic trait.",6.478226865999886
What are the symptoms of Celiac Disease ?,"A person may experience digestive signs and symptoms, or symptoms in other parts of the body. Digestive signs and symptoms are more common in children and can include - abdominal bloating - chronic diarrhea - constipation - gas - pale, foul-smelling, or fatty stool - stomach pain - nausea - vomiting Being unable to absorb nutrients during the years when nutrition is critical to a child's normal growth and development can lead to other health problems, such as - failure to thrive in infants - slowed growth and short stature - weight loss - irritability or change in mood - delayed puberty - dental enamel defects of permanent teeth Adults are less likely to have digestive signs and symptoms and may instead have one or more of the following: - anemia - bone or joint pain - canker sores inside the mouth - depression or anxiety - dermatitis herpetiformis, an itchy, blistering skin rash - fatigue, or feeling tired - infertility or recurrent miscarriage - missed menstrual periods - seizures - tingling numbness in the hands and feet - weak and brittle bones, or osteoporosis - headaches Intestinal inflammation can cause other symptoms, such as - feeling tired for long periods of time - abdominal pain and bloating - ulcers - blockages in the intestine Celiac disease can produce an autoimmune reaction, or a self-directed immune reaction, in which a person's immune system attacks healthy cells in the body. This reaction can spread outside of the gastrointestinal tract to affect other areas of the body, including the - spleen - skin - nervous system - bones - joints Recognizing celiac disease can be difficult because some of its symptoms are similar to those of other diseases and conditions. Celiac disease can be confused with - irritable bowel syndrome (IBS) - iron-deficiency anemia caused by menstrual blood loss - lactose intolerance - inflammatory bowel disease - diverticulitis - intestinal infections - chronic fatigue syndrome As a result, celiac disease has long been underdiagnosed or misdiagnosed. As health care providers become more aware of the many varied symptoms of the disease and reliable blood tests become more available, diagnosis rates are increasing, particularly for adults. Dermatitis Herpetiformis Dermatitis herpetiformis is a chronic, itchy, blistering skin rashusually on the elbows, knees, buttocks, back, or scalpthat affects about 5 to 10 percent of people with celiac disease.3 Men with dermatitis herpetiformis may also have oral or genital lesions. People with dermatitis herpetiformis may have no other signs or symptoms of celiac disease. Skin deposits of antibodiesproteins that react against the body's own cells or tissuescommon in celiac disease cause dermatitis herpetiformis. Ingesting gluten triggers these antibodies. More information is provided in the NIDDK health topic, Dermatitis Herpetiformis: Skin Manifestation of Celiac Disease.","Celiac disease is an autoimmune disorder that occurs when a person's small intestine becomes inflamed and damaged after eating gluten, which is found in wheat, barley, and rye. The most common symptom of celiac disease is diarrhea, but other symptoms can include abdominal pain, bloating, gas, weight loss, fatigue, and anemia.

Other symptoms may include:

- Tingling or numbness in hands and feet
- Hair loss (alopecia)
- Skin rash (dermatitis herpetiformis)
- Joint pain and swelling
- Mouth sores
- Short stature in children

If you have any of these symptoms, it's important to see your doctor for further evaluation. Early diagnosis and treatment with a strict gluten-free diet can help prevent complications from celiac disease.",6.712120985000183
How many people are affected by osteogenesis imperfecta ?,"This condition affects an estimated 6 to 7 per 100,000 people worldwide. Types I and IV are the most common forms of osteogenesis imperfecta, affecting 4 to 5 per 100,000 people.","Osteogenesis imperfecta (OI) is a genetic disorder that affects the bones, causing them to be weak and prone to fractures. It can affect anyone regardless of their age or gender.

The condition is caused by mutations in genes that code for proteins involved in bone development and strength. These mutations lead to an overproduction of collagen, which is a protein found in connective tissues throughout the body, including bones.

There are several types of OI, each with varying degrees of severity:

1. **Type I**: The most common form, affecting about 70% of all cases. People with Type I have mild symptoms and may not require medical intervention.
2. **Types II through VI**: These forms are less common but more severe. They typically result in significant bone fragility and frequent fractures.
3. **Type VII**: This rare form causes skeletal abnormalities without any associated bone weakness.
4. **Type VIII**: Also known as ""osteogenesis imperfecta with hyperostosis,"" it involves excessive bone formation leading to thickened bones and potentially increased risk of fractures.

In summary, while OI primarily affects individuals who inherit the defective gene from one parent, it does not discriminate based on age or gender. The number of people affected varies widely depending on the type",10.464532988999963
"What are the genetic changes related to mitochondrial encephalomyopathy, lactic acidosis, and stroke-like episodes ?","MELAS can result from mutations in one of several genes, including MT-ND1, MT-ND5, MT-TH, MT-TL1, and MT-TV. These genes are found in the DNA of cellular structures called mitochondria, which convert the energy from food into a form that cells can use. Although most DNA is packaged in chromosomes within the nucleus, mitochondria also have a small amount of their own DNA, known as mitochondrial DNA or mtDNA. Some of the genes related to MELAS provide instructions for making proteins involved in normal mitochondrial function. These proteins are part of a large enzyme complex in mitochondria that helps convert oxygen, fats, and simple sugars to energy. Other genes associated with this disorder provide instructions for making molecules called transfer RNAs (tRNAs), which are chemical cousins of DNA. These molecules help assemble protein building blocks called amino acids into full-length, functioning proteins within mitochondria. Mutations in a particular transfer RNA gene, MT-TL1, cause more than 80 percent of all cases of MELAS. These mutations impair the ability of mitochondria to make proteins, use oxygen, and produce energy. Researchers have not determined how changes in mtDNA lead to the specific signs and symptoms of MELAS. They continue to investigate the effects of mitochondrial gene mutations in different tissues, particularly in the brain.","Mitochondrial encephalomyopathy, lactic acidosis, and stroke-like episodes (MELAS) is a rare inherited disorder that affects multiple organs. It's caused by mutations in genes involved in mitochondrial function.

The primary genetic change associated with MELAS is a mutation in the MT-TL1 gene. This gene encodes for an enzyme called NADH dehydrogenase 6 subunit 2 (ND6), which plays a crucial role in generating energy within mitochondria.

When this gene mutates, it leads to a deficiency of ND6 protein, resulting in impaired electron transport chain activity. As a consequence, there's reduced ATP production, leading to:

1. Lactic acid buildup: The body tries to compensate for the lack of ATP by producing more lactate, causing elevated levels of lactic acid in the blood.
2. Mitochondrial dysfunction: Impaired electron transport chain activity disrupts normal cellular processes, including muscle and brain function.
3. Stroke-like episodes: Reduced ATP availability can lead to neuronal damage or death, potentially causing symptoms resembling strokes.

Other genes implicated in MELAS include:

- MT-CYB: Involved in cytochrome b synthesis
- MT-RNR1: Part of the respiratory chain",10.380588175000184
What is (are) Stress ?,"Everyone feels stressed from time to time. Not all stress is bad. All animals have a stress response, and it can be life-saving. But chronic stress can cause both physical and mental harm. There are at least three different types of stress: - Routine stress related to the pressures of work, family, and other daily responsibilities - Stress brought about by a sudden negative change, such as losing a job, divorce, or illness - Traumatic stress, which happens when you are in danger of being seriously hurt or killed. Examples include a major accident, war, assault, or a natural disaster. This type of stress can cause post-traumatic stress disorder (PTSD). Different people may feel stress in different ways. Some people experience digestive symptoms. Others may have headaches, sleeplessness, depressed mood, anger, and irritability. People under chronic stress get more frequent and severe viral infections, such as the flu or common cold. Vaccines, such as the flu shot, are less effective for them. Some people cope with stress more effectively than others. It's important to know your limits when it comes to stress, so you can avoid more serious health effects. NIH: National Institute of Mental Health","Stress can be defined as a state of mental or emotional strain or tension resulting from adverse or demanding circumstances. It is the body's response to stressors, which are external or internal stimuli that challenge an individual's ability to cope.

There are different types of stress:

1. **Acute Stress**: This type of stress occurs suddenly and lasts for a short period of time. Examples include dealing with unexpected events like losing your job or facing a medical emergency.

2. **Chronic Stress**: This type of stress persists over a longer period of time and can lead to long-term health problems if not managed properly. Chronic stress often results from ongoing demands such as managing a busy work schedule or financial difficulties.

3. **Eustress**: Also known as positive stress, this type of stress is beneficial because it motivates individuals to perform better under pressure. For example, studying for exams or preparing for a presentation.

4. **Distress**: This type of stress is negative and overwhelming, causing significant distress and potentially leading to physical or psychological harm. Distress can result from chronic stress or acute stress in extreme situations.

Understanding the nature of stress is crucial for developing effective coping strategies and preventing its negative effects on both physical and mental health. Managing stress through relaxation techniques, exercise,",10.464413782000065
What is (are) Infectious Arthritis ?,"Most kinds of arthritis cause pain and swelling in your joints. Joints are places where two bones meet, such as your elbow or knee. Infectious arthritis is an infection in the joint. The infection comes from a bacterial, viral, or fungal infection that spreads from another part of the body. Symptoms of infectious arthritis include - Intense pain in the joint - Joint redness and swelling - Chills and fever - Inability to move the area with the infected joint One type of infectious arthritis is reactive arthritis. The reaction is to an infection somewhere else in your body. The joint is usually the knee, ankle, or toe. Sometimes, reactive arthritis is set off by an infection in the bladder, or in the urethra, which carries urine out of the body. In women, an infection in the vagina can cause the reaction. For both men and women, it can start with bacteria passed on during sex. Another form of reactive arthritis starts with eating food or handling something that has bacteria on it. To diagnose infectious arthritis, your health care provider may do tests of your blood, urine, and joint fluid. Treatment includes medicines and sometimes surgery.","Infectious arthritis is an inflammation of the joint caused by infection. It can be either acute or chronic, and it may affect any joint in the body. The most common types are septic arthritis, which occurs when bacteria enter a joint space through a wound or other entry point, and reactive arthritis, which develops after an infection elsewhere in the body. In both cases, treatment typically involves antibiotics to eliminate the infection and pain management to relieve symptoms. Prevention includes avoiding injuries that could lead to infections and maintaining good hygiene practices.",4.368942703999892
What are the treatments for autosomal recessive hypotrichosis ?,These resources address the diagnosis or management of autosomal recessive hypotrichosis: - American Academy of Dermatology: Hair Loss: Tips for Managing - Genetic Testing Registry: Hypotrichosis 8 These resources from MedlinePlus offer information about the diagnosis and management of various health conditions: - Diagnostic Tests - Drug Therapy - Surgery and Rehabilitation - Genetic Counseling - Palliative Care,"Autosomal recessive hypotrichosis is a rare genetic disorder that affects hair growth. The treatment options depend on the underlying cause of the condition, but some common approaches include:

1. **Hair Transplantation**: This involves removing hair from one part of the scalp and transplanting it to areas where there's thinning or loss.

2. **Medications**: Certain medications can help stimulate hair growth, such as minoxidil (Rogaine) or finasteride (Propecia).

3. **Dietary Changes**: A balanced diet rich in vitamins and minerals may support overall health and potentially improve hair growth.

4. **Laser Therapy**: Some treatments use laser light to stimulate hair follicles.

5. **Genetic Counseling**: For families with a history of this condition, genetic counseling can provide information about risks and future possibilities.

6. **Surgical Hair Restoration**: In severe cases, surgical procedures like FUE (follicular unit extraction) might be considered if other methods fail.

It's important to consult with healthcare professionals who specialize in dermatology or genetics to determine the most appropriate treatment plan based on individual needs and medical history.",9.625619908999852
What is (are) Multiple familial trichoepithelioma ?,"Multiple familial trichoepithelioma is a rare condition characterized by multiple smooth, round, firm, skin-colored tumors (trichoepitheliomas) that usually occur on the face, but may also occur on the scalp, neck, and trunk. The tumors are derived from immature hair follicles. They usually first develop during childhood or adolescence and may grow larger and increase in number over time. The condition can be caused by alterations (mutations) in the CYLD gene or by mutations in other genes which are still unknown. The condition may be divided in two subtypes, multiple familial trichoepithelioma type 1 and multiple familial trichoepithelioma type 2. Susceptibility to multiple familial trichoepithelioma is inherited in an autosomal dominant fashion, which means one copy of the altered gene in each cell increases the risk of developing this condition. However, a second, non-inherited mutation is required for development of skin appendage tumors in this disorder.Treatment often involves surgery to remove a single lesion and cryosurgery or laser surgery for multiple ones.","Multiple familial trichoepitheliomas are a rare genetic disorder characterized by the development of multiple, benign skin tumors called trichoepitheliomas. These tumors typically occur on the scalp and face but can also appear in other areas of the body.

The condition is caused by mutations in the PTCH1 gene, which plays a crucial role in regulating cell growth and division. When this gene mutates, it leads to an overproduction of a protein called Patched 1, which normally inhibits the activity of another protein called Hedgehog.

This imbalance between these two proteins results in uncontrolled cell growth, leading to the formation of trichoepitheliomas. The exact number of affected individuals worldwide is unknown, as many cases go undiagnosed or misdiagnosed due to their mild symptoms and lack of specific diagnostic criteria.

Treatment for multiple familial trichoepitheliomas usually involves surgical removal of the tumors if they cause discomfort or interfere with daily activities. However, because the underlying genetic mutation cannot be corrected, recurrence after surgery is common. In some cases, radiation therapy may be used to reduce tumor size before surgery.",9.419273245000113
What are the symptoms of X-linked magnesium deficiency with Epstein-Barr virus infection and neoplasia ?,"What are the signs and symptoms of X-linked magnesium deficiency with Epstein-Barr virus infection and neoplasia? The Human Phenotype Ontology provides the following list of signs and symptoms for X-linked magnesium deficiency with Epstein-Barr virus infection and neoplasia. If the information is available, the table below includes how often the symptom is seen in people with this condition. You can use the MedlinePlus Medical Dictionary to look up the definitions for these medical terms. Signs and Symptoms Approximate number of patients (when available) Decreased number of CD4+ T cells - Decreased T cell activation - Immunodeficiency - Lymphoma - Recurrent viral infections - X-linked inheritance - The Human Phenotype Ontology (HPO) has collected information on how often a sign or symptom occurs in a condition. Much of this information comes from Orphanet, a European rare disease database. The frequency of a sign or symptom is usually listed as a rough estimate of the percentage of patients who have that feature. The frequency may also be listed as a fraction. The first number of the fraction is how many people had the symptom, and the second number is the total number of people who were examined in one study. For example, a frequency of 25/25 means that in a study of 25 people all patients were found to have that symptom. Because these frequencies are based on a specific study, the fractions may be different if another group of patients are examined. Sometimes, no information on frequency is available. In these cases, the sign or symptom may be rare or common.","X-linked magnesium deficiency (XMMD) is a rare genetic disorder characterized by low levels of magnesium in the blood. It can be caused by mutations in the MTHFR gene, which encodes for an enzyme that helps regulate the body's use of folate.

Epstein-Barr virus (EBV) is a common herpesvirus that infects approximately 95% of adults worldwide. EBV is known to cause infectious mononucleosis, also known as mono, and has been linked to several types of cancer, including Burkitt lymphoma, Hodgkin's lymphoma, and nasopharyngeal carcinoma.

Neoplasia refers to the abnormal growth or formation of cells into tumors or other masses of tissue. In this case, it could refer to the development of new tumors due to the effects of XMMD on the body's ability to produce and utilize magnesium.

The combination of XMMD, EBV infection, and neoplasia would likely result in severe health complications, including:

1. **Magnesium Deficiency Symptoms**: Low magnesium levels can lead to muscle weakness, fatigue, irritability, depression, anxiety, seizures, and even death if not treated promptly.
2. **EBV-Related Complications**: The immune system may become",10.41954043099986
What is (are) Brain Aneurysm ?,"A brain aneurysm is an abnormal bulge or ""ballooning"" in the wall of an artery in the brain. They are sometimes called berry aneurysms because they are often the size of a small berry. Most brain aneurysms produce no symptoms until they become large, begin to leak blood, or burst. If a brain aneurysm presses on nerves in your brain, it can cause signs and symptoms. These can include - A droopy eyelid - Double vision or other changes in vision - Pain above or behind the eye - A dilated pupil - Numbness or weakness on one side of the face or body Treatment depends on the size and location of the aneurysm, whether it is infected, and whether it has burst. If a brain aneurysm bursts, symptoms can include a sudden, severe headache, nausea and vomiting, stiff neck, loss of consciousness, and signs of a stroke. Any of these symptoms requires immediate medical attention. NIH: National Heart, Lung, and Blood Institute","Brain aneurysms are abnormal bulges in the walls of arteries that supply blood to the brain. They can occur anywhere along these arteries, but most commonly develop at the base of the brain where they connect with veins.

Aneurysms may be congenital or acquired. Congenital aneurysms form during fetal development and are present from birth. Acquired aneurysms result from damage to the artery wall over time due to factors such as high blood pressure, trauma, infection, inflammation, or atherosclerosis (hardening of the arteries).

When an aneurysm ruptures, it causes bleeding into the skull, which can lead to severe complications including stroke, coma, and death. Symptoms of a ruptured aneurysm include sudden headache, nausea, vomiting, neck stiffness, confusion, loss of consciousness, and seizures. If you experience any of these symptoms, seek emergency medical care immediately.

Treatment options for brain aneurysms depend on several factors, including the size and location of the aneurysm, its risk of rupture, and your overall health. Treatment may involve surgery to clip the aneurysm or place a coil inside it to seal off the blood flow, or endovascular treatment using catheters inserted",10.445642800000087
What are the symptoms of Keratosis follicularis spinulosa decalvans ?,"What are the signs and symptoms of Keratosis follicularis spinulosa decalvans? The Human Phenotype Ontology provides the following list of signs and symptoms for Keratosis follicularis spinulosa decalvans. If the information is available, the table below includes how often the symptom is seen in people with this condition. You can use the MedlinePlus Medical Dictionary to look up the definitions for these medical terms. Signs and Symptoms Approximate number of patients (when available) Alopecia 90% Aplasia/Hypoplasia of the eyebrow 90% Hyperkeratosis 90% Ichthyosis 90% Abnormality of the fingernails 50% Blepharitis 50% Myopia 50% Opacification of the corneal stroma 50% Retinal detachment 50% Abnormality of dental color 7.5% Abnormality of dental enamel 7.5% Carious teeth 7.5% Eczema 7.5% Conjunctivitis - Corneal dystrophy - Dry skin - Dystrophic fingernails - Ectropion - Facial erythema - Follicular hyperkeratosis - Heterogeneous - Keratitis - Nail dysplasia - Palmoplantar keratoderma - Perifollicular fibrosis - Photophobia - Scarring alopecia of scalp - Sparse eyebrow - Sparse eyelashes - X-linked recessive inheritance - The Human Phenotype Ontology (HPO) has collected information on how often a sign or symptom occurs in a condition. Much of this information comes from Orphanet, a European rare disease database. The frequency of a sign or symptom is usually listed as a rough estimate of the percentage of patients who have that feature. The frequency may also be listed as a fraction. The first number of the fraction is how many people had the symptom, and the second number is the total number of people who were examined in one study. For example, a frequency of 25/25 means that in a study of 25 people all patients were found to have that symptom. Because these frequencies are based on a specific study, the fractions may be different if another group of patients are examined. Sometimes, no information on frequency is available. In these cases, the sign or symptom may be rare or common.","Keratosis follicularis spinulosa decalvans is a rare genetic skin disorder that causes scaly, raised bumps on the skin. The condition can cause hair loss in certain areas and may be accompanied by other symptoms such as:

- Scaly, raised bumps on the skin
- Hair loss in certain areas (such as the scalp)
- Redness or inflammation around the bumps
- Crusting or scaling of the skin

It's important to note that this information is not intended to diagnose or treat any medical condition. If you suspect you have this condition or any other skin issue, it's best to consult with a healthcare professional for an accurate diagnosis and appropriate treatment plan.",5.735094611000022
What causes Transposition of the great arteries ?,"What causes transposition of the great arteries (TGA)? The exact cause of TGA remains unknown. Some possible associated risk factors that have been proposed include gestational diabetes mellitus, maternal exposure to rodenticides and herbicides, and maternal use of anti-epileptic drugs. Changes (mutations) in specific genes including the GDF1, CFC1 and MED13L (also called THRAP2) genes have been implicated in only a small minority of TGA cases.","Transposition of the great arteries is a congenital heart defect in which the two main arteries (the pulmonary artery and the aorta) are switched. This means that instead of delivering oxygenated blood to the body, the pulmonary artery carries deoxygenated blood; and instead of carrying oxygenated blood to the lungs, the aorta delivers deoxygenated blood.

The condition occurs when the embryonic heart fails to properly form during fetal development. The left ventricle does not develop normally, resulting in an over-sized right ventricle. As a result, the right side of the heart must pump both oxygen-rich and oxygen-poor blood throughout the body. 

This abnormality can be caused by genetic factors or environmental influences such as exposure to certain medications or toxins during pregnancy. It's also possible for transposition of the great arteries to occur without any known cause. In some cases, it may be associated with other congenital heart defects. Treatment typically involves surgery to correct the switch between the two major arteries.",8.49449775700009
What is (are) Diabetic Retinopathy ?,"National Eye Institute National Institutes of Health 2020 Vision Place Bethesda, MD 20892-3655 301-496-5248 E-mail: 2020@nei.nih.gov www.nei.nih.gov Find eye health organizations that address diabetic eye disease.","Diabetic retinopathy is a complication of diabetes that affects the retina, which is the light-sensitive tissue at the back of the eye. It occurs when high blood sugar levels damage the tiny blood vessels in the retina over time.

There are two main types of diabetic retinopathy:

1. **Non-proliferative diabetic retinopathy**: This type happens when small blood vessels in the retina leak fluid or bleed into the eye. The leaking and bleeding can cause swelling in the macula, which is responsible for central vision. Over time, this can lead to blurred vision.
2. **Proliferative diabetic retinopathy**: In this more advanced stage, new, abnormal blood vessels grow on the surface of the retina. These new blood vessels can be fragile and may leak blood or other fluids into the vitreous gel inside the eye. This can cause severe vision loss if left untreated.

Early detection and treatment are crucial to prevent or slow down the progression of diabetic retinopathy. Regular eye exams are recommended for people with diabetes to monitor their condition and catch any changes early.",9.021905451000066
What are the genetic changes related to 17-beta hydroxysteroid dehydrogenase 3 deficiency ?,"Mutations in the HSD17B3 gene cause 17-beta hydroxysteroid dehydrogenase 3 deficiency. The HSD17B3 gene provides instructions for making an enzyme called 17-beta hydroxysteroid dehydrogenase 3. This enzyme is active in the testes, where it helps to produce testosterone from a precursor hormone called androstenedione. Mutations in the HSD17B3 gene result in a 17-beta hydroxysteroid dehydrogenase 3 enzyme with little or no activity, reducing testosterone production. A shortage of testosterone affects the development of the reproductive tract in the male fetus, resulting in the abnormalities in the external sex organs that occur in 17-beta hydroxysteroid dehydrogenase 3 deficiency. At puberty, conversion of androstenedione to testosterone increases in various tissues of the body through processes involving other enzymes. The additional testosterone results in the development of male secondary sex characteristics in adolescents, including those with 17-beta dehydrogenase 3 deficiency. A portion of the androstenedione is also converted to the female sex hormone estrogen. Since impairment of the conversion to testosterone in this disorder results in excess androstenedione in the body, a corresponding excess of estrogen may be produced, leading to breast enlargement in some affected individuals.","17β-HSD3 is a key enzyme in steroidogenesis, catalyzing the conversion of testosterone and estradiol into DHEA. Deficiency of this enzyme leads to an accumulation of testosterone and estradiol in plasma, which can cause hyperandrogenism or feminization symptoms.

The primary genetic change associated with 17β-HSD3 deficiency is a mutation in the gene encoding for the enzyme itself (HSD3B1). This mutation results in reduced activity of the enzyme, leading to impaired steroidogenesis and subsequent hormonal imbalances.

Other potential genetic factors that may contribute to 17β-HSD3 deficiency include mutations in other genes involved in steroid metabolism, such as CYP17A1, which encodes the enzyme responsible for converting androstenedione to DHEA sulfate. Additionally, variations in regulatory regions of these genes could also influence their expression levels and function.

In summary, 17β-HSD3 deficiency is primarily caused by mutations in the HSD3B1 gene, resulting in reduced enzyme activity and altered hormone production. Other genetic factors may also play a role in modulating the severity of the condition.",9.644823783999982
Do you have information about Patient Rights,"Summary : As a patient, you have certain rights. Some are guaranteed by federal law, such as the right to get a copy of your medical records, and the right to keep them private. Many states have additional laws protecting patients, and healthcare facilities often have a patient bill of rights. An important patient right is informed consent. This means that if you need a treatment, your health care provider must give you the information you need to make a decision. Many hospitals have patient advocates who can help you if you have problems. Many states have an ombudsman office for problems with long term care. Your state's department of health may also be able to help.","Yes, I do. Here are some of the patient rights that are typically recognized:

1. The right to be treated with dignity and respect.
2. The right to privacy and confidentiality.
3. The right to receive accurate and understandable medical information.
4. The right to choose a healthcare provider or treatment plan.
5. The right to participate in decisions regarding one's own care.
6. The right to receive appropriate pain management.
7. The right to receive timely and effective care.
8. The right to receive adequate follow-up care after discharge.
9. The right to receive education on health issues.
10. The right to receive support from family members and friends.

These rights can vary depending on the country, region, or specific healthcare system. It is important for patients to understand their rights and advocate for them when necessary. If you need more detailed information, please let me know!",7.36052088800011
Is Beta-thalassemia inherited ?,"How is beta-thalassemia inherited? Beta-thalassemia major and beta-thalassemia intermedia are usually inherited in an autosomal recessive manner, which means both copies of the HBB gene in each cell have mutations. The parents of a person with an autosomal recessive condition each carry one copy of the mutated gene and are referred to as carriers. When two carriers have children, each child has a 25% (1 in 4) chance to be affected, a 50% (1 in 2) chance to be a carrier like each parent, and a 25% (1 in 4) chance to be unaffected and not be a carrier. Sometimes, people with only one HBB gene mutation in each cell (carriers) do have mild anemia. These people are said to have 'beta-thalassemia minor' or 'beta-thalassemia trait.' In a small percentage of families, the condition is inherited in an autosomal dominant manner. In these cases, one mutated copy of the gene in each cell is enough to cause the signs and symptoms of beta-thalassemia.","Yes, beta-thalassemia is an inherited blood disorder. It's caused by a mutation in the gene that produces hemoglobin, which is responsible for carrying oxygen throughout the body.

The condition can be passed down from parents to children through their genes. If one parent has beta-thalassemia and the other does not, there is a 25% chance of having a child with the disease if they have two copies of the mutated gene (one from each parent). This means that if both parents are carriers of the disease, there is a 50% chance of passing it on to their offspring.

It's important to note that while beta-thalassemia is genetic, it doesn't always manifest as severe symptoms. Some people may only experience mild or no symptoms at all. However, those who do experience symptoms often require medical attention to manage them effectively.",7.291612889999897
What are the symptoms of Acrodermatitis enteropathica ?,"What are the signs and symptoms of Acrodermatitis enteropathica? The Human Phenotype Ontology provides the following list of signs and symptoms for Acrodermatitis enteropathica. If the information is available, the table below includes how often the symptom is seen in people with this condition. You can use the MedlinePlus Medical Dictionary to look up the definitions for these medical terms. Signs and Symptoms Approximate number of patients (when available) Abnormal blistering of the skin 90% Abnormality of the eyebrow 90% Alopecia 90% Cerebral cortical atrophy 90% Diarrhea 90% Dry skin 90% Malabsorption 90% Pustule 90% Short stature 90% Abnormality of the fingernails 50% Abnormality of the toenails 50% Cheilitis 50% Furrowed tongue 50% Glossitis 50% Inflammatory abnormality of the eye 50% Photophobia 50% Skin ulcer 50% Anorexia 7.5% Corneal erosion 7.5% Visual impairment 7.5% Weight loss 7.5% Alopecia of scalp - Ataxia - Autosomal recessive inheritance - Decreased taste sensation - Decreased testicular size - Decreased testosterone in males - Emotional lability - Failure to thrive - Hepatomegaly - Hypogonadism - Impaired T cell function - Infantile onset - Irritability - Lethargy - Low alkaline phosphatase - Paronychia - Poor appetite - Recurrent candida infections - Splenomegaly - Tremor - The Human Phenotype Ontology (HPO) has collected information on how often a sign or symptom occurs in a condition. Much of this information comes from Orphanet, a European rare disease database. The frequency of a sign or symptom is usually listed as a rough estimate of the percentage of patients who have that feature. The frequency may also be listed as a fraction. The first number of the fraction is how many people had the symptom, and the second number is the total number of people who were examined in one study. For example, a frequency of 25/25 means that in a study of 25 people all patients were found to have that symptom. Because these frequencies are based on a specific study, the fractions may be different if another group of patients are examined. Sometimes, no information on frequency is available. In these cases, the sign or symptom may be rare or common.","Acrodermatitis enteropathica is a rare genetic disorder that affects both children and adults. It causes skin problems, hair loss, and digestive issues.

Symptoms include:

- Skin rashes on the face, scalp, and other areas
- Hair loss (alopecia)
- Cracked or peeling skin
- Dry, scaly skin
- Irritation or itching in the mouth
- Digestive problems such as diarrhea, gas, bloating, and abdominal pain

The condition can be treated with zinc supplements to help improve skin health and reduce digestive symptoms. However, it's important to have a healthcare provider diagnose and treat this condition properly. If you suspect you may have acrodermatitis enteropathica, see your doctor for an evaluation.",6.447796840000137
"What is (are) Periodic fever, aphthous stomatitis, pharyngitis and adenitis ?","Periodic fever, aphthous stomatitis, pharyngitis, cervical adenitis (PFAPA) is a periodic disease, which is a heterogeneous group of disorders characterized by short episodes of illness that regularly recur for several years alternated with healthy periods. PFAPA is characterized by high fevers lasting three to six days and recurring every 21 to 28 days, accompanied by some or all of the signs noted in its name, namely mouth sores (aphthous stomatitis), sore throat (pharyngitis), and enlarged lymph nodes (cervical adenitis). The syndrome usually occurs in children younger than five years; although it has been reported in children up to 13 years. The syndrome is sporadic and non-hereditary. The course of PFAPA can be persistent for years before spontaneous, full resolution.","Periodic fever, Aphthous stomatitis, Pharyngitis and Adenitis are all symptoms of Behçet's disease. Behçet's disease is a rare chronic inflammatory disorder that can affect multiple organs in the body. It typically causes recurrent episodes of inflammation in the mouth, throat, skin, eyes, joints, and other parts of the body.

The main features of Behçet's disease include:

1. **Periodic Fever**: This refers to recurring fevers that occur at irregular intervals.
2. **Aphthous Stomatitis**: This is a condition characterized by painful ulcers or sores on the inside of the cheeks, lips, tongue, or gums.
3. **Pharyngitis**: This means inflammation of the pharynx, which is the back part of the throat where the tonsils sit.
4. **Adenitis**: This involves swelling of the lymph nodes, particularly those located in the neck area.

Behçet's disease affects about 10-20 people per million worldwide. The exact cause of this condition remains unknown, but it is believed to be related to an immune system malfunction. Treatment often includes medications such as corticosteroids, immunosuppressants, and anti-inflammatory drugs",10.47189080599992
What are the treatments for Lupus Nephritis ?,"Lupus nephritis is treated with medications that suppress the immune system, so it stops attacking and damaging the kidneys. Standard treatment includes a corticosteroid, usually prednisone, to reduce inflammation in the kidneys. An immunosuppressive medication, such as cyclophosphamide or mycophenolate mofetil, is typically used with prednisone. These medicationswhen taken as prescribed by a health care providerfurther decrease the activity of the immune system and block the bodys immune cells from attacking the kidneys directly or making antibodies that attack the kidneys. Antibodies are proteins made by the immune system to protect the body from foreign substances such as bacteria or viruses. Hydroxychloroquine, a medication for treating SLE, should also be prescribed or continued for people with lupus nephritis. People with lupus nephritis that is causing high blood pressure may need to take medications that lower their blood pressure and can also significantly slow the progression of kidney disease. Two types of blood pressure lowering medications, angiotensin-converting enzyme (ACE) inhibitors and angiotensin receptor blockers (ARBs), have proven effective in slowing the progression of kidney disease. Many people require two or more medications to control their blood pressure. In addition to an ACE inhibitor or an ARB, a diuretica medication that helps the kidneys remove fluid from the bodymay be prescribed. Beta blockers, calcium channel blockers, and other blood pressure medications may also be needed. Blood pressure is written with two numbers separated by a slash, 120/80, and is said as 120 over 80. The top number is called the systolic pressure and represents the pressure as the heart beats and pushes blood through the blood vessels. The bottom number is called the diastolic pressure and represents the pressure as blood vessels relax between heartbeats. High blood pressure is a systolic pressure of 140 or above or a diastolic pressure of 90 or above.2","Lupus nephritis is a serious complication of systemic lupus erythematosus (SLE) that can lead to kidney failure. The treatment depends on the severity and stage of the disease, but may include:

1. **Medications**: Nonsteroidal anti-inflammatory drugs (NSAIDs), corticosteroids, immunosuppressants, and other medications to control inflammation and reduce damage to the kidneys.

2. **Plasma Exchange**: A procedure where blood plasma is removed from the body and replaced with fresh plasma or albumin solution to remove antibodies and immune complexes from the bloodstream.

3. **Renal Replacement Therapy**: In severe cases, dialysis or a kidney transplant may be necessary to filter waste products and excess fluid from the blood.

4. **Monitoring and Management**: Regular monitoring of kidney function, blood pressure, and overall health is crucial to manage symptoms and prevent complications.

5. **Dietary Adjustments**: Depending on the patient's nutritional status, dietary adjustments such as limiting salt intake and protein consumption might be recommended.

6. **Physical Activity**: Encouraging regular physical activity within the limits set by the healthcare provider can help maintain muscle strength and flexibility while reducing stress.

7. **Supportive Care**: Emotional support, counseling,",10.415268061999996
What is (are) Myhre syndrome ?,"Myhre syndrome is a condition with features affecting many systems and functions of the body. People with Myhre syndrome usually have delayed development of language and motor skills such as crawling and walking. Most have intellectual disability that ranges from mild to moderate. Some have behavioral issues such as features of autism or related developmental disorders affecting communication and social interaction. People with Myhre syndrome often have hearing loss, which can be caused by changes in the inner ear (sensorineural deafness), changes in the middle ear (conductive hearing loss), or both (mixed hearing loss). Growth is reduced in people with this disorder, beginning before birth and continuing through adolescence. Affected individuals have a low birth weight and are generally shorter than about 97 percent of their peers throughout life. People with Myhre syndrome typically have stiffness of the skin and are usually described as having a muscular appearance. Skeletal abnormalities associated with this disorder include thickening of the skull bones, flattened bones of the spine (platyspondyly), broad ribs, underdevelopment of the winglike structures of the pelvis (hypoplastic iliac wings), and unusually short fingers and toes (brachydactyly). Affected individuals often have joint problems (arthropathy), including stiffness and limited mobility. Typical facial features in people with Myhre syndrome include narrow openings of the eyelids (short palpebral fissures), a shortened distance between the nose and upper lip (a short philtrum), a sunken appearance of the middle of the face (midface hypoplasia), a small mouth with a thin upper lip, and a protruding jaw (prognathism). Some affected individuals also have an opening in the roof of the mouth (a cleft palate), a split in the lip (a cleft lip), or both. Other features that occur in some people with this disorder include constriction of the throat (laryngotracheal stenosis), high blood pressure (hypertension), heart or eye abnormalities, and in males, undescended testes (cryptorchidism). A disorder sometimes called laryngotracheal stenosis, arthropathy, prognathism, and short stature (LAPS) syndrome is now generally considered to be the same condition as Myhre syndrome because it has similar symptoms and the same genetic cause.","Myhre syndrome is a rare genetic disorder that affects the development of bones, muscles, and other tissues. It's caused by mutations in the MYH7 gene, which codes for a protein called myosin heavy chain 7. This protein is important for muscle function and growth.

The symptoms of Myhre syndrome can vary widely depending on how severe it is and when during development it occurs. Some common features include:

1. Skeletal abnormalities: Short stature, bowed legs, or clubfoot.
2. Muscular weakness: Difficulty with movement, especially in the arms and legs.
3. Heart problems: Abnormal heart rhythms, enlarged heart, or congenital heart defects.
4. Eye issues: Strabismus (crossed eyes), cataracts, or retinal detachment.
5. Hearing loss: Sensorineural hearing loss.
6. Intellectual disability: Mild to moderate cognitive impairment.

Treatment typically focuses on managing specific symptoms and complications, such as physical therapy for mobility issues, orthopedic interventions for skeletal deformities, and medical management of heart conditions. Early diagnosis and intervention are crucial to improve outcomes and quality of life for individuals affected by Myhre syndrome.",9.85923488100002
What are the symptoms of Alpha-mannosidosis type 1 ?,"What are the signs and symptoms of Alpha-mannosidosis type 1? The Human Phenotype Ontology provides the following list of signs and symptoms for Alpha-mannosidosis type 1. If the information is available, the table below includes how often the symptom is seen in people with this condition. You can use the MedlinePlus Medical Dictionary to look up the definitions for these medical terms. Signs and Symptoms Approximate number of patients (when available) Abnormality of the tongue 90% Cataract 90% Coarse facial features 90% Cognitive impairment 90% Craniofacial hyperostosis 90% Delayed skeletal maturation 90% Depressed nasal bridge 90% Hearing impairment 90% Hepatomegaly 90% Opacification of the corneal stroma 90% Skeletal dysplasia 90% Splenomegaly 90% Type II diabetes mellitus 90% Abnormality of the helix 50% Abnormality of the hip bone 50% Abnormality of the palate 50% Bowing of the long bones 50% Dental malocclusion 50% Gingival overgrowth 50% Hernia of the abdominal wall 50% Hypertelorism 50% Kyphosis 50% Macrotia 50% Muscular hypotonia 50% Otitis media 50% Prominent supraorbital ridges 50% Scoliosis 50% Short neck 50% Arthritis 7.5% Aseptic necrosis 7.5% Hallucinations 7.5% Increased intracranial pressure 7.5% Macrocephaly 7.5% Mandibular prognathia 7.5% Recurrent respiratory infections 7.5% Synostosis of joints 7.5% Abnormality of the rib cage - Autosomal recessive inheritance - Babinski sign - Broad forehead - Cerebellar atrophy - Decreased antibody level in blood - Depressed nasal ridge - Dysarthria - Dysostosis multiplex - Epicanthus - Femoral bowing - Flat occiput - Frontal bossing - Gait ataxia - Growth delay - Hyperreflexia - Hypertrichosis - Hypoplasia of midface - Impaired smooth pursuit - Increased vertebral height - Inguinal hernia - Intellectual disability - Limb ataxia - Low anterior hairline - Macroglossia - Malar flattening - Nystagmus - Pectus carinatum - Progressive retinal degeneration - Recurrent bacterial infections - Sensorineural hearing impairment - Spasticity - Spinocerebellar tract disease in lower limbs - Spondylolisthesis - Thick eyebrow - Thickened calvaria - Thoracolumbar kyphosis - Vacuolated lymphocytes - Widely spaced teeth - The Human Phenotype Ontology (HPO) has collected information on how often a sign or symptom occurs in a condition. Much of this information comes from Orphanet, a European rare disease database. The frequency of a sign or symptom is usually listed as a rough estimate of the percentage of patients who have that feature. The frequency may also be listed as a fraction. The first number of the fraction is how many people had the symptom, and the second number is the total number of people who were examined in one study. For example, a frequency of 25/25 means that in a study of 25 people all patients were found to have that symptom. Because these frequencies are based on a specific study, the fractions may be different if another group of patients are examined. Sometimes, no information on frequency is available. In these cases, the sign or symptom may be rare or common.","Alpha-mannosidosis is a rare genetic disorder that affects the body's ability to break down complex sugars. The most common symptom of this condition is progressive mental and physical decline, which can begin in childhood or adolescence.

Other symptoms may include:

- Hearing loss
- Vision problems
- Difficulty walking
- Speech difficulties
- Learning disabilities
- Seizures

The severity of these symptoms varies among individuals with alpha-mannosidosis, but they typically worsen over time if left untreated. Early diagnosis and treatment can help manage symptoms and improve quality of life for those affected by this disease. If you have concerns about your child's development or any other health issues, it's important to consult with a healthcare professional who can provide guidance based on individual circumstances.",6.501926352999817
What is (are) Lactose Intolerance ?,"Lactose intolerance is a condition in which people have digestive symptomssuch as bloating, diarrhea, and gasafter eating or drinking milk or milk products. Lactase deficiency and lactose malabsorption may lead to lactose intolerance: - Lactase deficiency. In people who have a lactase deficiency, the small intestine produces low levels of lactase and cannot digest much lactose. - Lactose malabsorption. Lactase deficiency may cause lactose malabsorption. In lactose malabsorption, undigested lactose passes to the colon. The colon, part of the large intestine, absorbs water from stool and changes it from a liquid to a solid form. In the colon, bacteria break down undigested lactose and create fluid and gas. Not all people with lactase deficiency and lactose malabsorption have digestive symptoms. People have lactose intolerance when lactase deficiency and lactose malabsorption cause digestive symptoms. Most people with lactose intolerance can eat or drink some amount of lactose without having digestive symptoms. Individuals vary in the amount of lactose they can tolerate. People sometimes confuse lactose intolerance with a milk allergy. While lactose intolerance is a digestive system disorder, a milk allergy is a reaction by the bodys immune system to one or more milk proteins. An allergic reaction to milk can be life threatening even if the person eats or drinks only a small amount of milk or milk product. A milk allergy most commonly occurs in the first year of life, while lactose intolerance occurs more often during adolescence or adulthood.1,2 Four Types of Lactase Deficiency Four types of lactase deficiency may lead to lactose intolerance: - Primary lactase deficiency, also called lactase nonpersistence, is the most common type of lactase deficiency. In people with this condition, lactase production declines over time. This decline often begins at about age 2; however, the decline may begin later. Children who have lactase deficiency may not experience symptoms of lactose intolerance until late adolescence or adulthood. Researchers have discovered that some people inherit genes from their parents that may cause a primary lactase deficiency. - Secondary lactase deficiency results from injury to the small intestine. Infection, diseases, or other problems may injure the small intestine. Treating the underlying cause usually improves the lactose tolerance. - Developmental lactase deficiency may occur in infants born prematurely. This condition usually lasts for only a short time after they are born. - Congenital lactase deficiency is an extremely rare disorder in which the small intestine produces little or no lactase enzyme from birth. Genes inherited from parents cause this disorder.","Lactose intolerance is a condition in which the body cannot properly digest lactose, a sugar found in milk and other dairy products. This can cause symptoms such as bloating, gas, diarrhea, and abdominal pain after consuming foods containing lactose.

There are two main types of lactose intolerance:

1. Primary lactose intolerance: This occurs when the small intestine does not produce enough of an enzyme called lactase, which breaks down lactose into simpler sugars that the body can absorb.
2. Secondary lactose intolerance: This occurs when damage to the lining of the intestines or changes in the digestive system make it difficult for the body to break down lactose. It may be caused by conditions such as celiac disease, inflammatory bowel disease, or certain medications.

In both cases, people with lactose intolerance need to limit their intake of dairy products or find alternative sources of calcium and vitamin D, such as fortified plant-based milks and supplements. In some cases, dietary modifications and over-the-counter lactase supplements can help manage symptoms. However, severe lactose intolerance may require medical intervention, including intravenous fluids and electrolyte replacement therapy.",9.486347711999997
What are the treatments for Hereditary cerebral hemorrhage with amyloidosis ?,"How might hereditary cerebral hemorrhage with amyloidosis - Dutch type be treated? There is no known effective treatment for hereditary cerebral hemorrhage with amyloidosis - Dutch type. Treatment is supportive and based on the control of symptoms. In some cases, rehabilitation is needed for weakness or clumsiness. This can include physical, occupational, or speech therapy. Occasionally, some patients are good candidates for medications that can help improve memory. The management of intracranial hemorrhage (ICH) related to hereditary cerebral hemorrhage with amyloidosis - Dutch type is identical to the standard management of ICH. The main objectives include reversing anticoagulation, managing intracranial pressure, and preventing complications.","Hereditary cerebral hemorrhage with amyloidosis (HCHWA) is a rare, inherited disorder that causes bleeding into the brain and deposits of beta-amyloid protein. The treatment options for HCHWA include:

1. **Medications**: Anticoagulants to prevent blood clots in the brain.
2. **Thrombolytics**: Drugs used to dissolve blood clots if they cause bleeding.
3. **Surgery**: In some cases, surgery may be necessary to remove blood clots or other blockages from the brain.

It's important to note that these treatments can vary depending on the severity of symptoms and the specific needs of each individual patient. Regular monitoring by healthcare professionals is crucial to manage this condition effectively. For more detailed information, consult with medical experts specializing in neurology or genetics.",6.9208070480001425
"How many people are affected by X-linked intellectual disability, Siderius type ?","While X-linked intellectual disability of all types and causes is relatively common, with a prevalence of 1 in 600 to 1,000 males, the prevalence of the Siderius type is unknown. Only a few affected families have been described in the scientific literature.","X-linked intellectual disability (XLID) is a genetic disorder that affects males more frequently than females. It's caused by mutations in genes on the X chromosome.

Siderius type of XLID is one specific subtype of this condition. The exact number of individuals affected by Siderius type of XLID is not precisely known due to its rarity and the difficulty in diagnosing it accurately.

However, studies suggest that around 1-2% of all cases of XLID are classified as Siderius type. This means that approximately 10-20 out of every 1,000 newborns with XLID may have this particular form of the disorder.

It's important to note that these numbers can vary depending on the population studied and the diagnostic criteria used. Additionally, some cases might be misclassified or underdiagnosed, leading to an overestimation of the prevalence. For precise figures, consulting medical literature or databases dedicated to rare genetic disorders would provide more accurate information.",8.380169137999928
What are the symptoms of Noonan syndrome ?,"What are the signs and symptoms of Noonan syndrome? The Human Phenotype Ontology provides the following list of signs and symptoms for Noonan syndrome. If the information is available, the table below includes how often the symptom is seen in people with this condition. You can use the MedlinePlus Medical Dictionary to look up the definitions for these medical terms. Signs and Symptoms Approximate number of patients (when available) Abnormality of the helix 90% Abnormality of the nipple 90% Abnormality of the palate 90% Abnormality of the pulmonary artery 90% Abnormality of the pulmonary valve 90% Aplasia/Hypoplasia of the abdominal wall musculature 90% Cystic hygroma 90% Enlarged thorax 90% High forehead 90% Hypertelorism 90% Joint hypermobility 90% Low-set, posteriorly rotated ears 90% Malar flattening 90% Muscle weakness 90% Neurological speech impairment 90% Pectus carinatum 90% Pectus excavatum 90% Proptosis 90% Ptosis 90% Short stature 90% Thick lower lip vermilion 90% Thickened nuchal skin fold 90% Triangular face 90% Webbed neck 90% Abnormal dermatoglyphics 50% Abnormality of coagulation 50% Abnormality of the spleen 50% Abnormality of thrombocytes 50% Arrhythmia 50% Coarse hair 50% Cryptorchidism 50% Delayed skeletal maturation 50% Feeding difficulties in infancy 50% Hepatomegaly 50% Low posterior hairline 50% Muscular hypotonia 50% Scoliosis 50% Strabismus 50% Intellectual disability 25% Abnormal hair quantity 7.5% Brachydactyly syndrome 7.5% Clinodactyly of the 5th finger 7.5% Hypogonadism 7.5% Lymphedema 7.5% Melanocytic nevus 7.5% Nystagmus 7.5% Radioulnar synostosis 7.5% Sensorineural hearing impairment 7.5% Abnormal bleeding - Amegakaryocytic thrombocytopenia - Atria septal defect - Autosomal dominant inheritance - Clinodactyly - Coarctation of aorta - Cubitus valgus - Dental malocclusion - Epicanthus - Failure to thrive in infancy - Heterogeneous - High palate - Hypertrophic cardiomyopathy - Kyphoscoliosis - Male infertility - Myopia - Neurofibrosarcoma - Patent ductus arteriosus - Pectus excavatum of inferior sternum - Postnatal growth retardation - Pulmonic stenosis - Radial deviation of finger - Reduced factor XII activity - Reduced factor XIII activity - Shield chest - Short neck - Superior pectus carinatum - Synovitis - Ventricular septal defect - The Human Phenotype Ontology (HPO) has collected information on how often a sign or symptom occurs in a condition. Much of this information comes from Orphanet, a European rare disease database. The frequency of a sign or symptom is usually listed as a rough estimate of the percentage of patients who have that feature. The frequency may also be listed as a fraction. The first number of the fraction is how many people had the symptom, and the second number is the total number of people who were examined in one study. For example, a frequency of 25/25 means that in a study of 25 people all patients were found to have that symptom. Because these frequencies are based on a specific study, the fractions may be different if another group of patients are examined. Sometimes, no information on frequency is available. In these cases, the sign or symptom may be rare or common.","Noonan syndrome is a genetic disorder that affects the body's development. It can cause various physical and health problems, including:

- Short stature
- Webbed neck
- Low-set ears
- Heart defects
- Eye abnormalities
- Limb differences

Symptoms may vary from person to person and some people with Noonan syndrome may not have all of these features. If you or someone you know has been diagnosed with Noonan syndrome, it's important to discuss any concerns about symptoms with your healthcare provider. They can provide guidance on how to manage the condition and help ensure proper treatment and care.",5.045205717000044
What causes Bell's palsy ?,What causes Bell's palsy?,"Bell's palsy is a condition that affects the facial muscles, causing them to become weak or paralyzed. It can be caused by a variety of factors, including:

1. Viral infections: The most common cause of Bell's palsy is a viral infection, such as herpes simplex virus (HSV) or varicella-zoster virus (VZV), which are known to infect the trigeminal nerve.

2. Trauma: Physical trauma to the face, such as a blow to the head or facial injury, can also trigger Bell's palsy.

3. Autoimmune disorders: In some cases, the body's immune system mistakenly attacks the trigeminal nerve, leading to Bell's palsy.

4. Genetics: Certain genetic conditions, such as Charcot-Marie-Tooth disease and multiple sclerosis, may increase the risk of developing Bell's palsy.

5. Other factors: Other potential triggers include stress, high blood pressure, and certain medications.

It's important to note that while these factors can contribute to the development of Bell's palsy, they do not guarantee its occurrence. If you experience symptoms of Bell's palsy, it's essential to seek medical attention promptly for proper diagnosis and treatment.",10.110119175999898
What are the treatments for Hereditary angioedema ?,"How might hereditary angioedema be treated? Medical treatment of hereditary angioedema (HAE) consists of preventing attacks and managing acute attacks once they occur. During attacks, patients may require respiratory support. They also may require large amounts of intravenous fluids to maintain hemodynamic stability. Until recently, no effective agent for acute attacks existed in the United States. Now, however, several agents have been approved, and others are in the midst of the U.S. Food and Drug Administration (FDA) approval process. In October 2008, the US FDA approved the use of C1-INH (Cinryze) for prophylaxis to prevent attacks. In October 2009, the FDA approved C1-INH (Berinert) for the treatment of acute abdominal and facial angioedema attacks in adolescents and adults with HAE.In December 2009, ecallantide (Kalbitor), a kallikrein inhibitor, was approved for the treatment of acute attacks. In August 2011, the FDA approved Firazyr (icatibant) Injection for the treatment of acute attacks in people ages 18 years and older. Firazyr can be self-administered through an injection in the abdominal area so patients can treat themselves when they realize they are having an HAE attack. An article from the eMedicine Journal provides more detailed information on these medications and other methods of treating HAE at the following link. You may need to register to view the article, but registration is free. http://emedicine.medscape.com/article/135604-treatment The US Hereditary Angioedema Association also provides additional information about treatment of HAE. http://www.haea.org/treating-hae/treatments/ Orphanet, a database dedicated to information on rare diseases and orphan drugs, provides guidelines regarding emergency management of hereditary angioedema at the following link. http://www.orpha.net/consor/cgi-bin/Disease_Emergency.php?lng=EN&stapage=FICHE_URGENCE_A1","Hereditary angioedema (HAE) is a rare genetic disorder that causes sudden swelling in the skin, muscles, and internal organs. The treatment of HAE depends on the severity of symptoms and the type of HAE.

1. **Emergency management**: In cases where an acute attack occurs, patients should be treated with intravenous (IV) C1 inhibitor or desmopressin (DDAVP). These medications help to reduce swelling by blocking the action of bradykinin, which is a substance that triggers inflammation and swelling.

2. **Regular monitoring**: Patients with mild to moderate HAE may not require immediate medical intervention but should still have regular follow-ups with their healthcare provider to monitor their condition and adjust their treatment as needed.

3. **Avoidance of triggers**: Identifying and avoiding potential triggers can help prevent attacks. Common triggers include infections, stress, certain foods, and hormonal changes.

4. **Medication management**: For those who experience frequent attacks, doctors might prescribe long-term medication such as C1 inhibitor therapy or DDAVP injections. These medications need to be taken regularly to maintain blood levels of C1 inhibitor at therapeutic concentrations.

5. **Education and support**: Understanding the disease and its management can empower patients to better manage their",10.440141462000156
Who is at risk for Arrhythmia? ?,"Arrhythmias are very common in older adults. Atrial fibrillation (a common type of arrhythmia that can cause problems) affects millions of people, and the number is rising. Most serious arrhythmias affect people older than 60. This is because older adults are more likely to have heart disease and other health problems that can lead to arrhythmias. Older adults also tend to be more sensitive to the side effects of medicines, some of which can cause arrhythmias. Some medicines used to treat arrhythmias can even cause arrhythmias as a side effect. Some types of arrhythmia happen more often in children and young adults. Paroxysmal supraventricular tachycardia (PSVT), including Wolff-Parkinson-White syndrome, is more common in young people. PSVT is a fast heart rate that begins and ends suddenly. Major Risk Factors Arrhythmias are more common in people who have diseases or conditions that weaken the heart, such as: Heart attack Heart failure or cardiomyopathy, which weakens the heart and changes the way electrical signals move through the heart Heart tissue that's too thick or stiff or that hasn't formed normally Leaking or narrowed heart valves, which make the heart work too hard and can lead to heart failure Congenital heart defects (defects present at birth) that affect the heart's structure or function Other conditions also can raise the risk for arrhythmias, such as: High blood pressure Infections that damage the heart muscle or the sac around the heart Diabetes, which increases the risk of high blood pressure and coronary heart disease Sleep apnea, which can stress the heart because the heart doesn't get enough oxygen An overactive or underactive thyroid gland (too much or too little thyroid hormone in the body) Several other risk factors also can raise your risk for arrhythmias. Examples include heart surgery, certain drugs (such as cocaine or amphetamines), or an imbalance of chemicals or other substances (such as potassium) in the bloodstream.","Arrhythmias can occur in anyone, but certain factors increase the likelihood of developing them. These include:

- Age: The risk increases with age.
- Genetics: If a family member has had an arrhythmia, you may be more likely to develop one yourself.
- Medical conditions: Certain medical conditions such as heart disease or thyroid problems can increase your risk.
- Lifestyle factors: Smoking, excessive alcohol consumption, and lack of exercise are all linked to an increased risk of arrhythmias.

It's important to note that while these factors can increase your risk, they do not guarantee that you will develop an arrhythmia. Regular check-ups and screenings can help identify potential issues early on. Always consult with a healthcare professional if you have concerns about your health.",6.260851722000098
How many people are affected by epidermolysis bullosa simplex ?,"The exact prevalence of epidermolysis bullosa simplex is unknown, but this condition is estimated to affect 1 in 30,000 to 50,000 people. The localized type is the most common form of the condition.","Epidermolysis Bullosa Simplex (EBS) is a rare genetic skin disorder that affects the outer layer of the skin. It causes the skin to be very fragile and easily damaged, leading to blisters and ulcers.

The exact number of people affected by EBS varies depending on how it's defined and diagnosed. According to some estimates, there may be as few as 100-200 cases per million in the general population. However, this can vary widely based on factors such as geographic location, ethnic background, and diagnostic criteria used.

It's important to note that these numbers are approximate and can change over time due to advancements in medical research and improved diagnostic methods. For more accurate information, consulting with healthcare professionals or organizations dedicated to studying EBS would provide the most up-to-date data.",6.903273481000269
How to diagnose Dumping Syndrome ?,"A health care provider will diagnose dumping syndrome primarily on the basis of symptoms. A scoring system helps differentiate dumping syndrome from other GI problems. The scoring system assigns points to each symptom and the total points result in a score. A person with a score above 7 likely has dumping syndrome. The following tests may confirm dumping syndrome and exclude other conditions with similar symptoms: - A modified oral glucose tolerance test checks how well insulin works with tissues to absorb glucose. A health care provider performs the test during an office visit or in a commercial facility and sends the blood samples to a lab for analysis. The person should fasteat or drink nothing except waterfor at least 8 hours before the test. The health care provider will measure blood glucose concentration, hematocritthe amount of red blood cells in the bloodpulse rate, and blood pressure before the test begins. After the initial measurements, the person drinks a glucose solution. The health care provider repeats the initial measurements immediately and at 30-minute intervals for up to 180 minutes. A health care provider often confirms dumping syndrome in people with - low blood sugar between 120 and 180 minutes after drinking the solution - an increase in hematocrit of more than 3 percent at 30 minutes - a rise in pulse rate of more than 10 beats per minute after 30 minutes - A gastric emptying scintigraphy test involves eating a bland mealsuch as eggs or an egg substitutethat contains a small amount of radioactive material. A specially trained technician performs this test in a radiology center or hospital, and a radiologista doctor who specializes in medical imaginginterprets the results. Anesthesia is not needed. An external camera scans the abdomen to locate the radioactive material. The radiologist measures the rate of gastric emptying at 1, 2, 3, and 4 hours after the meal. The test can help confirm a diagnosis of dumping syndrome. - An upper GI endoscopy involves using an endoscopea small, flexible tube with a lightto see the upper GI tract. A gastroenterologista doctor who specializes in digestive diseasesperforms the test at a hospital or an outpatient center. The gastroenterologist carefully feeds the endoscope down the esophagus and into the stomach and duodenum. A small camera mounted on the endoscope transmits a video image to a monitor, allowing close examination of the intestinal lining. A person may receive general anesthesia or a liquid anesthetic that is gargled or sprayed on the back of the throat. If the person receives general anesthesia, a health care provider will place an intravenous (IV) needle in a vein in the arm. The test may show ulcers, swelling of the stomach lining, or cancer. - An upper GI series examines the small intestine. An x-ray technician performs the test at a hospital or an outpatient center and a radiologist interprets the images. Anesthesia is not needed. No eating or drinking is allowed before the procedure, as directed by the health care staff. During the procedure, the person will stand or sit in front of an x-ray machine and drink barium, a chalky liquid. Barium coats the small intestine, making signs of a blockage or other complications of gastric surgery show up more clearly on x rays.","Dumping syndrome is a condition that occurs after eating, where food moves too quickly through the digestive system. This can cause symptoms such as nausea, vomiting, diarrhea, and abdominal pain.

To diagnose dumping syndrome, your doctor will ask about your medical history and perform a physical examination. They may also order tests to check for other conditions that could be causing similar symptoms, such as diabetes or pancreatitis.

If you have symptoms of dumping syndrome, it's important to see a healthcare provider as soon as possible. Early diagnosis and treatment can help prevent complications and improve your quality of life. Your doctor may recommend dietary changes, medication, or other treatments to manage your symptoms. In some cases, surgery may be necessary to correct underlying issues that are contributing to your symptoms. It's important to work closely with your healthcare team to develop an individualized plan for managing your condition.",7.0838236519998645
What is (are) Dermatofibrosarcoma protuberans ?,"Dermatofibrosarcoma protuberans is an uncommon cancer in which tumors arise in the deeper layers of skin. The tumor usually starts as a small, firm patch of skin; it may be purplish, reddish, or flesh-colored. It is commonly found on the torso, usually in the shoulder and chest area. The tumor typically grows slowly but has a tendency to recur after being removed. It rarely spreads to other parts of the body. The cause of DFSP is unknown, but injury to the affected skin may be a predisposing factor. Treatment usually involves surgically removing the tumor. If the tumor is unable to be removed completely, additional therapy may be needed. Regular follow-up is important to monitor for recurrence.","Dermatofibrosarcoma protuberans (DFSP) is a rare, aggressive soft tissue sarcoma that arises from the dermis. It is characterized by its characteristic appearance on imaging studies and histopathology.

The name ""dermatofibrosarcoma protuberans"" refers to two distinct entities:

1. **Dermatofibrosarcoma Protuberans**: This entity is defined as a tumor composed of fibroblasts with abundant collagenous matrix and spindle cells arranged in fascicles or cords.
2. **Dermatofibroma**: A benign skin lesion consisting of spindle-shaped cells embedded within a dense collagenous stroma.

Both entities are considered variants of dermatofibromas, which are usually benign but can occasionally progress to DFSP. The distinction between these two entities is important for differential diagnosis and treatment planning.",7.292999809999856
Do you have information about Smokeless Tobacco,"Summary : Many people who chew tobacco or dip snuff think it's safer than smoking. But you don't have to smoke tobacco for it to be dangerous. Chewing or dipping carries risks like - Cancer of the mouth - Decay of exposed tooth roots - Pulling away of the gums from the teeth - White patches or red sores in the mouth that can turn to cancer Recent research shows the dangers of smokeless tobacco may go beyond the mouth. It might also play a role in other cancers, heart disease and stroke. Smokeless tobacco contains more nicotine than cigarettes. Nicotine is a highly addictive drug that makes it hard to stop using tobacco once you start. Having a quit date and a quitting plan can help you stop successfully. NIH: National Institute of Dental and Craniofacial Research","Yes, I do. Smokeless tobacco is a type of tobacco that is chewed or snorted rather than smoked. It comes in several forms including dip, chewing tobacco, and snuff. The most common form is spit tobacco, which is sold as pouches or loose leaves. Smokeless tobacco has been linked to various health problems such as oral cancer, gum disease, and heart disease. It's important for individuals to be aware of the risks associated with smokeless tobacco use and to seek professional advice if they are considering using it.",4.433251972000107
How many people are affected by cardiofaciocutaneous syndrome ?,Cardiofaciocutaneous syndrome is a very rare condition whose incidence is unknown. Researchers estimate that 200 to 300 people worldwide have this condition.,"Cardiofaciocutaneous syndrome is a rare genetic disorder that affects about 1 in every 40,000 to 60,000 individuals worldwide. This means that there are approximately 250-375 new cases diagnosed each year globally.

The condition primarily affects males more than females and can be inherited from parents who carry the gene mutation responsible for the disease. It's important to note that this number may vary slightly depending on different studies or populations being considered. However, it remains one of the most common syndromes associated with an abnormality in the CFTR (cystic fibrosis transmembrane conductance regulator) gene. 

For more accurate statistics, you might want to consult recent medical research papers or databases dedicated to genetic disorders. These resources provide up-to-date information based on the latest scientific findings.",7.185648108999885
Is Chanarin-Dorfman syndrome inherited ?,"This condition is inherited in an autosomal recessive pattern, which means both copies of the gene in each cell have mutations. The parents of an individual with an autosomal recessive condition each carry one copy of the mutated gene, but they typically do not show signs and symptoms of the condition.","Chanarin-Dorfman syndrome is an autosomal recessive genetic disorder. It's caused by mutations in the PTPN1 gene, which leads to abnormal accumulation of cholesterol and lipids under the skin.

The inheritance pattern for this condition is typically described as autosomal recessive. This means that a person must inherit two copies of the mutated gene (one from each parent) to develop the disease. If only one copy of the mutated gene is present, the individual may be a carrier but not show symptoms.

In summary, Chanarin-Dorfman syndrome is inherited in an autosomal recessive manner. For more detailed information on its genetics and inheritance patterns, you can refer to medical resources or consult with a healthcare professional specializing in genetic disorders.",6.179967990000023
What are the treatments for Fahr's Syndrome ?,"There is no cure for Fahr's Syndrome, nor is there a standard course of treatment. Treatment addresses symptoms on an individual basis.","Fahr's syndrome is a rare genetic disorder that affects the nervous system. The main treatment options include:

1. **Physical Therapy**: To help manage muscle weakness and improve mobility.
2. **Occupational Therapy**: To assist with daily activities and maintain independence.
3. **Speech Therapy**: If there are issues with speech or swallowing, therapy can be beneficial.
4. **Medications**: Anticonvulsants may be prescribed to control seizures if they occur.
5. **Surgical Intervention**: In some cases, surgery might be necessary to address specific complications like hernias.

It's important to consult with healthcare professionals who specialize in neurology or neuromuscular disorders to determine the most appropriate course of treatment based on individual needs. Regular monitoring and adjustments to the treatment plan as needed are also crucial.",6.566329737999695
What are the treatments for Tracheobronchomalacia ?,"How might tracheobronchomalacia be treated? Treatment is only medically necessary in people who have signs and symptoms of tracheobronchomalacia (TBM). Management of symptomatic TBM first involves identifying underlying conditions contributing to symptoms, such as chronic inflammation, compression, or injury. Initial treatment will target these underlying medical concerns. If symptoms persist, people with TBM may undergo pulmonary function tests or other assessments to help guide therapy choice and allow monitoring of the response to treatment. Treatment options may include: Silicone and/or long-term stenting Surgical correction Continuous positive airway pressure (CPAP) Tracheostomy (often used as a last resort as it can sometimes worsen TBM) We strongly recommend that you discuss your treatment options with a healthcare provider.","Tracheobronchomalacia is a condition where the walls of the airway become weak and collapse, making it difficult to breathe. The main treatment options include:

1. **Pulmonary Rehabilitation**: This involves exercises and techniques designed to strengthen respiratory muscles and improve lung function.

2. **Breathing Exercises**: Techniques such as pursed-lip breathing can help manage symptoms by reducing the work of breathing.

3. **Medications**: Medications may be prescribed to reduce inflammation or relax the muscles in the airways.

4. **Surgery**: In severe cases, surgery might be necessary to reinforce the weakened areas of the airway.

5. **Continuous Positive Airway Pressure (CPAP)**: A machine that delivers continuous airflow through a mask to keep the airway open during sleep.

6. **Lung Volume Reduction Surgery (LVRS)**: For patients with significant lung damage due to chronic obstructive pulmonary disease (COPD), this procedure removes damaged parts of the lungs to increase their efficiency.

7. **Endoscopic Procedures**: These involve using an endoscope to repair or remove tissue from the airway.

8. **Physical Therapy**: To maintain muscle strength and flexibility.

It's important to consult with a healthcare provider to determine the most appropriate",10.434601217999898
What is (are) Kidney Failure: Eat Right to Feel Right on Hemodialysis ?,"Sodium is found in salt and other foods. Most canned foods and frozen dinners contain large amounts of sodium. Too much sodium makes you thirsty. But if you drink more fluid, your heart has to work harder to pump the fluid through your body. Over time, this can cause high blood pressure and congestive heart failure. Try to eat fresh foods that are naturally low in sodium Look for products labeled low sodium. Do not use salt substitutes because they contain potassium. Talk with a dietitian about spices you can use to flavor your food. The dietitian can help you find spice blends without sodium or potassium. Talk With a Dietitian Talk with a dietitian about spices and other healthy foods you can use to flavor your diet. List them on the lines below. Spice: _____________________________ Spice: _____________________________ Spice: _____________________________ Food: _____________________________ Food: _____________________________","Kidney failure can be managed through diet and lifestyle changes. Eating a healthy, balanced diet that includes plenty of fruits, vegetables, lean proteins, whole grains, and low-fat dairy products can help maintain kidney function.

However, for those undergoing hemodialysis, it's important to follow specific dietary guidelines to manage their condition effectively. These guidelines may include restrictions on certain foods or nutrients, such as phosphorus and potassium, which are often elevated in the blood during dialysis.

In addition to diet, regular exercise, adequate hydration, and managing stress levels can also play a role in maintaining overall health and well-being while living with kidney failure. It's essential to consult with healthcare professionals to develop an individualized treatment plan that addresses your unique needs and goals. They will provide guidance on how to eat right to feel right when managing kidney failure through hemodialysis.",7.072309962999952
What are the symptoms of Peutz-Jeghers syndrome ?,"What are the signs and symptoms of Peutz-Jeghers syndrome? Peutz-Jeghers syndrome (PJS) is characterized primarily by an increased risk of growths along the lining of the gastrointestinal tract (called hamartomatous polyps) and certain types of cancer. Polyps are most commonly seen in the small intestines; however, they can also develop in the stomach, large intestines and other parts of the body such as the lungs, gall bladder, nose, and urinary bladder. Although these polyps are generally benign (noncancerous), they can be associated with many health problems including anemia, chronic bleeding, bowel obstruction, and intussusception. PJS-related polyps commonly present in adolescence or early adulthood with approximately a third of affected people experiencing symptoms in the first 10 years of life. People with PJS also have a high lifetime risk of developing cancer. Cancers of the gastrointestinal tract (stomach, small intestine, and colon), breast, pancreas, cervix, ovary, uterus and lungs are among the most commonly reported tumors. Medscape reference offers more specific information regarding the risks for these cancers and the average age of onset. Please click here to view this resource. Most affected people also have characteristic dark blue to dark brown macules around the mouth, eyes, and nostrils; near the anus (perianal); and on the inside of the cheeks (buccal mucosa). These spots may also occur on the hands and feet. They commonly appear during childhood and often fade as the person gets older. The Human Phenotype Ontology provides the following list of signs and symptoms for Peutz-Jeghers syndrome. If the information is available, the table below includes how often the symptom is seen in people with this condition. You can use the MedlinePlus Medical Dictionary to look up the definitions for these medical terms. Signs and Symptoms Approximate number of patients (when available) Abnormal pigmentation of the oral mucosa 90% Hypermelanotic macule 90% Intestinal polyposis 90% Lip hyperpigmentation 90% Melanocytic nevus 90% Abdominal pain 7.5% Abnormality of nail color 7.5% Biliary tract neoplasm 7.5% Esophageal neoplasm 7.5% Gastrointestinal hemorrhage 7.5% Gastrointestinal infarctions 7.5% Gynecomastia 7.5% Intestinal obstruction 7.5% Nasal polyposis 7.5% Nausea and vomiting 7.5% Neoplasm of the breast 7.5% Neoplasm of the colon 7.5% Neoplasm of the lung 7.5% Neoplasm of the pancreas 7.5% Neoplasm of the rectum 7.5% Neoplasm of the small intestine 7.5% Neoplasm of the stomach 7.5% Ovarian neoplasm 7.5% Renal neoplasm 7.5% Testicular neoplasm 7.5% Uterine neoplasm 7.5% Abnormality of the mouth - Abnormality of the ureter - Autosomal dominant inheritance - Biliary tract abnormality - Breast carcinoma - Clubbing of fingers - Gastrointestinal carcinoma - Hamartomatous polyposis - Intestinal bleeding - Intussusception - Iron deficiency anemia - Ovarian cyst - Precocious puberty with Sertoli cell tumor - Rectal prolapse - The Human Phenotype Ontology (HPO) has collected information on how often a sign or symptom occurs in a condition. Much of this information comes from Orphanet, a European rare disease database. The frequency of a sign or symptom is usually listed as a rough estimate of the percentage of patients who have that feature. The frequency may also be listed as a fraction. The first number of the fraction is how many people had the symptom, and the second number is the total number of people who were examined in one study. For example, a frequency of 25/25 means that in a study of 25 people all patients were found to have that symptom. Because these frequencies are based on a specific study, the fractions may be different if another group of patients are examined. Sometimes, no information on frequency is available. In these cases, the sign or symptom may be rare or common.","Peutz-Jeghers syndrome is a rare genetic disorder that affects the digestive system and can cause other health problems. The most common symptom is a benign (non-cancerous) growth on the lips, tongue, or inside the cheeks called a peppercorn mole. These moles may appear as small white spots or dark brown patches. Other symptoms include:

- Abdominal pain
- Diarrhea
- Weight loss
- Fatigue
- Bleeding from the stomach or intestines

If you have any of these symptoms, it's important to see your doctor for further evaluation. Early diagnosis and treatment can help manage the symptoms and reduce the risk of complications.",5.637342990999969
What are the treatments for amelogenesis imperfecta ?,"These resources address the diagnosis or management of amelogenesis imperfecta: - Genetic Testing Registry: Amelogenesis imperfecta - hypoplastic autosomal dominant - local - Genetic Testing Registry: Amelogenesis imperfecta, hypocalcification type - Genetic Testing Registry: Amelogenesis imperfecta, type 1E - Genetic Testing Registry: Amelogenesis imperfecta, type IC - MedlinePlus Encyclopedia: Amelogenesis imperfecta - MedlinePlus Encyclopedia: Tooth - Abnormal Colors These resources from MedlinePlus offer information about the diagnosis and management of various health conditions: - Diagnostic Tests - Drug Therapy - Surgery and Rehabilitation - Genetic Counseling - Palliative Care","Amelogenesis imperfecta is a genetic disorder that affects tooth enamel formation. The treatment options depend on the severity of the condition and may include:

1. **Dental Sealants**: These can help protect teeth from decay by creating a barrier between the enamel and plaque.

2. **Fluoride Treatments**: Regular fluoride applications or mouth rinses can strengthen enamel and prevent cavities.

3. **Oral Hygiene**: Good oral hygiene practices, including brushing twice daily with fluoride toothpaste and flossing once daily, are crucial in managing the condition.

4. **Orthodontic Treatment**: In cases where malocclusion (bad bite) is present due to misaligned teeth, orthodontic appliances such as braces might be necessary.

5. **Surgical Procedures**: For severe cases, surgical procedures like root canal therapy or dental implants might be required if there are significant issues affecting the overall health of the teeth.

6. **Genetic Counseling**: Genetic counseling can provide information about the risks and management strategies for future generations.

7. **Nutritional Supplements**: Some individuals may benefit from supplements containing calcium and vitamin D, which support healthy bone development, including tooth enamel.

It's important to consult with a dentist or an endodontist who specializes in pediatric dent",10.472494288000235
What is (are) High Blood Cholesterol ?,"Cholesterol is a waxy, fat-like substance that your liver makes. It is also found in some foods that come from animals.","High blood cholesterol, also known as hypercholesterolemia or hyperlipidemia, refers to a condition where the level of cholesterol in the bloodstream exceeds normal levels. Cholesterol is a waxy substance that's found naturally in all parts of your body and helps make hormones, vitamin D, and some cell membranes.

Cholesterol can be carried through the bloodstream by lipoproteins, which are particles made up of fat and protein. There are two main types of lipoproteins: low-density lipoprotein (LDL), often called ""bad"" cholesterol because it tends to build up on artery walls; and high-density lipoprotein (HDL), sometimes referred to as ""good"" cholesterol, because it helps remove excess LDL from the arteries.

When there's too much LDL cholesterol circulating in the blood, it can form plaque inside the arteries, narrowing them and making it harder for blood to flow through. This process is called atherosclerosis. Over time, this buildup can lead to heart disease, stroke, or other serious health problems if left untreated. 

Maintaining healthy cholesterol levels is important for overall cardiovascular health. A diet rich in fruits, vegetables, whole grains, lean proteins, and healthy fats like olive oil can help lower cholesterol levels. Regular",10.411752892000095
What is (are)  ?,"On this Page General Information What is vancomycin-resistant enterococci? What types of infections does vancomycin-resistant enterococci cause? Are certain people at risk of getting vancomycin-resistant enterococci? What is the treatment for vancomycin-resistant enterococci? How is vancomycin-resistant enterococci spread? How can patients prevent the spread of vancomycin-resistant enterococci? What should a patient do if they think they have vancomycin-resistant enterococci? Recommendations and Guidelines General Information For more images of this bacterium, search the Public Health Image Library What is vancomycin-resistant enterococci? Enteroccocci are bacteria that are normally present in the human intestines and in the female genital tract and are often found in the environment. These bacteria can sometimes cause infections. Vancomycin is an antibiotic that is used to treat some drug-resistant infections caused by enterococci. In some instances, enterococci have become resistant to this drug and thus are called vancomycin-resistant enterococci (VRE). Most VRE infections occur in hospitals. Top of page What types of infections does VRE cause? VRE can live in the human intestines and female genital tract without causing disease (often called colonization). However, sometimes it can cause infections of the urinary tract, the bloodstream, or of wounds associated with catheters or surgical procedures. Top of page Are certain people at risk of getting VRE? The following persons are at increased risk becoming infected with VRE: People who have been previously treated with the antibiotic vancomycin or other antibiotics for long periods of time. People who are hospitalized, particularly when they receive antibiotic treatment for long periods of time. People with weakened immune systems such as patients in intensive care units, or in cancer or transplant wards. People who have undergone surgical procedures such as abdominal or chest surgery. People with medical devices that stay in for some time such as urinary catheters or central intravenous (IV) catheters. People who are colonized with VRE. Top of page What is the treatment for VRE? People with colonized VRE (bacteria are present, but have no symptoms of an infection) do not need treatment. Most VRE infections can be treated with antibiotics other than vancomycin. Laboratory testing of the VRE can determine which antibiotics will work. For people who get VRE infections in their bladder and have urinary catheters, removal of the catheter when it is no longer needed can also help get rid of the infection. Top of page How is VRE spread? VRE is often passed from person to person by the contaminated hands of caregivers. VRE can get onto a caregiver's hands after they have contact with other people with VRE or after contact with contaminated surfaces. VRE can also be spread directly to people after they touch surfaces that are contaminated with VRE. VRE is not spread through the air by coughing or sneezing. Top of page How can patients prevent the spread of VRE? If a patient or someone in their household has VRE, the following are some things they can do to prevent the spread of VRE: Keep their hands clean. Always wash their hands thoroughly after using the bathroom and before preparing food. Clean their hands after contact with persons who have VRE. Wash with soap and water (particularly when visibly soiled) or use alcohol-based hand rubs. Frequently clean areas of the home, such as bathrooms, that may become contaminated with VRE. Wear gloves if hands may come in contact with body fluids that may contain VRE, such as stool or bandages from infected wounds. Always wash their hands after removing gloves. If someone has VRE, be sure to tell healthcare providers so that they are aware of the infection. Healthcare facilities use special precautions to help prevent the spread of VRE to others. Top of page What should patients do if they think they have vancomycin-resistant enterococci (VRE)? Anyone who thinks they have VRE must talk with their healthcare provider. Top of page Recommendations and Guidelines For more information about prevention and treatment of HAIs, see the resources below: Siegel JD, Rhinehart E, Jackson M, et al. The Healthcare Infection Control Practices Advisory Committee (HICPAC). Management of Multidrug-Resistant Organisms In Healthcare Settings, 2006","The phrase ""what is"" can be used in two different ways:

1. To ask for the definition or explanation of something: ""What is a cat?"" This means asking someone to tell you what a cat is.
2. To inquire about the existence, nature, or characteristics of an object or concept: ""What is your name?"" This means asking someone their full name.

In both cases, ""what is"" serves as a question word that prompts the speaker to provide information about the subject being asked about. The specific meaning depends on how it's used in context.",4.734749702000045
what research (or clinical trials) is being done for Gestational Trophoblastic Disease ?,"New types of treatment are being tested in clinical trials. Information about ongoing clinical trials is available from the NCI website. Patients may want to think about taking part in a clinical trial. For some patients, taking part in a clinical trial may be the best treatment choice. Clinical trials are part of the cancer research process. Clinical trials are done to find out if new cancer treatments are safe and effective or better than the standard treatment. Many of today's standard treatments for cancer are based on earlier clinical trials. Patients who take part in a clinical trial may receive the standard treatment or be among the first to receive a new treatment. Patients who take part in clinical trials also help improve the way cancer will be treated in the future. Even when clinical trials do not lead to effective new treatments, they often answer important questions and help move research forward. Patients can enter clinical trials before, during, or after starting their cancer treatment. Some clinical trials only include patients who have not yet received treatment. Other trials test treatments for patients whose cancer has not gotten better. There are also clinical trials that test new ways to stop cancer from recurring (coming back) or reduce the side effects of cancer treatment. Clinical trials are taking place in many parts of the country. See the Treatment Options section that follows for links to current treatment clinical trials. These have been retrieved from NCI's listing of clinical trials.","Gestational trophoblastic disease (GTD) includes a group of rare but serious conditions that can occur after miscarriage, ectopic pregnancy or molar pregnancy. GTD occurs when the placenta grows outside the uterus and develops into abnormal tissue called hydatidiform mole.

The most common type of GTD is known as choriocarcinoma, which is an aggressive form of cancer that spreads to other parts of the body. Other types include invasive mole, invasive gestational trophoblastic neoplasia (GnT-2), and placental site trophoblastic tumor (PSTT).

Research on GTD focuses on understanding its causes, developing new treatments, and improving outcomes for patients. Some ongoing studies are:

1. **Genetic Research**: Researchers are studying genetic factors that may contribute to the development of GTD. This could lead to better diagnostic tools and targeted therapies.
   
2. **Immunotherapy**: There's interest in using immunotherapies to treat GTD, particularly choriocarcinoma. These treatments aim to boost the immune system to fight off the cancer cells.

3. **Targeted Therapies**: Targeted drugs are being developed to specifically target certain molecules involved in the growth",10.309332731999802
what research (or clinical trials) is being done for Repetitive Motion Disorders ?,Much of the on-going research on RMDs is aimed at prevention and rehabilitation. The National Institute of Arthritis and Musculoskeletal and Skin Diseases (NIAMS) funds research on RMDs.,"Repetitive motion disorders are a group of conditions that involve repetitive movements or actions, often leading to pain and discomfort. These disorders can affect various parts of the body, including the hands, wrists, shoulders, neck, and back.

Research on repetitive motion disorders typically focuses on understanding their causes, developing effective treatments, and improving quality of life for affected individuals. Here are some key areas of investigation:

1. **Mechanisms of Injury**: Researchers study how repetitive motions lead to tissue damage, inflammation, and chronic pain. This includes examining factors such as muscle imbalances, joint stress, and nerve compression.

2. **Risk Factors**: Identifying risk factors associated with repetitive motion disorders helps in prevention strategies. This may include identifying occupations, hobbies, or activities that increase the likelihood of injury.

3. **Prevention and Management Strategies**:
   - **Physical Therapy**: Developing exercises and techniques to strengthen muscles, improve flexibility, and reduce strain.
   - **Occupational Therapy**: Helping patients adapt their work environments and daily routines to minimize repetitive motions.
   - **Medications**: Investigating new medications or combinations of existing drugs that can alleviate symptoms like pain and inflammation.
   - **Biomechanical Analysis**: Using advanced imaging and biomechanics to understand movement patterns",10.289900406000015
How many people are affected by spastic paraplegia type 15 ?,"Spastic paraplegia type 15 is a rare condition, although its exact prevalence is unknown.","Spastic Paraplegia Type 15 is a rare genetic disorder that affects the nervous system. It primarily impacts individuals with mutations in the PPM1D gene, which codes for a protein involved in cell division and DNA repair.

The exact number of people affected by Spastic Paraplegia Type 15 varies depending on several factors:

1. **Genetic Mutation Frequency**: The prevalence can differ based on where the mutation occurs within the genome.
2. **Population Size**: Larger populations may have more carriers or affected individuals due to higher mutation rates.
3. **Geographical Distribution**: Some regions might have higher incidences due to local genetic variations.

As of now, there isn't a specific global estimate available. However, it's estimated that Spastic Paraplegia Type 15 accounts for less than 0.1% of all cases of hereditary spastic paraplegias (HSP). This means that while it's relatively uncommon, it still represents a significant portion of HSP diagnoses worldwide.

For precise numbers, researchers would need to conduct comprehensive studies across different populations to determine the true incidence rate accurately. These studies typically involve large-scale genetic screening programs and detailed clinical assessments.",9.902041558999827
What are the treatments for Tyrosinemia type 1 ?,"How might tyrosinemia type 1 be treated? There is currently no cure for tyrosinemia type 1. Individuals with this condition need to be on a special diet restricted in two amino acids, tyrosine and phenylalanine, throughout life. Affected individuals may also be treated with a medication called nitisinone. Early diagnosis and prompt treatment are essential for an improved prognosis. Some individuals require a liver transplant if their liver disease is already advanced before treatment begins. Detailed information on the treatment of tyrosinemia type 1 is available from GeneReviews.","Tyrosinemia Type I is a rare genetic disorder that affects metabolism. The treatment options include:

- **Phenylalanine restriction**: This involves limiting the intake of phenylalanine, which is converted into tyrosine in the body.
- **L-DOPA therapy**: L-DOPA is an amino acid that can be used to replace the missing enzyme and reduce the accumulation of tyrosine.
- **Genetic counseling**: For families with a history of the condition, genetic counseling can help them understand their risk and make informed decisions about future pregnancies.

These treatments aim to manage symptoms and prevent complications associated with the disease. It's important to consult with healthcare professionals for personalized advice based on individual circumstances.",6.058170735000203
