instruction,reference,prediction,latency_sec
Is acatalasemia inherited ?,"Acatalasemia has an autosomal recessive pattern of inheritance, which means both copies of the CAT gene in each cell have mutations. When both copies of the gene are altered, the activity of catalase is reduced to less than 10 percent of normal. When only one of the two copies of the CAT gene has a mutation, the activity of catalase is reduced by approximately half. This reduction in catalase activity is often called hypocatalasemia. Like acatalasemia, hypocatalasemia usually does not cause any health problems.","This condition is inherited in an autosomal recessive pattern, which means both copies of the gene in each cell have mutations. The parents of an individual with an autosomal recessive condition each carry one copy of the mutated gene, but they typically do not show signs and symptoms of the condition.",4.718313222999996
What are the treatments for Pompe Disease ?,"Individuals with Pompe disease are best treated by a team of specialists (such as cardiologist, neurologist, and respiratory therapist) knowledgeable about the disease, who can offer supportive and symptomatic care. The discovery of the GAA gene has led to rapid progress in understanding the biological mechanisms and properties of the GAA enzyme. As a result, an enzyme replacement therapy has been developed that has shown, in clinical trials with infantile-onset patients, to decrease heart size, maintain normal heart function, improve muscle function, tone, and strength, and reduce glycogen accumulation. A drug called alglucosidase alfa (Myozyme), has received FDA approval for the treatment of infants and children with Pompe disease. Another algluosidase alfa drug, Lumizyme, has been approved for late-onset (non-infantile) Pompe disease.","There is no cure for Pompe disease. Treatment focuses on managing symptoms and preventing complications. Medications may be used to treat muscle weakness, heart problems, and breathing difficulties. Physical therapy can help maintain strength and mobility.",2.6947506779999912
How to diagnose Hemoglobin E disease ?,"How is hemoglobin E disease diagnosed? Many babies are picked up through state newborn screening programs. A diagnosis is usually made by looking at the red blood cells by doing a Mean Corpuscular Volume (MCV) test, which is commonly part of a Complete Blood Count (CBC) test. More specialized tests, such as a hemoglobin electrophoresis and iron studies might be done. These tests indicate whether a person has different types of hemoglobin. Genetic testing of the HBB gene can also be done to confirm a diagnosis.","Is genetic testing available for hemoglobin E disease? Yes. Genetic testing is available for hemoglobin E disease. This test can be used to confirm a diagnosis of the condition, determine the risk that an individual or family member will have children with the condition, and guide treatment decisions. The type of genetic testing offered depends on whether you are interested in learning about your own carrier status (whether or not you carry one or more mutated genes) or if you would like to know the genetic status of your child or other relatives. Carrier testing involves analyzing DNA from a blood sample taken by a phlebotomist at a medical facility or through mail order. If you are pregnant, you may also be able to get this test done during routine prenatal care visits. Prenatal testing is available for pregnancies where there is a known affected parent. Umbilical cord blood sampling and amniocentesis are two types of prenatal tests that can detect mutations associated with hemoglobin E disease. A second type of prenatal test called chorionic villus sampling (CVS) can also detect these mutations. However, CVS carries a small risk of miscarriage compared to umbilical cord blood sampling and amniocentesis. To learn more about genetic testing options for hemoglobin E disease,",15.936770303999992
What is the outlook for Friedreich's Ataxia ?,"Generally, within 15 to 20 years after the appearance of the first symptoms, the person is confined to a wheelchair, and in later stages of the disease, individuals may become completely incapacitated. Friedreich's ataxia can shorten life expectancy; heart disease is the most common cause of death. Many individuals with Friedreich's ataxia die in early adulthood, but some people with less severe symptoms live into their 60s, 70s, or longer.","The prognosis of FA varies from person to person. Some people with FA have a normal life expectancy, while others may die in childhood or early adulthood due to complications such as heart failure and respiratory problems.",2.579604626000105
What are the symptoms of Atrial septal defect ostium primum ?,"What are the signs and symptoms of Atrial septal defect ostium primum? The Human Phenotype Ontology provides the following list of signs and symptoms for Atrial septal defect ostium primum. If the information is available, the table below includes how often the symptom is seen in people with this condition. You can use the MedlinePlus Medical Dictionary to look up the definitions for these medical terms. Signs and Symptoms Approximate number of patients (when available) Atria septal defect - The Human Phenotype Ontology (HPO) has collected information on how often a sign or symptom occurs in a condition. Much of this information comes from Orphanet, a European rare disease database. The frequency of a sign or symptom is usually listed as a rough estimate of the percentage of patients who have that feature. The frequency may also be listed as a fraction. The first number of the fraction is how many people had the symptom, and the second number is the total number of people who were examined in one study. For example, a frequency of 25/25 means that in a study of 25 people all patients were found to have that symptom. Because these frequencies are based on a specific study, the fractions may be different if another group of patients are examined. Sometimes, no information on frequency is available. In these cases, the sign or symptom may be rare or common.","What are the signs and symptoms of Atrial septal defect ostium primum? The Human Phenotype Ontology provides the following list of signs and symptoms for Atrial septal defect ostium primum. If the information is available, the table below includes how often the symptom is seen in people with this condition. You can use the MedlinePlus Medical Dictionary to look up the definitions for these medical terms. Signs and Symptoms Approximate number of patients (when available) Abnormality of the aortic valve 90% Atria septal defect 90% Atrioventricular canal defect 90% Cleft palate 90% Cognitive impairment 90% Hypertelorism 90% Low-set, posteriorly rotated ears 90% Muscular hypotonia 90% Narrow mouth 90% Short stature 90% Ventriculomegaly 90% Abnormality of the pulmonary artery 50% Abnormality of the ribs 50% Brachydactyly syndrome 50% Camptodactyly of finger 50% Cryptorchidism 50% Hearing impairment 50% Hepatomegaly 5",15.777660706999995
What causes Mitochondrial genetic disorders ?,"What causes mitochondrial genetic disorders? Mitochondrial genetic disorders can be caused by changes (mutations) in either the mitochondrial DNA or nuclear DNA that lead to dysfunction of the mitochondria. Most DNA (hereditary material that is passed from parent to child) is packaged within the nucleus of each cell (known as nuclear DNA). However, mitochondria (the structures in each cell that produce energy) contain a small amount of their own DNA, which is known as mitochondrial DNA. When the mitochondria are not working properly, the body does not have enough energy to carry out its normal functions. This can lead to the variety of health problems associated with mitochondrial genetic disorders.","What causes mitochondrial genetic disorders? Mutations in the mtDNA can cause mitochondrial diseases. These mutations are inherited from a parent and passed on to offspring. In some cases, the mutation is present only in certain cells of the body (such as muscle or brain cells). This type of condition is called a nuclear-mitochondrial imbalance.",4.340317822999964
What causes Felty's syndrome ?,"What causes Felty's syndrome? The exact cause of Felty's syndrome is unknown, although several causes and risk factors have been proposed. Some experts believe it may be an autoimmune disorder, and that it may sometimes be inherited in an autosomal dominant manner. Other proposed risk factors have included: RF (rheumatoid factor) positivity - being positive for a test used to help diagnose rheumatoid arthritis Long-term rheumatoid arthritis Aggressive and erosive synovitis (inflammation of the tissue that lines the joints) HLA-DR4 positivity (having a specific gene for the immune system that is associated with RA) and DR4 homozygosity (having 2 identical copies of this gene) Extra-articular RA manifestations (symptoms that are not joint-related)","What causes Felty's syndrome? The exact cause of Felty's syndrome is unknown. However, it has been suggested that the condition may be associated with an autoimmune disorder called rheumatoid arthritis. In this disease, the body's immune system attacks its own tissues and organs. Researchers have found evidence to suggest that people who develop Felty's syndrome are more likely than those without the condition to have a genetic predisposition for developing rheumatoid arthritis or other autoimmune disorders.",5.93553121399998
What are the treatments for oculopharyngeal muscular dystrophy ?,These resources address the diagnosis or management of oculopharyngeal muscular dystrophy: - Gene Review: Gene Review: Oculopharyngeal Muscular Dystrophy - Genetic Testing Registry: Oculopharyngeal muscular dystrophy - MedlinePlus Encyclopedia: Ptosis These resources from MedlinePlus offer information about the diagnosis and management of various health conditions: - Diagnostic Tests - Drug Therapy - Surgery and Rehabilitation - Genetic Counseling - Palliative Care,These resources address the diagnosis or management of oculopharyngeal muscular dystrophy: - Gene Review: Gene Review: Oculopharyngeal Muscular Dystrophy - Genetic Testing Registry: Oculopharyngeal muscular dystrophy These resources from MedlinePlus offer information about the diagnosis and management of various health conditions: - Diagnostic Tests - Drug Therapy - Surgery and Rehabilitation - Genetic Counseling - Palliative Care,5.390705711999999
What is the outlook for Gestational Trophoblastic Disease ?,"Certain factors affect prognosis (chance of recovery) and treatment options. Gestational trophoblastic disease usually can be cured. Treatment and prognosis depend on the following: - The type of GTD. - Whether the tumor has spread to the uterus, lymph nodes, or distant parts of the body. - The number of tumors and where they are in the body. - The size of the largest tumor. - The level of -hCG in the blood. - How soon the tumor was diagnosed after the pregnancy began. - Whether GTD occurred after a molar pregnancy, miscarriage, or normal pregnancy. - Previous treatment for gestational trophoblastic neoplasia. Treatment options also depend on whether the woman wishes to become pregnant in the future.","The prognosis of gestational trophoblastic disease depends on whether it has spread to other parts of the body. If the cancer remains localized, treatment can be curative and most women survive. However, if the cancer spreads to other organs or tissues in the body, the prognosis is poor.",3.760801227999991
Is Gillespie syndrome inherited ?,"In some cases, including those in which Gillespie syndrome is caused by PAX6 gene mutations, the condition occurs in an autosomal dominant pattern, which means one copy of the altered gene in each cell is sufficient to cause the disorder. Some affected individuals inherit the mutation from one affected parent. Other cases result from new mutations in the gene and occur in people with no history of the disorder in their family. Gillespie syndrome can also be inherited in an autosomal recessive pattern, which means both copies of a gene in each cell have mutations. The gene or genes involved in these cases are unknown. The parents of an individual with an autosomal recessive condition each carry one copy of the mutated gene, but they typically do not show signs and symptoms of the condition.","This condition is inherited in an autosomal recessive pattern, which means both copies of the gene in each cell have mutations. The parents of an individual with an autosomal recessive condition each carry one copy of the mutated gene, but they typically do not show signs and symptoms of the condition.",3.726051560000087
How many people are affected by type 1 diabetes ?,"Type 1 diabetes occurs in 10 to 20 per 100,000 people per year in the United States. By age 18, approximately 1 in 300 people in the United States develop type 1 diabetes. The disorder occurs with similar frequencies in Europe, the United Kingdom, Canada, and New Zealand. Type 1 diabetes occurs much less frequently in Asia and South America, with reported incidences as low as 1 in 1 million per year. For unknown reasons, during the past 20 years the worldwide incidence of type 1 diabetes has been increasing by 2 to 5 percent each year. Type 1 diabetes accounts for 5 to 10 percent of cases of diabetes worldwide. Most people with diabetes have type 2 diabetes, in which the body continues to produce insulin but becomes less able to use it.","Type 1 diabetes is the most common form of diabetes in children and adolescents. It affects about 40,000 to 50,000 young adults in the United States. Type 1 diabetes occurs more frequently among Caucasians than other racial or ethnic groups. The condition also tends to occur more often in males than females.",4.494955592999986
what research (or clinical trials) is being done for Leukemia ?,"Researchers are conducting clinical trials in many parts of the country. Clinical trials test an intervention such as a drug, therapy, medical device, or behavior in many people to see if it is safe and effective. Clinical trials already have led to advances, and researchers continue to search for more effective ways to treat and diagnose leukemia. They are studying various drugs, immunotherapy, targeted therapies, and other types of treatments. They are also studying the effectiveness of using combinations of treatments. Most importantly, researchers are gaining a greater understanding of the genes that are mutated in many types of leukemia and are developing targeted treatments to directly attack the mutations. One prime example is in acute myeloid leukemia (AML) where researchers have identified several genes that predict better or worse outcomes and are working to develop drugs targeted at these genes. Drug Research The drug imatinib (Gleevec) is important in the treatment of chronic myeloid leukemia. Imatinib targets an abnormal protein that is present in most leukemia cells. By blocking the abnormal protein, imatinib kills the leukemia cells, but it does not kill normal cells. However, imatinib stops working in some people with leukemia because the cells become resistant. Fortunately, two drugs, dasatinib (Sprycel) and nilotinib (Tasigna), are now used to treat people who stop responding to imatinib. These drugs work against the same abnormal protein targeted by imatinib, but in different ways. Immunotherapy Immunotherapy is a treatment that uses immune cells or antibodies to fight leukemia or stop it from getting worse. The idea is to zero in on leukemia cells so the treatment is less toxic to normal cells. Recently developed immunotherapies are showing real promise in a number of forms of leukemia. Vaccine Research Leukemia vaccines are not vaccines in the way that most people think of them. Unlike most vaccines, which help prevent diseases, leukemia vaccines are used to treat someone who already has cancer. A vaccine introduces a molecule called an antigen into the body. The immune system recognizes the antigen as a foreign invader and attacks it. Gene Therapy Gene therapy -- replacing, manipulating, or supplementing nonfunctional genes with healthy genes -- is being explored for treatment of leukemia. It is being studied as a way to stimulate a patient's immune system to kill leukemia cells and also to interfere with the production of proteins that cause cells to become cancerous. Learn more about ongoing leukemia research.","New types of treatment are being tested in clinical trials. Information about clinical trials is available from the NCI website. Patients may want to think about taking part in a clinical trial. For some patients, taking part in a clinical trial may be the best treatment choice. Clinical trials are part of the cancer research process. Clinical trials are done to find out if new cancer treatments are safe and effective or better than the standard treatment. Many of today's standard treatments for cancer are based on earlier clinical trials. Patients who take part in a clinical trial may receive the standard treatment or be among the first to receive a new treatment. Patients who take part in clinical trials also help improve the way cancer will be treated in the future. Even when clinical trials do not lead to effective new treatments, they often answer important questions and help move research forward. Patients can enter clinical trials before, during, or after starting their cancer treatment. Some clinical trials only include patients who have not yet received treatment. Other trials test treatments for patients whose cancer has not gotten better. There are also clinical trials that test new ways to stop cancer from recurring (coming back) or reduce the side effects of cancer treatment. Clinical trials are taking place in many parts of the country. See the Treatment Options section that follows for",15.880738311999949
What is (are) Shaken Baby Syndrome ?,"Shaken baby syndrome is a type of inflicted traumatic brain injury that happens when a baby is violently shaken. A baby has weak neck muscles and a large, heavy head. Shaking makes the fragile brain bounce back and forth inside the skull and causes bruising, swelling, and bleeding, which can lead to permanent, severe brain damage or death. The characteristic injuries of shaken baby syndrome are subdural hemorrhages (bleeding in the brain), retinal hemorrhages (bleeding in the retina), damage to the spinal cord and neck, and fractures of the ribs and bones. These injuries may not be immediately noticeable. Symptoms of shaken baby syndrome include extreme irritability, lethargy, poor feeding, breathing problems, convulsions, vomiting, and pale or bluish skin. Shaken baby injuries usually occur in children younger than 2 years old, but may be seen in children up to the age of 5.","Shaken baby syndrome (SBS) is a serious brain injury that can result from shaking an infant or young child. The most common cause of SBS is abuse, but it may also occur in cases where the child has a medical condition such as cerebral palsy or epilepsy. Symptoms include - Seizures - Slurred speech and difficulty speaking - Loss of consciousness - Headache - Vomiting - Changes in behavior - Problems with balance - Vision problems - Hearing loss - Learning disabilities",6.093130160999976
What are the complications of Neurological Complications of AIDS ?,"AIDS is primarily an immune system disorder caused by the human immunodeficiency virus (HIV), but it can also affect the nervous system. HIV does not appear to directly invade nerve cells but it jeopardizes their health and function, causing symptoms such as confusion, forgetfulness, behavioral changes, headaches, progressive weakness and loss of sensation in the arms and legs, cognitive motor impairment, or damage to the peripheral nerves. Other complications that can occur as a result of HIV infection or the drugs used to treat it include pain, seizures, shingles, spinal cord problems, lack of coordination, difficult or painful swallowing, anxiety disorder, depression, fever, vision loss, gait disorders, destruction of brain tissue, and coma. Other AIDS-related nervous system disorders may be caused by certain cancers or by illnesses that would not otherwise affect people with healthy immune systems. Among the most common neurological complications are: AIDS dementia complex, causing symptoms such as encephalitis (inflammation of the brain), behavioral changes, and a gradual decline in cognitive function; central nervous system lymphomas, cancerous tumors that either begin in the brain or result from a cancer that has spread from another site in the body; cryptococcal meningitis; cytomegalovirus infections; herpes virus infections; neuropathy; neurosyphilis; progressive multifocal leukoencephalopathy (PML); and psychological and neuropsychiatric disorders.","The most common neurological complication in people with HIV is encephalopathy, which can cause confusion and memory loss. Other possible problems include - seizures - meningitis - brain tumors - stroke - peripheral neuropathy (nerve damage) - hearing loss - vision loss - dementia - Guillain-Barr syndrome - optic neuritis - myelopathy - peripheral neuropathy - hearing loss - vision loss - dementia",5.008952755999985
What is (are) CHMP2B-related frontotemporal dementia ?,"CHMP2B-related frontotemporal dementia is a progressive brain disorder that affects personality, behavior, and language. The symptoms of this disorder usually become noticeable in a person's fifties or sixties, and affected people survive about 3 to 21 years after the appearance of symptoms. Changes in personality and behavior are the most common early signs of CHMP2B-related frontotemporal dementia. These changes include inappropriate emotional responses, restlessness, loss of initiative, and neglect of personal hygiene. Affected individuals may overeat sweet foods or place non-food items into their mouths (hyperorality). Additionally, it may become difficult for affected individuals to interact with others in a socially appropriate manner. They increasingly require help with personal care and other activities of daily living. Many people with CHMP2B-related frontotemporal dementia develop progressive problems with speech and language (aphasia). They may have trouble speaking, although they can often understand others' speech and written text. Affected individuals may also have difficulty using numbers (dyscalculia). In the later stages of the disease, many completely lose the ability to communicate. Several years after signs and symptoms first appear, some people with CHMP2B-related frontotemporal dementia develop problems with movement. These movement abnormalities include rigidity, tremors, uncontrolled muscle tensing (dystonia), and involuntary muscle spasms (myoclonus). As the disease progresses, most affected individuals become unable to walk.","CHMP2B-related frontotemporal dementia is a condition that primarily affects the brain and behavior. This disorder causes problems with language, personality changes, and difficulty thinking abstractly or reasoning logically. The signs and symptoms of this condition usually begin in mid-adulthood; however, they can appear at any age. People with CHMP2B-related frontotemporal dementia have trouble speaking clearly, understanding speech, and expressing themselves. They may also experience difficulties with reading comprehension and writing. Some affected individuals develop an inability to recognize familiar faces. Other features of this condition include impaired judgment, loss of interest in work or hobbies, and social withdrawal. Affected people often become irritable, aggressive, or suspicious. In addition, some individuals with CHMP2B-related frontotemporal dementia have seizures.",10.168936686999928
How to diagnose Gerstmann-Straussler-Scheinker disease ?,"How is Gerstmann-Straussler-Scheinker disease diagnosed? The diagnosis of Gerstmann-Straussler-Scheinker disease (GSS) is based on a combination of the following: Characteristic signs and symptoms Nervous system findings including multiple amyloid plaques (clumps which form in the brain and cause the death of nerve cells and the progressive symptoms of the disease) A family history consistent with autosomal dominant inheritance Identification of a disease-causing mutation of the PRNP gene Genetic testing for at-risk relatives who do not yet have symptoms of GSS is possible if the disease-causing mutation in the family is known. This testing is not useful in predicting age of onset, severity, type of symptoms, or rate of progression. Testing for the disease-causing mutation in the absence of definite symptoms of the disease is called predictive testing.","Is genetic testing available for GSS? Yes. Genetic testing is available for the known mutations in the PRNP gene that cause GSS. The test can be done on a blood sample from an affected individual or family member, and it will show whether they have inherited one of the mutated genes. If you are concerned about your risk of developing GSS, we recommend speaking with a genetics professional who can help guide you through this process.",5.416674718999957
What causes Prevent diabetes problems: Keep your heart and blood vessels healthy ?,"Narrowed blood vessels leave a smaller opening for blood to flow through. Having narrowed blood vessels is like turning on a garden hose and holding your thumb over the opening. The smaller opening makes the water shoot out with more pressure. In the same way, narrowed blood vessels lead to high blood pressure. Other factors, such as kidney problems and being overweight, also can lead to high blood pressure. Many people with diabetes also have high blood pressure. If you have heart, eye, or kidney problems from diabetes, high blood pressure can make them worse. You will see your blood pressure written with two numbers separated by a slash. For example, your reading might be 120/70, said as ""120 over 70."" For most people with diabetes, the target is to keep the first number below 140 and the second number below 80, unless their doctor sets a different target. If you have high blood pressure, ask your doctor how to lower it. Your doctor may ask you to take blood pressure medicine every day. Some types of blood pressure medicine can also help keep your kidneys healthy. You may also be able to control your blood pressure by - eating more fruits and vegetables - eating less salt and high-sodium foods - losing weight if you need to - being physically active - not smoking - limiting alcoholic drinks","High blood pressure is a major risk factor for heart disease. High blood pressure can damage the walls of arteries, which are blood vessels that carry oxygen-rich blood to all parts of the body. Over time, high blood pressure damages the inner lining of these arteries. This process is called atherosclerosis (ATH-er-o-skler-O-sis). Atherosclerosis narrows the arteries and makes it harder for blood to flow through them. It also increases the chance of clots forming in the arteries. Clotting can block blood flow or cause an artery to rupture, leading to a stroke or heart attack.",7.698361636999948
Is congenital mirror movement disorder inherited ?,"In most cases, including those caused by mutations in the DCC or RAD51 gene, this condition is inherited in an autosomal dominant pattern, which means one copy of the altered gene in each cell is sufficient to cause the disorder. In most cases, an affected person has one parent with the altered gene. Some people who have the altered gene never develop the condition, a situation known as reduced penetrance. Research suggests that in rare cases, this condition may be inherited in an autosomal recessive pattern, which means both copies of the gene in each cell have mutations. The parents of an individual with an autosomal recessive condition each carry one copy of the mutated gene, but they typically do not show signs and symptoms of the condition.","This condition is inherited in an autosomal dominant pattern, which means one copy of the altered gene in each cell is sufficient to cause the disorder.",1.8267963799999052
What are the treatments for Benign multicystic peritoneal mesothelioma ?,How might benign multicystic peritoneal mesothelioma be treated? Surgery to remove the cystic lesions is the only effective treatment for BMPM. Aggressive surgical approaches are often recommended. Hormonal therapy has also been attempted in individual cases with variable degrees of success. Most affected individuals do not undergo chemotherapy and/or radiotherapy because these tumors are usually benign.,"How might benign multicystic peritoneal mesothelioma be treated? Treatment of benign multicystic peritoneal mesothelioma (BMPCM) is based on the size and location of the cysts. The goal of treatment is to remove all of the cysts, but not cause any damage to surrounding organs or tissues. Surgery may involve removal of one or more cysts in a single operation. In some cases, surgery may be followed by chemotherapy.",5.914351968999995
What are the treatments for What I need to know about Kidney Failure and How Its Treated ?,The treatments for kidney failure are - hemodialysis - peritoneal dialysis - a kidney transplant - conservative management,"The goal of treatment is to keep your kidneys working as well as possible. Treatment may include - dialysis, which uses a machine to filter blood - kidney transplantation, in which you receive an organ from another person - medicines that help control high blood pressure or diabetes - diet changes to lower protein intake and reduce potassium levels - surgery to remove scar tissue from the kidneys - medications to treat infections - pain medicine",5.015415191999978
What are the symptoms of Bell's palsy ?,What are the symptoms of Bell's palsy?,"What are the signs and symptoms of Bell's palsy? The Human Phenotype Ontology provides the following list of signs and symptoms for Bell's palsy. If the information is available, the table below includes how often the symptom is seen in people with this condition. You can use the MedlinePlus Medical Dictionary to look up the definitions for these medical terms. Signs and Symptoms Approximate number of patients (when available) Abnormality of temperature regulation 90% Facial nerve paralysis 90% Hyperhidrosis 90% Muscular hypotonia 90% Nausea and vomiting 90% Seizures 90% Visual impairment 90% Abnormality of the voice 50% Cataract 50% Cognitive impairment 50% Depressed nasal bridge 50% Dry skin 50% Hypertension 50% Incoordination 50% Myopia 50% Ptosis 50% Sleep disturbance 50% Tremor 50% Abnormality of the eye - Autosomal dominant inheritance - Central nervous system demyelination - Decreased serum potassium level - Diabetic neuropathy - Dizziness - Dysarthria - Dysphag",15.990549645999977
How many people are affected by Sandhoff disease ?,"Sandhoff disease is a rare disorder; its frequency varies among populations. This condition appears to be more common in the Creole population of northern Argentina; the Metis Indians in Saskatchewan, Canada; and people from Lebanon.",Sandhoff disease is a rare disorder; its prevalence is unknown.,0.8725539220000655
What causes Congenitally corrected transposition of the great arteries ?,"What causes congenitally corrected transposition of the great arteries? Currently the cause of congenitally corrected transposition of the great arteries is not known. Limited data suggests that air pollutants and hair dye may act as environmental risk factors for this rare defect. Also, having a family history of this heart defect is a risk factor. It has been estimated that the recurrence risk in siblings is around 3% to 5%.","What causes congenital corrected transposition of the great arteries? The exact cause of congenital corrected transposition of the great arteries (CCTGA) is unknown. It appears to be a random event during fetal development, although some researchers believe that it may have an inherited component.",3.562344512999971
How to diagnose Atrial Fibrillation ?,"Atrial fibrillation (AF) is diagnosed based on your medical and family histories, a physical exam, and the results from tests and procedures. Sometimes AF doesn't cause signs or symptoms. Thus, it may be found during a physical exam or EKG (electrocardiogram) test done for another purpose. If you have AF, your doctor will want to find out what is causing it. This will help him or her plan the best way to treat the condition. Specialists Involved Primary care doctors often are involved in the diagnosis and treatment of AF. These doctors include family practitioners and internists. Doctors who specialize in the diagnosis and treatment of heart disease also may be involved, such as: Cardiologists. These are doctors who diagnose and treat heart diseases and conditions. Electrophysiologists. These are cardiologists who specialize in arrhythmias. Medical and Family Histories Your doctor will likely ask questions about your: Signs and symptoms. What symptoms are you having? Have you had palpitations? Are you dizzy or short of breath? Are your feet or ankles swollen (a possible sign of heart failure)? Do you have any chest pain? Medical history. Do you have other health problems, such as a history of heart disease, high blood pressure, lung disease, diabetes, or thyroid problems? Family's medical history. Does anyone in your family have a history of AF? Has anyone in your family ever had heart disease or high blood pressure? Has anyone had thyroid problems? Does your family have a history of other illnesses or health problems? Health habits. Do you smoke or use alcohol or caffeine? Physical Exam Your doctor will do a complete cardiac exam. He or she will listen to the rate and rhythm of your heartbeat and take your pulse and blood pressure reading. Your doctor will likely check for any signs of heart muscle or heart valve problems. He or she will listen to your lungs to check for signs of heart failure. Your doctor also will check for swelling in your legs or feet and look for an enlarged thyroid gland or other signs of hyperthyroidism (too much thyroid hormone). Diagnostic Tests and Procedures EKG An EKG is a simple, painless test that records the heart's electrical activity. It's the most useful test for diagnosing AF. An EKG shows how fast your heart is beating and its rhythm (steady or irregular). It also records the strength and timing of electrical signals as they pass through your heart. A standard EKG only records the heartbeat for a few seconds. It won't detect AF that doesn't happen during the test. To diagnose paroxysmal AF, your doctor may ask you to wear a portable EKG monitor that can record your heartbeat for longer periods. The two most common types of portable EKGs are Holter and event monitors. Holter and Event Monitors A Holter monitor records the heart's electrical activity for a full 24- or 48-hour period. You wear small patches called electrodes on your chest. Wires connect these patches to a small, portable recorder. The recorder can be clipped to a belt, kept in a pocket, or hung around your neck. You wear the Holter monitor while you do your normal daily activities. This allows the monitor to record your heart for a longer time than a standard EKG. An event monitor is similar to a Holter monitor. You wear an event monitor while doing your normal activities. However, an event monitor only records your heart's electrical activity at certain times while you're wearing it. For many event monitors, you push a button to start the monitor when you feel symptoms. Other event monitors start automatically when they sense abnormal heart rhythms. You can wear an event monitor for weeks or until symptoms occur. Stress Test Some heart problems are easier to diagnose when your heart is working hard and beating fast. During stress testing, you exercise to make your heart work hard and beat fast while heart tests are done. If you can't exercise, you may be given medicine to make your heart work hard and beat fast. Echocardiography Echocardiography (echo) uses sound waves to create a moving picture of your heart. The test shows the size and shape of your heart and how well your heart chambers and valves are working. Echo also can identify areas of poor blood flow to the heart, areas of heart muscle that aren't contracting normally, and previous injury to the heart muscle caused by poor blood flow. This test sometimes is called transthoracic (trans-thor-AS-ik) echocardiography. It's painless and noninvasive (no instruments are inserted into the body). For the test, a device called a transducer is moved back and forth over your chest. The device sends special sound waves through your chest wall to your heart. The sound waves bounce off the structures of your heart, and a computer converts them into pictures on a screen. Transesophageal Echocardiography Transesophageal (trans-e-SOF-ah-ge-al) echo, or TEE, uses sound waves to take pictures of your heart through the esophagus. The esophagus is the passage leading from your mouth to your stomach. Your heart's upper chambers, the atria, are deep in your chest. They often can't be seen very well using transthoracic echo. Your doctor can see the atria much better using TEE. During this test, the transducer is attached to the end of a flexible tube. The tube is guided down your throat and into your esophagus. You'll likely be given medicine to help you relax during the procedure. TEE is used to detect blood clots that may be forming in the atria because of AF. Chest X Ray A chest x ray is a painless test that creates pictures of the structures in your chest, such as your heart and lungs. This test can show fluid buildup in the lungs and signs of other AF complications. Blood Tests Blood tests check the level of thyroid hormone in your body and the balance of your body's electrolytes. Electrolytes are minerals that help maintain fluid levels and acid-base balance in the body. They're essential for normal health and functioning of your body's cells and organs.","Your doctor will diagnose atrial fibrillation (AF) based on your medical history, a physical exam, and test results. Your doctor may use one or more of the following tests: - EKG (electrocardiogram). An EKG is a simple, painless test that detects and records the heart's electrical activity. The test shows how fast the heart is beating and its rhythm (steady or irregular). An EKG also records the strength and timing of electrical signals as they pass through the heart. This test can show if AF has caused the heartbeat to become too fast or too slow. - Holter monitor. A holter monitor is a small device about the size of a pager that you wear for 24 hours. It records your heart's electrical activity continuously. You attach electrodes to the device with adhesive patches. These electrodes are attached to wires that connect to the device. The device then attaches to a belt around your waist. The belt connects to a recording unit worn like a watch. The device records your heart's electrical activity while you go about your normal activities. If you have an episode of AF during the day, it might not be recorded. However, the device will record any episodes that occur at night when you're sleeping. - Event recorder",15.917209421000052
What are the symptoms of Deafness with labyrinthine aplasia microtia and microdontia (LAMM) ?,"What are the signs and symptoms of Deafness with labyrinthine aplasia microtia and microdontia (LAMM)? The Human Phenotype Ontology provides the following list of signs and symptoms for Deafness with labyrinthine aplasia microtia and microdontia (LAMM). If the information is available, the table below includes how often the symptom is seen in people with this condition. You can use the MedlinePlus Medical Dictionary to look up the definitions for these medical terms. Signs and Symptoms Approximate number of patients (when available) Abnormality of the cranial nerves 90% Microdontia 90% Abnormality of the nares 50% Long face 50% Pointed chin 50% Wide nasal bridge 50% Abnormal nasal morphology 7.5% Anterior creases of earlobe 7.5% Hypermetropia 7.5% Hypertelorism 7.5% Increased number of teeth 7.5% Preauricular skin tag 7.5% Reduced number of teeth 7.5% Strabismus 7.5% Synophrys 7.5% Tall stature 7.5% Anteverted ears - Aplasia of the inner ear - Autosomal recessive inheritance - Conical tooth - Delayed gross motor development - Microtia, first degree - Profound sensorineural hearing impairment - Skin tags - Widely spaced teeth - The Human Phenotype Ontology (HPO) has collected information on how often a sign or symptom occurs in a condition. Much of this information comes from Orphanet, a European rare disease database. The frequency of a sign or symptom is usually listed as a rough estimate of the percentage of patients who have that feature. The frequency may also be listed as a fraction. The first number of the fraction is how many people had the symptom, and the second number is the total number of people who were examined in one study. For example, a frequency of 25/25 means that in a study of 25 people all patients were found to have that symptom. Because these frequencies are based on a specific study, the fractions may be different if another group of patients are examined. Sometimes, no information on frequency is available. In these cases, the sign or symptom may be rare or common.","What are the signs and symptoms of Deafness with labyrinthine aplasia microtia and microdontia (LAMM)? The Human Phenotype Ontology provides the following list of signs and symptoms for Deafness with labyrinthine aplasia microtia and microdontia (LAMM). If the information is available, the table below includes how often the symptom is seen in people with this condition. You can use the MedlinePlus Medical Dictionary to look up the definitions for these medical terms. Signs and Symptoms Approximate number of patients (when available) Abnormality of the auditory system 90% Aplasia/Hypoplasia of the middle ear 90% Labyrinthine aplasia 90% Microtia 90% Micropenis 90% Short stature 90% Sensorineural hearing impairment 90% Abnormality of dental morphology 50% Cognitive impairment 50% Hearing impairment 7.5% Hypertelorism 7.5% Low-set, posteriorly rotated ears 7.5% Muscular hypotonia 7.5% Nystagmus 7.5% Optic atrophy 7.5% Seizures",15.812154473999954
What are the genetic changes related to spondyloperipheral dysplasia ?,"Spondyloperipheral dysplasia is one of a spectrum of skeletal disorders caused by mutations in the COL2A1 gene. This gene provides instructions for making a protein that forms type II collagen. This type of collagen is found mostly in the clear gel that fills the eyeball (the vitreous) and in cartilage. Cartilage is a tough, flexible tissue that makes up much of the skeleton during early development. Most cartilage is later converted to bone, except for the cartilage that continues to cover and protect the ends of bones and is present in the nose and external ears. Type II collagen is essential for the normal development of bones and other connective tissues that form the body's supportive framework. Mutations in the COL2A1 gene interfere with the assembly of type II collagen molecules, reducing the amount of this type of collagen in the body. Instead of forming collagen molecules, the abnormal COL2A1 protein builds up in cartilage cells (chondrocytes). These changes disrupt the normal development of bones and other connective tissues, leading to the signs and symptoms of spondyloperipheral dysplasia.","Mutations in the COL1A2 gene cause spondyloperipheral dysplasia. The COL1A2 gene provides instructions for making a protein called type I collagen alpha 2 chain, which is one of several proteins that make up type I collagen. Type I collagen forms tough fibers that give structure and strength to connective tissues throughout the body, including tendons, ligaments, skin, bone, and cartilage. This protein also plays an important role in the development of bones before birth (bone formation). Mutations in the COL1A2 gene lead to the production of an abnormal version of type I collagen alpha 2 chain. These mutations prevent this protein from forming normal type I collagen fibers or impair its ability to do so. As a result, bones cannot develop properly during fetal growth, leading to skeletal abnormalities characteristic of spondyloperipheral dysplasia.",11.244099138000024
Is Anaplastic astrocytoma inherited ?,"Are anaplastic astrocytomas inherited? Anaplastic astrocytomas are usually not inherited. These tumors typically occur sporadically, in people with no family history of astrocytomas. In most cases, the exact cause is unknown. Familial cases of isolated astrocytomas have been reported but are very rare. Astrocytomas can have a genetic link when they are associated with a few rare, inherited disorders. These include neurofibromatosis type I, Li-Fraumeni syndrome, Turcot syndrome, and tuberous sclerosis. Astrosytomas occur more frequently in people with one of these disorders. Like many other cancers, it is believed that isolated astrocytomas may occur due to a combination of genetic and environmental factors. This means that a person may carry a gene (or a combination of genes) that predisposes them to developing an astrocytoma, but it may not develop unless it is ""triggered"" by an environmental factor.","Are there any known genetic causes of anaplastic astrocytoma? The majority of cases are sporadic, meaning they occur in people with no history of the condition in their family. However, a few families have been reported to have multiple affected members (familial anaplastic astrocytoma). In these families, the condition is usually caused by mutations in the TP53 gene and appears to be inherited in an autosomal recessive manner.",5.831009202000018
How many people are affected by Charcot-Marie-Tooth disease ?,"Charcot-Marie-Tooth disease is the most common inherited disorder that involves the peripheral nerves, affecting an estimated 150,000 people in the United States. It occurs in populations worldwide with a prevalence of about 1 in 2,500 individuals.","The prevalence of CMT varies widely among different types. The most common form, type 1, affects an estimated 1 in 2500 to 3000 individuals worldwide. Type 2 is the second most common form of CMT and occurs in about 1 in 40,000 to 60,000 people. Type 3 accounts for approximately 1 percent of all cases of CMT.",5.822581587000059
What are the symptoms of Papillon Lefevre syndrome ?,"What are the signs and symptoms of Papillon Lefevre syndrome? The Human Phenotype Ontology provides the following list of signs and symptoms for Papillon Lefevre syndrome. If the information is available, the table below includes how often the symptom is seen in people with this condition. You can use the MedlinePlus Medical Dictionary to look up the definitions for these medical terms. Signs and Symptoms Approximate number of patients (when available) Abnormality of the fingernails 90% Gingivitis 90% Palmoplantar keratoderma 90% Periodontitis 90% Premature loss of primary teeth 90% Pustule 90% Reduced number of teeth 90% Cerebral calcification 50% Recurrent respiratory infections 50% Skin ulcer 50% Arachnodactyly 7.5% Hypertrichosis 7.5% Hypopigmented skin patches 7.5% Liver abscess 7.5% Melanoma 7.5% Neoplasm of the skin 7.5% Osteolysis 7.5% Atrophy of alveolar ridges - Autosomal recessive inheritance - Choroid plexus calcification - Palmoplantar hyperkeratosis - Premature loss of teeth - Severe periodontitis - The Human Phenotype Ontology (HPO) has collected information on how often a sign or symptom occurs in a condition. Much of this information comes from Orphanet, a European rare disease database. The frequency of a sign or symptom is usually listed as a rough estimate of the percentage of patients who have that feature. The frequency may also be listed as a fraction. The first number of the fraction is how many people had the symptom, and the second number is the total number of people who were examined in one study. For example, a frequency of 25/25 means that in a study of 25 people all patients were found to have that symptom. Because these frequencies are based on a specific study, the fractions may be different if another group of patients are examined. Sometimes, no information on frequency is available. In these cases, the sign or symptom may be rare or common.","What are the signs and symptoms of Papillon Lefevre syndrome? The Human Phenotype Ontology provides the following list of signs and symptoms for Papillon Lefevre syndrome. If the information is available, the table below includes how often the symptom is seen in people with this condition. You can use the MedlinePlus Medical Dictionary to look up the definitions for these medical terms. Signs and Symptoms Approximate number of patients (when available) Abnormality of the eyelashes 90% Abnormality of the fingernails 90% Abnormality of the toenails 90% Aplasia/Hypoplasia of the eyebrow 90% Cleft palate 90% Cognitive impairment 90% Depressed nasal bridge 90% Epicanthus 90% Frontal bossing 90% Hypertelorism 90% Low-set, posteriorly rotated ears 90% Microcephaly 90% Narrow mouth 90% Short stature 90% Strabismus 90% Wide mouth 90% Abnormality of the hip bone 50% Abnormality of the metacarpal bones 50% Abnormality",16.074175962000027
What is (are) Diabetic Kidney Disease ?,"Diabetic kidney disease, also called diabetic nephropathy, is kidney disease caused by diabetes. Even when well controlled, diabetes can lead to chronic kidney disease (CKD) and kidney failure, described as end-stage kidney disease or ESRD when treated with a kidney transplant or blood-filtering treatments called dialysis. Diabetes affects 25.8 million people of all ages in the United States.1 As many as 40 percent of people who have diabetes are expected to develop CKD.2 Diabetes, the most common cause of kidney failure in the United States, accounts for nearly 44 percent of new cases of kidney failure, as illustrated in Figure 1.3","Diabetes is a disease in which your blood glucose, or blood sugar, levels are too high. Over time, very high blood glucose levels damage the blood vessels and nerves throughout your body. This can lead to serious health problems such as heart disease, stroke, kidney failure, and eye problems. If you have diabetes, you need to take care of yourself every day by eating right, exercising regularly, checking your blood glucose level often, taking medicine if prescribed, and seeing your doctor for regular checkups. You also should learn how to recognize warning signs of diabetic kidney disease so that you can get treatment early.",7.722779180999964
What is (are) Medium-chain acyl-coenzyme A dehydrogenase deficiency ?,"Medium-chain acyl-coenzyme A dehydrogenase deficiency (MCADD) is an inherited metabolic disorder that prevents the body from converting certain fats to energy, particularly during periods without food (fasting). Normally, through a process called fatty acid oxidation, several enzymes work in a step-wise fashion to break down (metabolize) fats and convert them to energy. People with MCADD do not have enough of an enzyme needed for the step that metabolizes a group of fats called medium-chain fatty acids. MCADD is caused by mutations in the ACADM gene and is inherited in an autosomal recessive manner. Treatment includes avoidance of fasting and of medium chain triglycerides in the diet.","Medium-chain acyl-CoA dehydrogenase (MCAD) deficiency is a disorder that affects the body's ability to use fat for energy. This condition can cause severe muscle weakness and other problems, particularly in infants. MCAD deficiency occurs when there is an absence of or reduced activity of the enzyme medium-chain acyl-CoA dehydrogenase. The resulting shortage of this enzyme leads to accumulation of fatty acids in cells throughout the body. In newborns with MCAD deficiency, this buildup causes seizures, vomiting, and breathing difficulties. These symptoms are often mistaken for signs of hypoglycemia (low blood sugar). As affected children grow older, they may develop muscle weakness, delayed development, and recurrent infections. Some people with MCAD deficiency do not have any noticeable health problems; these individuals are referred to as ""silent carriers.""",10.648375019000014
What are the genetic changes related to X-linked infantile spasm syndrome ?,"X-linked infantile spasm syndrome is caused by mutations in either the ARX gene or the CDKL5 gene. The proteins produced from these genes play a role in the normal functioning of the brain. The ARX protein is involved in the regulation of other genes that contribute to brain development. The CDKL5 protein is thought to regulate the activity of at least one protein that is critical for normal brain function. Researchers are working to determine how mutations in either of these genes lead to seizures and intellectual disability. Infantile spasms can have nongenetic causes, such as brain malformations, other disorders that affect brain function, or brain damage. In addition, changes in genes that are not located on the X chromosome cause infantile spasms in rare cases.","Mutations in the SCN1A gene cause X-linked infantile spasm syndrome. The SCN1A gene provides instructions for making a protein called sodium channel alpha-1 subunit, which is found on nerve cells (neurons) throughout the body. This protein helps control the flow of positively charged atoms (ions) into and out of neurons. Sodium channels play an important role in transmitting electrical signals between neurons; they allow ions to move from one neuron to another, which triggers the release of certain chemicals that transmit information within the nervous system. Mutations in the SCN1A gene lead to the production of an abnormal version of the sodium channel alpha-1 subunit. These mutations prevent the channel from working properly or make it inactive, so less ion flows through the channel. As a result, there is reduced transmission of electrical signals between neurons. Researchers believe that this reduction in signaling leads to seizures and other features of X-linked infantile spasm syndrome.",11.990447883000002
How many people are affected by age-related macular degeneration ?,"Age-related macular degeneration has an estimated prevalence of 1 in 2,000 people in the United States and other developed countries. The condition currently affects several million Americans, and the prevalence is expected to increase over the coming decades as the proportion of older people in the population increases. For reasons that are unclear, age-related macular degeneration affects individuals of European descent more frequently than African Americans in the United States.","Age-related macular degeneration is the leading cause of vision loss in older adults. It affects an estimated 10 million Americans, with about half of those over age 75 having some degree of AMD.",2.7650719079999817
What are the genetic changes related to myotonia congenita ?,"Mutations in the CLCN1 gene cause myotonia congenita. The CLCN1 gene provides instructions for making a protein that is critical for the normal function of skeletal muscle cells. For the body to move normally, skeletal muscles must tense (contract) and relax in a coordinated way. Muscle contraction and relaxation are controlled by the flow of charged atoms (ions) into and out of muscle cells. Specifically, the protein produced from the CLCN1 gene forms a channel that controls the flow of negatively charged chlorine atoms (chloride ions) into these cells. The main function of this channel is to stabilize the cells' electrical charge, which prevents muscles from contracting abnormally. Mutations in the CLCN1 gene alter the usual structure or function of chloride channels. The altered channels cannot properly regulate ion flow, reducing the movement of chloride ions into skeletal muscle cells. This disruption in chloride ion flow triggers prolonged muscle contractions, which are the hallmark of myotonia.","Mutations in the CLCN1 gene cause myotonia congenita. The CLCN1 gene provides instructions for making a protein called chloride channel 1 (ClC-1). This protein is found in many different types of cells, including muscle cells and nerve cells (neurons). ClC-1 channels allow charged atoms (ions) of chlorine and sodium into or out of cells. Chloride ions move from areas with higher concentrations to areas with lower concentrations across cell membranes through these channels. In muscles, ClC-1 channels help regulate the amount of calcium released by cells during contraction. Calcium is necessary for muscle contraction; therefore, regulating this ion movement helps control how much calcium is available for muscle contractions. Mutations in the CLCN1 gene lead to an abnormal ClC-1 protein that cannot transport chloride ions normally. As a result, there is too little chloride inside muscle cells when they contract. This shortage of chloride disrupts the normal regulation of calcium release, which leads to excessive calcium release and muscle weakness.",12.827703264999968
What are the treatments for congenital leptin deficiency ?,"These resources address the diagnosis or management of congenital leptin deficiency: - Eunice Kennedy Shriver National Institute of Child Health and Human Development: How Are Obesity and Overweight Diagnosed? - Genetic Testing Registry: Obesity, severe, due to leptin deficiency - Genetics of Obesity Study - National Heart, Lung, and Blood Institute: How Are Overweight and Obesity Treated? These resources from MedlinePlus offer information about the diagnosis and management of various health conditions: - Diagnostic Tests - Drug Therapy - Surgery and Rehabilitation - Genetic Counseling - Palliative Care",These resources address the diagnosis or management of congenital leptin deficiency: - Genetic Testing Registry: Congenital leptin deficiency These resources from MedlinePlus offer information about the diagnosis and management of various health conditions: - Diagnostic Tests - Drug Therapy - Surgery and Rehabilitation - Genetic Counseling - Palliative Care,3.7408583610000505
What are the symptoms of Tourette syndrome ?,"What are the signs and symptoms of Tourette syndrome? The early symptoms of Tourette syndrome are almost always noticed first in childhood, with the average onset between the ages of 3 and 9 years. Although the symptoms of Tourette syndrome vary from person to person and range from very mild to severe, the majority of cases fall into the mild category. The Human Phenotype Ontology provides the following list of signs and symptoms for Tourette syndrome. If the information is available, the table below includes how often the symptom is seen in people with this condition. You can use the MedlinePlus Medical Dictionary to look up the definitions for these medical terms. Signs and Symptoms Approximate number of patients (when available) Aggressive behavior - Attention deficit hyperactivity disorder - Autosomal dominant inheritance - Echolalia - Motor tics - Obsessive-compulsive behavior - Phonic tics - Self-mutilation - Sleep disturbance - The Human Phenotype Ontology (HPO) has collected information on how often a sign or symptom occurs in a condition. Much of this information comes from Orphanet, a European rare disease database. The frequency of a sign or symptom is usually listed as a rough estimate of the percentage of patients who have that feature. The frequency may also be listed as a fraction. The first number of the fraction is how many people had the symptom, and the second number is the total number of people who were examined in one study. For example, a frequency of 25/25 means that in a study of 25 people all patients were found to have that symptom. Because these frequencies are based on a specific study, the fractions may be different if another group of patients are examined. Sometimes, no information on frequency is available. In these cases, the sign or symptom may be rare or common.","What are the signs and symptoms of Tourette syndrome? The Human Phenotype Ontology provides the following list of signs and symptoms for Tourette syndrome. If the information is available, the table below includes how often the symptom is seen in people with this condition. You can use the MedlinePlus Medical Dictionary to look up the definitions for these medical terms. Signs and Symptoms Approximate number of patients (when available) Abnormality of movement 90% Attention deficit hyperactivity disorder 50% Cognitive impairment 50% Hyperreflexia 50% Incoordination 50% Motor tics 50% Seizures 50% Sleep disturbance 50% Tic speech 50% Visual hallucinations 50% Autosomal dominant inheritance - Childhood onset - Chronic motor tic - Chronic vocal tic - Progressive - Tardive dyskinesia - The Human Phenotype Ontology (HPO) has collected information on how often a sign or symptom occurs in a condition. Much of this information comes from Orphanet, a European rare disease database. The frequency of a sign or symptom is usually listed as a rough estimate of the percentage of patients who have that feature. The frequency may also be listed as a fraction.",15.817680178000046
What are the genetic changes related to Treacher Collins syndrome ?,"Mutations in the TCOF1, POLR1C, or POLR1D gene can cause Treacher Collins syndrome. TCOF1 gene mutations are the most common cause of the disorder, accounting for 81 to 93 percent of all cases. POLR1C and POLR1D gene mutations cause an additional 2 percent of cases. In individuals without an identified mutation in one of these genes, the genetic cause of the condition is unknown. The proteins produced from the TCOF1, POLR1C, and POLR1D genes all appear to play important roles in the early development of bones and other tissues of the face. These proteins are involved in the production of a molecule called ribosomal RNA (rRNA), a chemical cousin of DNA. Ribosomal RNA helps assemble protein building blocks (amino acids) into new proteins, which is essential for the normal functioning and survival of cells. Mutations in the TCOF1, POLR1C, or POLR1D gene reduce the production of rRNA. Researchers speculate that a decrease in the amount of rRNA may trigger the self-destruction (apoptosis) of certain cells involved in the development of facial bones and tissues. The abnormal cell death could lead to the specific problems with facial development found in Treacher Collins syndrome. However, it is unclear why the effects of a reduction in rRNA are limited to facial development.","Mutations in the TRPV4 gene cause Treacher Collins syndrome. The TRPV4 gene provides instructions for making a protein that is involved in transmitting electrical signals within cells, particularly those of sensory nerve endings (nerve endings that detect pain and temperature). This protein also plays an important role in the development of bones and other tissues during embryonic growth. Mutations in the TRPV4 gene prevent the production of any functional TRPV4 protein or result in the production of a nonfunctional version of this protein. A lack of TRPV4 protein impairs the transmission of electrical signals from sensory nerve endings to the brain. As a result, these nerves cannot relay information about touch, pressure, heat, and cold to the brain. Impaired signaling between sensory nerve endings and the brain leads to the loss of sensation in the face and hands. It is unclear how mutations in the TRPV4 gene lead to the characteristic facial abnormalities seen in people with Treacher Collins syndrome.",12.144883567000079
What to do for Whipple Disease ?,A person with Whipple disease and malabsorption may need - a diet high in calories and protein - vitamins - nutritional supplements,"- Whipple disease is a rare, chronic infection that affects the lining of the digestive tract. - The signs and symptoms of Whipple disease include abdominal pain, diarrhea, weight loss, fever, fatigue, and achy joints. - A diagnosis of Whipple disease may be suspected based on medical history, physical exam, and laboratory tests. - Treatment options for Whipple disease include antibiotics, surgery, or both.",5.182621932000075
What are the genetic changes related to coloboma ?,"Coloboma arises from abnormal development of the eye. During the second month of development before birth, a seam called the optic fissure (also known as the choroidal fissure or embryonic fissure) closes to form the structures of the eye. When the optic fissure does not close completely, the result is a coloboma. The location of the coloboma depends on the part of the optic fissure that failed to close. Coloboma may be caused by changes in many genes involved in the early development of the eye, most of which have not been identified. The condition may also result from a chromosomal abnormality affecting one or more genes. Most genetic changes associated with coloboma have been identified only in very small numbers of affected individuals. The risk of coloboma may also be increased by environmental factors that affect early development, such as exposure to alcohol during pregnancy. In these cases, affected individuals usually have other health problems in addition to coloboma.","Mutations in several genes can cause coloboma. The most common of these is the FOXC2 gene, which provides instructions for making a protein that plays an important role in eye development. Mutations in this gene lead to the production of nonfunctional or abnormally folded proteins that cannot perform their normal functions. It is unclear how mutations in other genes cause coloboma.",4.796449203999941
How many people are affected by moyamoya disease ?,"Moyamoya disease was first identified in Japan, where it is most prevalent, affecting about 5 in 100,000 individuals. The condition is also relatively common in other Asian populations. It is ten times less common in Europe. In the United States, Asian Americans are four times more commonly affected than whites. For unknown reasons, moyamoya disease occurs twice as often in females as in males.",Moyamoya disease is a rare disorder; its prevalence is unknown.,1.0062115890000314
What are the treatments for Glycogen storage disease type 4 ?,"How might glycogen storage disease type 4 be treated? Management of glycogen storage disease type 4 typically focuses on the signs and symptoms that are present in each individual. Studies have show that in some cases, strict dietary therapy can help to maintain normal levels of glucose in the blood, reduce liver size, reduce symptoms, and allow for improved growth and development. Growing evidence indicates that a high-protein diet may improve muscle function in individuals with weakness or exercise intolerance and slow disease progression. Supportive care is typically needed for complications such as liver failure, heart failure, and neurologic dysfunction. Liver transplantation may be necessary for individuals with progressive liver disease. Individuals with cardiomyopathy may require the use of certain medications.","How might glycogen storage disease type 4 be treated? Treatment of glycogen storage disease type 4 (GSD4) is symptomatic and supportive. The goal of treatment is to prevent or minimize complications associated with GSD4, such as hypoglycemia, seizures, and liver failure. In some cases, a low-carbohydrate diet may help reduce symptoms in children who have severe hypoglycemia.",5.555074247999983
What is the outlook for Small Intestine Cancer ?,"Certain factors affect prognosis (chance of recovery) and treatment options.The prognosis (chance of recovery) and treatment options depend on the following: - The type of small intestine cancer. - Whether the cancer is in the inner lining of the small intestine only or has spread into or beyond the wall of the small intestine. - Whether the cancer has spread to other places in the body, such as the lymph nodes, liver, or peritoneum (tissue that lines the wall of the abdomen and covers most of the organs in the abdomen). - Whether the cancer can be completely removed by surgery. - Whether the cancer is newly diagnosed or has recurred.","Certain factors affect prognosis (chance of recovery) and treatment options. The prognosis (chance of recovery) and treatment options depend on the following: - Whether cancer cells have spread within the small intestine or to other parts of the body. - The type of small intestine cancer, such as adenocarcinoma, carcinoid tumor, or lymphoma. - Where in the small intestine the cancer started. - How fast the cancer grows. - Whether the cancer has just been diagnosed or has recurred (come back). - Whether the cancer can be removed by surgery. - Whether the cancer has just been diagnosed or has recurred. - Whether the patient's age affects the chance of cure.",8.645499749999999
What causes Fecal Incontinence ?,"Fecal incontinence has many causes, including - diarrhea - constipation - muscle damage or weakness - nerve damage - loss of stretch in the rectum - childbirth by vaginal delivery - hemorrhoids and rectal prolapse - rectocele - inactivity Diarrhea Diarrhea can cause fecal incontinence. Loose stools fill the rectum quickly and are more difficult to hold than solid stools. Diarrhea increases the chance of not reaching a bathroom in time. Constipation Constipation can lead to large, hard stools that stretch the rectum and cause the internal sphincter muscles to relax by reflex. Watery stool builds up behind the hard stool and may leak out around the hard stool, leading to fecal incontinence. The type of constipation that is most likely to lead to fecal incontinence occurs when people are unable to relax their external sphincter and pelvic floor muscles when straining to have a bowel movement, often mistakenly squeezing these muscles instead of relaxing them. This squeezing makes it difficult to pass stool and may lead to a large amount of stool in the rectum. This type of constipation, called dyssynergic defecation or disordered defecation, is a result of faulty learning. For example, children or adults who have pain when having a bowel movement may unconsciously learn to squeeze their muscles to delay the bowel movement and avoid pain. Muscle Damage or Weakness Injury to one or both of the sphincter muscles can cause fecal incontinence. If these muscles, called the external and internal anal sphincter muscles, are damaged or weakened, they may not be strong enough to keep the anus closed and prevent stool from leaking. Trauma, childbirth injuries, cancer surgery, and hemorrhoid surgery are possible causes of injury to the sphincters. Hemorrhoids are swollen blood vessels in and around the anus and lower rectum. Nerve Damage The anal sphincter muscles wont open and close properly if the nerves that control them are damaged. Likewise, if the nerves that sense stool in the rectum are damaged, a person may not feel the urge to go to the bathroom. Both types of nerve damage can lead to fecal incontinence. Possible sources of nerve damage are childbirth; a long-term habit of straining to pass stool; spinal cord injury; and diseases, such as diabetes and multiple sclerosis, that affect the nerves that go to the sphincter muscles and rectum. Brain injuries from stroke, head trauma, or certain diseases can also cause fecal incontinence. Loss of Stretch in the Rectum Normally, the rectum stretches to hold stool until a person has a bowel movement. Rectal surgery, radiation treatment, and inflammatory bowel diseaseschronic disorders that cause irritation and sores on the lining of the digestive systemcan cause the rectal walls to become stiff. The rectum then cant stretch as much to hold stool, increasing the risk of fecal incontinence. Childbirth by Vaginal Delivery Childbirth sometimes causes injuries to muscles and nerves in the pelvic floor. The risk is greater if forceps are used to help deliver the baby or if an episiotomya cut in the vaginal area to prevent the babys head from tearing the vagina during birthis performed. Fecal incontinence related to childbirth can appear soon after delivery or many years later. Hemorrhoids and Rectal Prolapse External hemorrhoids, which develop under the skin around the anus, can prevent the anal sphincter muscles from closing completely. Rectal prolapse, a condition that causes the rectum to drop down through the anus, can also prevent the anal sphincter muscles from closing well enough to prevent leakage. Small amounts of mucus or liquid stool can then leak through the anus. Rectocele Rectocele is a condition that causes the rectum to protrude through the vagina. Rectocele can happen when the thin layer of muscles separating the rectum from the vagina becomes weak. For women with rectocele, straining to have a bowel movement may be less effective because rectocele reduces the amount of downward force through the anus. The result may be retention of stool in the rectum. More research is needed to be sure rectocele increases the risk of fecal incontinence. Inactivity People who are inactive, especially those who spend many hours a day sitting or lying down, have an increased risk of retaining a large amount of stool in the rectum. Liquid stool can then leak around the more solid stool. Frail, older adults are most likely to develop constipation-related fecal incontinence for this reason.","The most common cause of fecal incontinence is a problem with the muscles that control bowel movements. These muscles are called the anorectal (an-uh-rek-tuhl) muscles, or sphincters. The sphincters are located between the rectum and anus. They help keep stool inside the body until it's time to go potty. When the sphincters don't work properly, stool can leak out of the body. This is called fecal incontinence. Other Causes Besides problems with the sphincter muscles, other things can cause fecal incontinence: - Weakness in the pelvic floor muscles. The pelvic floor muscles support organs such as the bladder, uterus, and rectum. If these muscles weaken, they may not be able to hold stool in place. - Damage to nerves that control the sphincters. Nerves carry messages from the brain to the spinal cord and then to the sphincters. If nerve damage occurs, the sphincters might not respond correctly when you need to have a bowel movement. - Problems with the colon. The colon is part of the large intestine. It stores stool before it leaves the body. Sometimes the colon doesn't empty completely, which can lead to fecal incontin",15.860677408000015
How many people are affected by hypochondrogenesis ?,"Hypochondrogenesis and achondrogenesis, type 2 (a similar skeletal disorder) together affect 1 in 40,000 to 60,000 newborns.",Hypochondrogenesis is a rare disorder; its prevalence is unknown.,0.9979300649999914
What is (are) Alzheimer's Disease ?,"Dementia is a loss of thinking, remembering, and reasoning skills that interferes with a persons daily life and activities. Alzheimers disease is the most common cause of dementia among older people. Dementia ranges in severity from the mild stage, when it is just beginning to affect a persons functioning, to the severe stage, when the person must depend completely on others for care.","Alzheimer's disease is a type of dementia. Dementia means that you have problems with memory, thinking, and behavior. It usually gets worse over time. The most common symptoms are - Memory loss - Trouble doing daily activities like paying bills or taking medicine - Confusion about the time or place - Problems with language - Mood changes - Trouble handling money or making decisions - Trouble walking, judging distance, or seeing things clearly - Trouble learning new information or learning how to use familiar objects - Trouble controlling emotions or physical movements You may also have other health problems as your dementia worsens. These include infections, bedsores, urinary tract infections, and pneumonia. Alzheimer's disease causes 60 to 85 percent of cases of dementia in people age 65 and older. It can affect anyone at any age. There is no cure for Alzheimer's disease. But there are medicines that can help slow its progress. NIH: National Institute on Aging",11.862683939000021
Who is at risk for Endometrial Cancer? ?,"Key Points - Avoiding risk factors and increasing protective factors may help prevent cancer. - The following risk factors increase the risk of endometrial cancer: - Endometrial hyperplasia - Estrogen - Tamoxifen - Obesity, weight gain, metabolic syndrome, and diabetes - Genetic factors - The following protective factors decrease the risk of endometrial cancer: - Pregnancy and breast-feeding - Combination oral contraceptives - Physical activity - Cigarette smoking - It is not known if the following factors affect the risk of endometrial cancer: - Weight loss - Fruits, vegetables, and vitamins - Cancer prevention clinical trials are used to study ways to prevent cancer. - New ways to prevent endometrial cancer are being studied in clinical trials. Avoiding risk factors and increasing protective factors may help prevent cancer. Avoiding cancer risk factors may help prevent certain cancers. Risk factors include smoking, being overweight, and not getting enough exercise. Increasing protective factors such as quitting smoking and exercising may also help prevent some cancers. Talk to your doctor or other health care professional about how you might lower your risk of cancer. The following risk factors increase the risk of endometrial cancer: Endometrial hyperplasia Endometrial hyperplasia is an abnormal thickening of the endometrium (lining of the uterus). It is not cancer, but in some cases, it may lead to endometrial cancer. Estrogen Estrogen is a hormone made by the body. It helps the body develop and maintain female sex characteristics. Estrogen can affect the growth of some cancers, including endometrial cancer. A woman's risk of developing endometrial cancer is increased by being exposed to estrogen in the following ways: - Estrogen-only hormone replacement therapy: Estrogen may be given to replace the estrogen no longer produced by the ovaries in postmenopausal women or women whose ovaries have been removed. This is called hormone replacement therapy (HRT), or hormone therapy (HT). The use of HRT that contains only estrogen increases the risk of endometrial cancer and endometrial hyperplasia. For this reason, estrogen therapy alone is usually prescribed only for women who do not have a uterus. HRT that contains only estrogen also increases the risk of stroke and blood clots. When estrogen is combined with progestin (another hormone), it is called combination estrogen-progestin replacement therapy. For postmenopausal women, taking estrogen in combination with progestin does not increase the risk of endometrial cancer, but it does increase the risk of breast cancer. (See the Breast Cancer Prevention summary for more information.) - Early menstruation: Beginning to have menstrual periods at an early age increases the number of years the body is exposed to estrogen and increases a woman's risk of endometrial cancer. - Late menopause: Women who reach menopause at an older age are exposed to estrogen for a longer time and have an increased risk of endometrial cancer. - Never being pregnant: Because estrogen levels are lower during pregnancy, women who have never been pregnant are exposed to estrogen for a longer time than women who have been pregnant. This increases the risk of endometrial cancer. Tamoxifen Tamoxifen is one of a group of drugs called selective estrogen receptor modulators, or SERMs. Tamoxifen acts like estrogen on some tissues in the body, such as the uterus, but blocks the effects of estrogen on other tissues, such as the breast. Tamoxifen is used to prevent breast cancer in women who are at high risk for the disease. However, using tamoxifen for more than 2 years increases the risk of endometrial cancer. This risk is greater in postmenopausal women. Raloxifene is a SERM that is used to prevent bone weakness in postmenopausal women. However, it does not have estrogen-like effects on the uterus and has not been shown to increase the risk of endometrial cancer. Obesity, weight gain, metabolic syndrome, and diabetes Obesity, gaining weight as an adult, or having metabolic syndrome increases the risk of endometrial cancer. Obesity is related to other risk factors such as high estrogen levels, having extra fat around the waist, polycystic ovary syndrome, and lack of physical activity. Having metabolic syndrome increases the risk of endometrial cancer. Metabolic syndrome is a condition that includes extra fat around the waist, high blood sugar, high blood pressure, and high levels of triglycerides (a type of fat) in the blood. Genetic factors Hereditary nonpolyposis colon cancer (HNPCC) syndrome (also known as Lynch Syndrome) is an inherited disorder caused by changes in certain genes. Women who have HNPCC syndrome have a much higher risk of developing endometrial cancer than women who do not have HNPCC syndrome. Polycystic ovary syndrome (a disorder of the hormones made by the ovaries), and Cowden syndrome are inherited conditions that are linked to an increased risk of endometrial cancer. Women with a family history of endometrial cancer in a first-degree relative (mother, sister, or daughter) are also at increased risk of endometrial cancer. It is not known if the following factors affect the risk of endometrial cancer: Weight loss It is not known if losing weight decreases the risk of endometrial cancer. Fruits, vegetables, and vitamins A diet that includes, fruits, vegetables, phytoestrogen, soy, and vitamin D has not been found to affect the risk of endometrial cancer. Taking multivitamins has little or no effect on the risk of common cancers, including endometrial cancer.",Certain factors increase the risk of endometrial cancer. These include - being older than 50 years when diagnosed with endometrial cancer - having a uterus and never giving birth - having high blood levels of estrogen (a female hormone) or progesterone (another female hormone) - having diabetes - having polycystic ovary syndrome (PCOS) - having breast cancer - having endometriosis - having certain types of uterine fibroids - having a history of endometrial hyperplasia - having a family history of endometrial cancer - taking estrogen alone without progesterone - not using estrogen replacement therapy (ERT),8.196242610000013
What is (are) Mntriers Disease ?,"Mntriers disease causes the ridges along the inside of the stomach wallcalled rugaeto enlarge, forming giant folds in the stomach lining. The rugae enlarge because of an overgrowth of mucous cells in the stomach wall. In a normal stomach, mucous cells in the rugae release protein-containing mucus. The mucous cells in enlarged rugae release too much mucus, causing proteins to leak from the blood into the stomach. This shortage of protein in the blood is known as hypoproteinemia. Mntriers disease also reduces the number of acid-producing cells in the stomach, which decreases stomach acid. Mntriers disease is also called Mntrier disease or hypoproteinemic hypertrophic gastropathy.","Mntrier's disease, also known as mucous cysts of the esophagus, is a rare condition that causes abnormal growths in the lower part of the esophagus. The growths are made up of mucus and other substances from the lining of the esophagus. They can be found anywhere along the length of the esophagus but most often occur at the junction between the esophagus and stomach. Symptoms may include difficulty swallowing or choking on food; pain when swallowing; heartburn; regurgitation of undigested food; and weight loss. In some cases, no symptoms are present. Mntrier's disease usually occurs after age 60. It is more common in women than men.",9.309210431999986
Do you have information about Bowel Movement,"Summary : A bowel movement is the last stop in the movement of food through your digestive tract. Your stool passes out of your body through the rectum and anus. Another name for stool is feces. It is made of what is left after your digestive system (stomach, small intestine, and colon) absorbs nutrients and fluids from what you eat and drink. Sometimes a bowel movement isn't normal. Diarrhea happens when stool passes through the large intestine too quickly. Constipation occurs when stool passes through the large intestine too slowly. Bowel incontinence is a problem controlling your bowel movements. Other abnormalities with bowel movements may be a sign of a digestive problem. NIH: National Institute of Diabetes and Digestive and Kidney Diseases","Summary : Your bowel movements are the result of a complex process. The digestive tract is made up of your mouth, esophagus, stomach and intestines. Food moves through these organs in a series of muscular contractions called peristalsis. When food reaches the large intestine, it becomes solid as water is absorbed into the body. The colon also contains bacteria that help break down some foods. As the stool moves from the colon to the rectum, it gets smaller and drier. Finally, when you go to the bathroom, the muscles in the rectum contract and push the stool out of the body.",7.765706073999922
What causes Hereditary fructose intolerance ?,"What causes hereditary fructose intolerance (HFI)? HFI is caused by alterations (mutations) in the ALDOB gene. This gene provides instructions for making an enzyme called aldolase B. This enzyme is primarily found in the liver and is involved in the breakdown of fructose into energy. Mutations in the ALDOB gene reduce the function of the enzyme, impairing its ability to metabolize fructose. This causes a toxic buildup of fructose-1-phosphate in liver cells, which results in the death of liver cells over time.","What causes hereditary fructose intolerance? Hereditary fructose intolerance is caused by a deficiency of the enzyme aldolase B. This enzyme normally breaks down fructose into glucose and glycogen, which are then used for energy in cells throughout the body. In people with this condition, however, there is not enough aldolase B to break down fructose properly. As a result, fructose builds up in the blood and liver, causing symptoms of the disorder.",5.827900516
How many people are affected by hypochondroplasia ?,"The incidence of hypochondroplasia is unknown. Researchers believe that it may be about as common as achondroplasia, which occurs in 1 in 15,000 to 40,000 newborns. More than 200 people worldwide have been diagnosed with hypochondroplasia.",Hypochondroplasia is a rare condition; its prevalence is unknown.,1.0511747249998962
What is (are) Lafora disease ?,"Lafora disease is an inherited, severe form of progressive myoclonus epilepsy. The condition most commonly begins with epileptic seizures in late childhood or adolescence. Other signs and symptoms include difficulty walking, muscle spasms (myoclonus) and dementia. Affected people also experience rapid cognitive deterioration that begins around the same time as the seizures. The condition is often fatal within 10 years of onset. Most cases are caused by changes (mutations) in either the EPM2A gene or the NHLRC1 gene and are inherited in an autosomal recessive manner. Treatment is based on the signs and symptoms present in each person.","Lafora disease is a rare disorder characterized by seizures, progressive muscle weakness and wasting of the muscles used for movement (spasticity), and loss of vision. The signs and symptoms usually begin in childhood or adolescence. People with this condition have an abnormal accumulation of sugar molecules called glycogen within cells that are found throughout the body. This accumulation causes damage to many organs including the brain, heart, kidneys, liver, and eyes. In addition, people with Lafora disease may develop blood clots in their veins and arteries, which can lead to stroke, heart attack, and other serious health problems.",7.620972141000038
what research (or clinical trials) is being done for Ovarian Germ Cell Tumors ?,"New types of treatment are being tested in clinical trials. This summary section describes treatments that are being studied in clinical trials. It may not mention every new treatment being studied. Information about clinical trials is available from the NCI website. High-dose chemotherapy with bone marrow transplant High-dose chemotherapy with bone marrow transplant is a method of giving very high doses of chemotherapy and replacing blood -forming cells destroyed by the cancer treatment. Stem cells (immature blood cells) are removed from the bone marrow of the patient or a donor and are frozen and stored. After the chemotherapy is completed, the stored stem cells are thawed and given back to the patient through an infusion. These reinfused stem cells grow into (and restore) the bodys blood cells. New treatment options Combination chemotherapy (the use of more than one anticancer drug) is being tested in clinical trials. Patients may want to think about taking part in a clinical trial. For some patients, taking part in a clinical trial may be the best treatment choice. Clinical trials are part of the cancer research process. Clinical trials are done to find out if new cancer treatments are safe and effective or better than the standard treatment. Many of today's standard treatments for cancer are based on earlier clinical trials. Patients who take part in a clinical trial may receive the standard treatment or be among the first to receive a new treatment. Patients who take part in clinical trials also help improve the way cancer will be treated in the future. Even when clinical trials do not lead to effective new treatments, they often answer important questions and help move research forward. Patients can enter clinical trials before, during, or after starting their cancer treatment. Some clinical trials only include patients who have not yet received treatment. Other trials test treatments for patients whose cancer has not gotten better. There are also clinical trials that test new ways to stop cancer from recurring (coming back) or reduce the side effects of cancer treatment. Clinical trials are taking place in many parts of the country. See the Treatment Options section that follows for links to current treatment clinical trials. These have been retrieved from NCI's listing of clinical trials.","New types of treatment are being tested in clinical trials. Information about clinical trials is available from the NCI website. Patients may want to think about taking part in a clinical trial. For some patients, taking part in a clinical trial may be the best treatment choice. Clinical trials are part of the cancer research process. Clinical trials are done to find out if new cancer treatments are safe and effective or better than the standard treatment. Many of today's standard treatments for cancer are based on earlier clinical trials. Patients who take part in a clinical trial may receive the standard treatment or be among the first to receive a new treatment. Patients who take part in clinical trials also help improve the way cancer will be treated in the future. Even when clinical trials do not lead to effective new treatments, they often answer important questions and help move research forward. Patients can enter clinical trials before, during, or after starting their cancer treatment. Some clinical trials only include patients who have not yet received treatment. Other trials test treatments for patients whose cancer has not gotten better. There are also clinical trials that test new ways to stop cancer from recurring (coming back) or reduce the side effects of cancer treatment. Clinical trials are taking place in many parts of the country. See the Treatment Options section that follows for",15.93515327
What is (are) Loin pain hematuria syndrome ?,"Loin pain hematuria syndrome (LPHS) is a condition that is characterized by persistent or recurrent loin pain and hematuria (blood in the urine). Other signs and symptoms include nausea and vomiting; a low-grade fever (up to 101F); and/or dysuria during episodes of pain. The exact underlying cause of LPHS is currently unknown; however, scientists suspect that it may be due to abnormalities of the glomerular basement membranes (the tissues in the kidney that filter blood); bleeding disorders; or crystal and/or stone formation in the kidneys. Treatment is symptomatic and usually consists of pain management.","Loin pain hematuria syndrome is a rare condition characterized by recurrent episodes of loin pain and microscopic blood in the urine. The cause of this disorder is unknown, but it may be related to an abnormality in the kidneys or urinary tract.",3.086663953000084
What to do for What I need to know about Hepatitis B ?,"- Hepatitis B is a virus, or infection, that causes liver disease and inflammation of the liver. - Anyone can get hepatitis B, but some people are more likely to than others. - You could get hepatitis B through contact with an infected persons blood, semen, or other body fluid. - Most people do not have any symptoms of hepatitis B. Adults and children ages 5 and older may have symptoms. - See a doctor right away if you or a child in your care has symptoms of hepatitis B. - Acute hepatitis B is a short-term infection with the hepatitis B virus. - Chronic hepatitis B is a long-lasting infection with the hepatitis B virus. Chronic hepatitis B occurs when the body cant get rid of the hepatitis B virus. - Children, especially infants, are more likely to get chronic hepatitis B. - A blood test will show if you have hepatitis B. - If you are at higher risk of getting hepatitis B, get tested. If you are pregnant, you should also get tested. - Many people with hepatitis B do not know they are infected. Early diagnosis and treatment can help prevent liver damage. - Hepatitis B is usually not treated unless it becomes chronic. Chronic hepatitis B is treated with medicines that slow or stop the virus from damaging the liver. - You can avoid getting hepatitis B by receiving the hepatitis B vaccine. - Tell your doctor and your dentist if you have hepatitis B. - If you are pregnant and have hepatitis B, tell the doctor and staff who deliver your baby. - See your doctor right away if you think you have been in contact with the hepatitis B virus.","- Hepatitis B is a disease of the liver. - The hepatitis B virus (HBV) causes inflammation in the liver, which can lead to serious health problems and even death. - You cannot get HBV from food or water. - People who have had HBV infection are at risk for chronic infection. - Chronic HBV infection may be lifelong. - If you have chronic HBV infection, your doctor will monitor you regularly. - There are vaccines that protect against HBV infection. - If you think you were exposed to HBV, talk with your doctor right away. - If you have chronic HBV infection, there are medicines that can help control it.",8.502317250999909
How many people are affected by Opitz G/BBB syndrome ?,"X-linked Opitz G/BBB syndrome is thought to affect 1 in 10,000 to 50,000 males, although it is likely that this condition is underdiagnosed. The incidence of autosomal dominant Opitz G/BBB syndrome is unknown. It is part of a larger condition known as 22q11.2 deletion syndrome, which is estimated to affect 1 in 4,000 people.",Opitz G/BBB syndrome is a rare condition; its prevalence is unknown.,1.1272316270000147
How many people are affected by hereditary spherocytosis ?,"Hereditary spherocytosis occurs in 1 in 2,000 individuals of Northern European ancestry. This condition is the most common cause of inherited anemia in that population. The prevalence of hereditary spherocytosis in people of other ethnic backgrounds is unknown, but it is much less common.","Hereditary spherocytosis is a common condition. It occurs in about 1 in 20,000 to 30,000 newborns worldwide.",2.408793130000049
What are the symptoms of Skin Cancer ?,"Early Detection is Important When skin cancer is found early, it is more likely to be treated successfully. Therefore, it is important to know how to recognize the signs of skin cancer in order to improve the chances of early diagnosis. Most non-melanoma skin cancers (basal cell carcinoma and squamous cell carcinoma) can be cured if found and treated early. Skin Changes A change on the skin is the most common sign of skin cancer. This may be a new growth, a sore that doesn't heal, or a change in an old growth. Not all skin cancers look the same. Sometimes skin cancer is painful, but usually it is not. Checking your skin for new growths or other changes is a good idea. Keep in mind that changes are not a sure sign of skin cancer. Still, you should report any changes to your health care provider right away. You may need to see a dermatologist, a doctor who has special training in the diagnosis and treatment of skin problems. A Mole That is Bleeding Also see a doctor if a mole is bleeding or if more moles appear around the first one. Most of the time, these signs are not cancer. Sometimes, it is not even a mole. Still, it is important to check with a doctor so that any problems can be diagnosed and treated as early as possible. Don't ignore your symptoms because you think they are not important or because you believe they are normal for your age. Signs of Melanoma Melanoma skin cancer is more difficult to treat, so it is important to check for signs and seek treatment as soon as possible. Use the following ABCDE rule to remember the symptoms of melanoma. See a doctor if you have a mole, birthmark, or other pigmented area of skin with A = Asymmetry. One half of the mole looks different than the other half. (top left image) B = Border. The edges are often ragged, notched, or blurred in outline. The pigment may spread into the surrounding skin. (top right image) C = Color. The mole is more than one color. Shades of black, brown, and tan may be present. Areas of white, gray, red, pink, or blue may also be seen.(bottom left image) D = Diameter.There is a change in size, usually an increase. Melanomas can be tiny, but most are larger than the size of a pea (larger than 6 millimeters or about 1/4 inch). (bottom right image) E = Evolving. The mole has changed over the past few weeks or months.","Signs and symptoms of skin cancer include a change in the size, shape, or color of an existing mole. Other signs and symptoms depend on the type of skin cancer: Basal cell carcinoma (BCC) - A pearly bump that bleeds easily. It may look like a flesh-colored patch with a waxy appearance. Squamous cell carcinoma (SCC) - A red, scaly patch of skin that looks like a crusty wart. Melanoma - A dark spot that is larger than 6 millimeters across; it may be irregularly shaped, have an uneven border, or have multiple colors.",7.8901675260000275
What are the symptoms of Urinary Tract Infections ?,"Symptoms of a UTI in the bladder may include - cloudy, bloody, or foul-smelling urine - pain or burning during urination - strong and frequent need to urinate, even right after emptying the bladder - a mild fever below 101 degrees Fahrenheit in some people. cloudy, bloody, or foul-smelling urine pain or burning during urination strong and frequent need to urinate, even right after emptying the bladder a mild fever below 101 degrees Fahrenheit in some people. If the UTI spreads to the kidneys, symptoms may include - chills and shaking - night sweats - feeling tired or generally ill - fever above 101 degrees Fahrenheit - pain in the side, back, or groin - flushed, warm, or reddened skin - mental changes or confusion - nausea and vomiting - very bad abdominal pain in some people. chills and shaking night sweats feeling tired or generally ill fever above 101 degrees Fahrenheit pain in the side, back, or groin flushed, warm, or reddened skin mental changes or confusion nausea and vomiting very bad abdominal pain in some people. Symptoms may differ depending on age, gender, and catheter use. In some elderly people, mental changes and confusion may be the only signs of a UTI. Older women and men with a UTI are more likely to be tired, shaky, and weak. They are also more likely to have muscle aches and abdominal pain. In a person with a catheter, the only symptom may be fever that does not have another likely cause. Learn more about the signs and symptoms of urinary tract infections in adults.","Urinary tract infections (UTIs) can cause many different signs and symptoms. The most common symptom is a burning feeling when you urinate or pain in your bladder area. You may also have - cloudy, foul-smelling urine - blood in your urine - frequent urges to urinate - painful sex - fever - chills - nausea - vomiting - loss of appetite - back or side pain",4.932304314999897
What are the symptoms of Tetraamelia with ectodermal dysplasia and lacrimal duct abnormalities ?,"What are the signs and symptoms of Tetraamelia with ectodermal dysplasia and lacrimal duct abnormalities? The Human Phenotype Ontology provides the following list of signs and symptoms for Tetraamelia with ectodermal dysplasia and lacrimal duct abnormalities. If the information is available, the table below includes how often the symptom is seen in people with this condition. You can use the MedlinePlus Medical Dictionary to look up the definitions for these medical terms. Signs and Symptoms Approximate number of patients (when available) Abnormality of metabolism/homeostasis - Absent lacrimal punctum - Autosomal recessive inheritance - Bulbous nose - Constipation - Cryptorchidism - Downturned corners of mouth - Ectodermal dysplasia - High, narrow palate - Hypoplastic lacrimal duct - Hypotrichosis - Intellectual disability - Preauricular pit - Sacral dimple - Tetraamelia - Umbilical hernia - Upslanted palpebral fissure - Wide mouth - The Human Phenotype Ontology (HPO) has collected information on how often a sign or symptom occurs in a condition. Much of this information comes from Orphanet, a European rare disease database. The frequency of a sign or symptom is usually listed as a rough estimate of the percentage of patients who have that feature. The frequency may also be listed as a fraction. The first number of the fraction is how many people had the symptom, and the second number is the total number of people who were examined in one study. For example, a frequency of 25/25 means that in a study of 25 people all patients were found to have that symptom. Because these frequencies are based on a specific study, the fractions may be different if another group of patients are examined. Sometimes, no information on frequency is available. In these cases, the sign or symptom may be rare or common.","What are the signs and symptoms of Tetraamelia with ectodermal dysplasia and lacrimal duct abnormalities? The Human Phenotype Ontology provides the following list of signs and symptoms for Tetraamelia with ectodermal dysplasia and lacrimal duct abnormalities. If the information is available, the table below includes how often the symptom is seen in people with this condition. You can use the MedlinePlus Medical Dictionary to look up the definitions for these medical terms. Signs and Symptoms Approximate number of patients (when available) Abnormality of the eyelashes 90% Abnormality of the fingernails 90% Abnormality of the toenails 90% Aplasia/Hypoplasia of the eyebrow 90% Brachydactyly syndrome 90% Cleft palate 90% Clinodactyly of the 5th finger 90% Cognitive impairment 90% Cryptorchidism 90% Ectodermal dysplasia 90% Hypertelorism 90% Long philtrum 90% Low-set, posteriorly rotated ears 90% Microcephaly 90% Narrow mouth 9",15.714975500000037
What is (are) Chronic Eosinophilic Leukemia ?,"Key Points - Chronic eosinophilic leukemia is a disease in which too many white blood cells (eosinophils) are made in the bone marrow. - Signs and symptoms of chronic eosinophilic leukemia include fever and feeling very tired. Chronic eosinophilic leukemia is a disease in which too many white blood cells (eosinophils) are made in the bone marrow. Eosinophils are white blood cells that react to allergens (substances that cause an allergic response) and help fight infections caused by certain parasites. In chronic eosinophilic leukemia, there are too many eosinophils in the blood, bone marrow, and other tissues. Chronic eosinophilic leukemia may stay the same for many years or it may progress quickly to acute leukemia.","Key Points - Chronic eosinophilic leukemia is a disease in which too many white blood cells called eosinophils are made and found in the blood. - There are different types of chronic eosinophilic leukemia. - Signs and symptoms of chronic eosinophilic leukemia include fever, weight loss, and tiredness. - Tests that examine the bone marrow are used to detect (find) and diagnose chronic eosinophilic leukemia. - Certain factors affect prognosis (chance of recovery). Chronic eosinophilic leukemia is a disease in which too many white blood cells called eosinophils are made and found in the blood. In this condition, there are more eosinophils than normal in the blood. The body makes too many eosinophils because it does not have enough eosinophils to fight infection or remove foreign substances from the body. Eosinophils are part of the immune system. They help protect the body against parasites and other harmful organisms. When eosinophils are present in large numbers in the blood, they can cause problems such as an allergic reaction, asthma, hives, and skin rashes. Eosinophilia may also be caused by certain medicines, infections, autoimmune diseases, and cancer. Eos",15.78308499800005
What are the genetic changes related to actin-accumulation myopathy ?,"Actin-accumulation myopathy is caused by a mutation in the ACTA1 gene. This gene provides instructions for making a protein called skeletal alpha ()-actin, which is a member of the actin protein family found in skeletal muscles. Actin proteins are important for cell movement and the tensing of muscle fibers (muscle contraction). Thin filaments made up of actin molecules and thick filaments made up of another protein called myosin are the primary components of muscle fibers and are important for muscle contraction. Attachment (binding) and release of the overlapping thick and thin filaments allows them to move relative to each other so that the muscles can contract. ACTA1 gene mutations that cause actin-accumulation myopathy may affect the way the skeletal -actin protein binds to ATP. ATP is a molecule that supplies energy for cells' activities, and is important in the formation of thin filaments from individual actin molecules. Dysfunctional actin-ATP binding may result in abnormal thin filament formation and impair muscle contraction, leading to muscle weakness and the other signs and symptoms of actin-accumulation myopathy. In some people with actin-accumulation myopathy, no ACTA1 gene mutations have been identified. The cause of the disorder in these individuals is unknown.","Mutations in the ACTA2 gene cause actin-accumulation myopathy. The ACTA2 gene provides instructions for making a protein called cardiac troponin T, which is found primarily in heart muscle cells (cardiomyocytes). This protein helps control the contraction of cardiomyocytes and plays an important role in maintaining normal heart rhythm. Mutations in the ACTA2 gene lead to the production of an abnormal form of cardiac troponin T that cannot perform its usual function. As a result, cardiomyocytes do not contract normally or efficiently, leading to weakening of the heart muscles. A weakened heart can't pump blood effectively throughout the body, resulting in shortness of breath, fatigue, and other signs and symptoms of this disorder.",9.419548729999974
What are the treatments for Ollier disease ?,"How might Ollier disease be treated? There is no specific medical treatment for Ollier disease. Surgery is indicated in cases where complications (pathological fractures, growth defect, malignant transformation) arise.",These resources address the diagnosis or management of Ollier disease: - Gene Review: Gene Review: Ollier Disease - Genetic Testing Registry: Ollier disease These resources from MedlinePlus offer information about the diagnosis and management of various health conditions: - Diagnostic Tests - Drug Therapy - Surgery and Rehabilitation - Genetic Counseling - Palliative Care,4.247004145000005
What to do for Nutrition for Early Chronic Kidney Disease in Adults ?,"- Controlling blood glucose and blood pressure through healthy food choices is an important step toward slowing or stopping the progression of chronic kidney disease (CKD). - The kidneys remove wastes and extra water from the blood and make urine. - Millions of Americans are at risk for developing CKD because they have diabetes, high blood pressure, or both. - People with either type 1 or type 2 diabetes must choose foods carefully to control their blood glucose. Following a meal plan to keep blood glucose at a healthy level may prevent CKD from developing. - Controlling blood pressure through healthy food choices and regular physical activity can delay or prevent the development of CKD. People with CKD should try to keep their blood pressure below 140/90 mmHg. - Medical nutrition therapy (MNT) is the use of counseling by a registered dietitian to help promote a medical or health goal. - Dietitians who specialize in helping people with CKD are called renal dietitians. - Learning how to read and understand lab reports lets a person see how different foods can affect the kidneys. Patients can ask their doctor for copies of their lab reports and ask to have them explained, noting any results out of the normal range.","- The kidneys filter blood and remove waste products, excess fluid, and minerals. - A person with early chronic kidney disease (CKD) may not have any symptoms until the kidneys are severely damaged. - People who have diabetes or high blood pressure should work with their health care provider to control these conditions. - Eating a healthy diet can help people with CKD maintain good nutrition while they wait for a transplant or treatment that will slow down or stop the progression of CKD.",5.964598265000063
what research (or clinical trials) is being done for Ovarian Low Malignant Potential Tumors ?,"New types of treatment are being tested in clinical trials. Information about clinical trials is available from the NCI Web site. Patients may want to think about taking part in a clinical trial. For some patients, taking part in a clinical trial may be the best treatment choice. Clinical trials are part of the medical research process. Clinical trials are done to find out if new treatments are safe and effective or better than the standard treatment. Many of today's standard treatments for disease are based on earlier clinical trials. Patients who take part in a clinical trial may receive the standard treatment or be among the first to receive a new treatment. Patients who take part in clinical trials also help improve the way diseases will be treated in the future. Even when clinical trials do not lead to effective new treatments, they often answer important questions and help move research forward. Patients can enter clinical trials before, during, or after starting their treatment. Some clinical trials only include patients who have not yet received treatment. Other trials test treatments for patients whose disease has not gotten better. There are also clinical trials that test new ways to stop a disease from recurring (coming back) or reduce the side effects of treatment. Clinical trials are taking place in many parts of the country. See the Treatment Options section that follows for links to current treatment clinical trials. These have been retrieved from NCI's clinical trials database.","New types of treatment are being tested in clinical trials. Information about clinical trials is available from the NCI website. Patients may want to think about taking part in a clinical trial. For some patients, taking part in a clinical trial may be the best treatment choice. Clinical trials are part of the cancer research process. Clinical trials are done to find out if new cancer treatments are safe and effective or better than the standard treatment. Many of today's standard treatments for cancer are based on earlier clinical trials. Patients who take part in a clinical trial may receive the standard treatment or be among the first to receive a new treatment. Patients who take part in clinical trials also help improve the way cancer will be treated in the future. Even when clinical trials do not lead to effective new treatments, they often answer important questions and help move research forward. Patients can enter clinical trials before, during, or after starting their cancer treatment. Some clinical trials only include patients who have not yet received treatment. Other trials test treatments for patients whose cancer has not gotten better. There are also clinical trials that test new ways to stop cancer from recurring (coming back) or reduce the side effects of cancer treatment. Clinical trials are taking place in many parts of the country. See the Treatment Options section that follows for",15.845094922000044
What is (are) familial thoracic aortic aneurysm and dissection ?,"Familial thoracic aortic aneurysm and dissection (familial TAAD) involves problems with the aorta, which is the large blood vessel that distributes blood from the heart to the rest of the body. Familial TAAD affects the upper part of the aorta, near the heart. This part of the aorta is called the thoracic aorta because it is located in the chest (thorax). Other vessels that carry blood from the heart to the rest of the body (arteries) can also be affected. In familial TAAD, the aorta can become weakened and stretched (aortic dilatation), which can lead to a bulge in the blood vessel wall (an aneurysm). Aortic dilatation may also lead to a sudden tearing of the layers in the aorta wall (aortic dissection), allowing blood to flow abnormally between the layers. These aortic abnormalities are potentially life-threatening because they can decrease blood flow to other parts of the body such as the brain or other vital organs, or cause the aorta to break open (rupture). The occurrence and timing of these aortic abnormalities vary, even within the same affected family. They can begin in childhood or not occur until late in life. Aortic dilatation is generally the first feature of familial TAAD to develop, although in some affected individuals dissection occurs with little or no aortic dilatation. Aortic aneurysms usually have no symptoms. However, depending on the size, growth rate, and location of these abnormalities, they can cause pain in the jaw, neck, chest, or back; swelling in the arms, neck, or head; difficult or painful swallowing; hoarseness; shortness of breath; wheezing; a chronic cough; or coughing up blood. Aortic dissections usually cause severe, sudden chest or back pain, and may also result in unusually pale skin (pallor), a very faint pulse, numbness or tingling (paresthesias) in one or more limbs, or paralysis. Familial TAAD may not be associated with other signs and symptoms. However, some individuals in affected families show mild features of related conditions called Marfan syndrome or Loeys-Dietz syndrome. These features include tall stature, stretch marks on the skin, an unusually large range of joint movement (joint hypermobility), and either a sunken or protruding chest. Occasionally, people with familial TAAD develop aneurysms in the brain or in the section of the aorta located in the abdomen (abdominal aorta). Some people with familial TAAD have heart abnormalities that are present from birth (congenital). Affected individuals may also have a soft out-pouching in the lower abdomen (inguinal hernia), an abnormal curvature of the spine (scoliosis), or a purplish skin discoloration (livedo reticularis) caused by abnormalities in the tiny blood vessels of the skin (dermal capillaries). However, these conditions are also common in the general population. Depending on the genetic cause of familial TAAD in particular families, they may have an increased risk of developing blockages in smaller arteries, which can lead to heart attack and stroke.","Familial thoracic aortic aneurysm and dissection (TAA/D) is a condition that affects the large blood vessels in the chest, called the aorta. The most common type of TAA/D involves the ascending aorta, which is the part of the aorta closest to the heart. This disorder can also affect other parts of the aorta, including the descending aorta, which runs along the spine from the heart down toward the pelvis; the thoracic aorta, which extends from the heart through the chest cavity into the abdomen; and the abdominal aorta, which passes through the abdomen and connects with the iliac arteries at the lower back. In people with this disorder, the walls of these blood vessels become weak or damaged over time, causing them to bulge outward like a balloon. These bulging areas are called aneurysms. If they rupture, the resulting bleeding can be life-threatening. Aneurysms may occur anywhere along the length of the aorta, but they typically develop first in the ascending aorta. The severity of the disease varies among affected individuals. Some people have only one or two aneurysms, while others have multiple aneurysms throughout their entire aorta. People who have",15.911289312000008
Is X-linked thrombocytopenia inherited ?,"This condition is inherited in an X-linked pattern. The gene associated with this condition is located on the X chromosome, which is one of the two sex chromosomes. In females (who have two X chromosomes), a mutation in one of the two copies of the gene in each cell may or may not cause the disorder. In males (who have only one X chromosome), a mutation in the only copy of the gene in each cell causes the disorder. In most cases of X-linked inheritance, males experience more severe symptoms of the disorder than females. A characteristic of X-linked inheritance is that fathers cannot pass X-linked traits to their sons.","How is X-linked thrombocytopenia inherited? X-linked thrombocytopenia (XLT) is an autosomal recessive condition, which means that both copies of the responsible gene in each cell have mutations. The parents of a child with an autosomal recessive condition typically each carry one copy of the mutated gene, but do not show signs and symptoms of the condition.",5.003086499000119
What are the symptoms of Gangliocytoma ?,"What are the signs and symptoms of gangliocytomas? Signs and symptoms caused by the presence of a gangliocytoma can vary depending on the tumor's location. Seizures are the most common symptom. Other symptoms may include increased brain pressure, endocrine disorders, and focal symptoms. Gangliocytomas can also be asymptomatic (cause no symptoms) and may be diagnosed incidentally on imaging studies.","What are the signs and symptoms of gangliocytoma? The Human Phenotype Ontology provides the following list of signs and symptoms for gangliocytoma. If the information is available, the table below includes how often the symptom is seen in people with this condition. You can use the MedlinePlus Medical Dictionary to look up the definitions for these medical terms. Signs and Symptoms Approximate number of patients (when available) Abnormality of movement 90% Cognitive impairment 50% EEG abnormality 7.5% Gait disturbance 7.5% Hypertonia 7.5% Muscular hypotonia 7.5% Seizures 7.5% Visual impairment 7.5% Autosomal dominant inheritance - Cerebellar atrophy - Cerebral cortical hyperplasia - Cerebellar dysgenesis - Cerebellar granule cell hyperplasia - Cerebellar neuronal loss - Cerebellar periglial gliosis - Cerebellar sclerosis - Cerebrospinal fluid flow obstruction - Decreased cerebellar Purkinje cells - Dysarthria - Dysmetria - Hemiplegia/hemiparesis - Intellectual disability - Microcephaly",16.02079492400003
What are the treatments for carnitine palmitoyltransferase I deficiency ?,These resources address the diagnosis or management of CPT I deficiency: - Baby's First Test - FOD (Fatty Oxidation Disorders) Family Support Group: Diagnostic Approach to Disorders of Fat Oxidation - Information for Clinicians - Gene Review: Gene Review: Carnitine Palmitoyltransferase 1A Deficiency - Genetic Testing Registry: Carnitine palmitoyltransferase I deficiency These resources from MedlinePlus offer information about the diagnosis and management of various health conditions: - Diagnostic Tests - Drug Therapy - Surgery and Rehabilitation - Genetic Counseling - Palliative Care,These resources address the diagnosis or management of CPAT1 deficiency: - Gene Review: Gene Review: Carnitine Palmitoyltransferase 1A Deficiency - Genetic Testing Registry: Carnitine palmitoyl transferase 1a deficiency These resources from MedlinePlus offer information about the diagnosis and management of various health conditions: - Diagnostic Tests - Drug Therapy - Surgery and Rehabilitation - Genetic Counseling - Palliative Care,5.436124496000048
What is (are) Hemochromatosis ?,"Hemochromatosis is a condition in which too much iron builds up in the body (iron overload). Accumulation of iron in the organs is toxic and can result in organ failure. While many organs can be affected, it may especially affect the liver, heart, and pancreas. Symptoms of hemochromatosis tend to develop gradually and often don't appear until middle age or later. The condition may not be diagnosed until iron accumulation is excessive. Early symptoms may be vague, such as fatigue or weakness. Other symptoms or features may include joint pain, abdominal pain, loss of sex drive, arthritis, liver disease, diabetes, heart problems, and skin discoloration. Hemochromatosis may be hereditary or acquired (secondary) due to another condition such as anemia, chronic liver disease, or an infection. There is also a neonatal form. Hereditary hemochromatosis is classified by type based on age of onset, genetic cause and mode of inheritance: Hemochromotosis type 1 Hemochromatosis type 2 Hemochromatosis type 3 Hemochromatosis type 4 Treatment usually involves removing blood (phlebotomy), which prevents additional organ damage but does not reverse existing damage.","Hemochromatosis is a disease in which too much iron builds up in the body. The excess iron damages organs and tissues, causing problems such as heart failure, liver damage, diabetes, arthritis, and skin changes. It can also cause joint pain, fatigue, and weight loss. There are two types of hemochromatosis: primary and secondary. Primary hemochromatosis is caused by an inherited gene mutation that causes the body to absorb more iron than normal from food or supplements. Secondary hemochromatosis occurs when another condition or factor increases the amount of iron absorbed into the bloodstream. Examples include chronic blood loss due to conditions like peptic ulcer disease; alcoholism; and certain diseases, including thalassemia major, sickle cell disease, and hereditary hemochromatosis. Inherited genetic mutations for both types of hemochromatosis are passed down through families.",11.583585144999915
What are the symptoms of Intestinal Pseudo-obstruction ?,"Intestinal pseudo-obstruction symptoms may include - abdominal swelling or bloating, also called distension - abdominal pain - nausea - vomiting - constipation - diarrhea Over time, the condition can cause malnutrition, bacterial overgrowth in the intestines, and weight loss. Malnutrition is a condition that develops when the body does not get the right amount of the vitamins, minerals, and other nutrients it needs to maintain healthy tissues and organ function. Some people develop problems with their esophagus, stomach, or bladder.","The signs and symptoms of intestinal pseudo-obstruction vary from person to person. The most common symptom is abdominal pain, which may be constant or intermittent. Other symptoms include - nausea - vomiting - constipation - diarrhea - weight loss - bloating - a feeling that food is stuck in the intestines - difficulty swallowing - weakness - fatigue - dizziness - fainting",4.49999440900001
What causes Problems with Smell ?,"Problems with smell happen for many reasons, some clearer than others. Loss of smell may be permanent or temporary, depending on the cause. Effects of Aging As with vision and hearing, people gradually lose their ability to smell as they get older. Smell that declines with age is called presbyosmia and is not preventable. Age is only one of the many reasons that problems with smell can occur. Most people who develop a problem with smell have recently had an illness or injury. Common Causes The common causes of smell disorders are - sinus and upper respiratory infections - aging - smoking - nasal polyps - head injury - allergies - hormonal disturbances - dental problems - exposure to certain chemicals - numerous medications - radiation for treatment of head and neck cancers - diseases of the nervous system. sinus and upper respiratory infections aging smoking nasal polyps head injury allergies hormonal disturbances dental problems exposure to certain chemicals numerous medications radiation for treatment of head and neck cancers diseases of the nervous system. Sinus and Upper Respiratory Infections. The most common causes of smell problems are the common cold and chronic nasal or sinus infection. Respiratory infections such as the flu can lead to smell disorders. Swollen sinuses and nasal passages often result in problems with smell because the odors in the air do not have good access to the olfactory sensory cells. These conditions may cause total or partial loss of smell. The problem usually diminishes or goes away when the underlying medical condition clears up. Aging. Problems with smell become more common as people get older. A person's sense of smell generally declines when he or she is over 60. Smoking. Tobacco smoking is the most concentrated form of pollution that most people are exposed to. It impairs the ability to identify and enjoy odors. Nasal Polyps. Loss of smell can be caused by nasal polyps, which are small, non-cancerous growths in the nose or sinuses that can block the ability of odors to reach olfactory sensory cells high up in the nose. In rare cases, benign non-malignant tumors grow on the olfactory nerves leading to the brain, causing a loss of smell. Previous surgery or trauma to the head can impair your sense of smell because the olfactory nerves may be cut, blocked, or physically damaged. Automobile accidents are among the most frequent causes of trauma to the face and head. Allergies. If your smell disorder is caused by allergies and seasonal nasal congestion, you should avoid allergens, such as ragweed, grasses, and pet dander. Exposure to Certain Chemicals. Sometimes exposure to certain chemicals, such as insecticides and solvents, can permanently damage the sense of smell. Medications. If you are taking certain medicines, you may notice a change in your ability to smell. Certain medications, including some common antibiotics and antihistamines, can cause problems with smell. The sense of smell usually returns to normal when you stop taking the medicine. Radiation Treatment. People with head and neck cancers who receive radiation treatment to the nose and mouth regions commonly experience problems with their sense of smell and taste as an unfortunate side effect. Older people who have lost their larynx or voice box commonly complain of poor ability to smell and taste. Diseases of the Nervous System. Sometimes a problem with smell can be a sign of a more serious health problem. This might include diseases of the nervous system, such as Parkinson's disease or Alzheimer's disease. Loss of smell may be the first sign that something is wrong. Check with your doctor if you've been experiencing a problem with your sense of smell for a while. You may be able to prevent or get early treatment for a more serious health problem.","Smell problems can be caused by many things, including - aging - head injuries - nasal surgery or other procedures that damage the nose - infections of the sinuses and throat - allergies - tumors in the nose or brain - diseases such as Alzheimer's disease, Parkinson's disease, and multiple sclerosis - medicines - genetic disorders",3.966404933999911
How to diagnose Laryngeal Cancer ?,"Tests that examine the throat and neck are used to help detect (find), diagnose, and stage laryngeal cancer.The following tests and procedures may be used: - Physical exam of the throat and neck: An exam to check the throat and neck for abnormal areas. The doctor will feel the inside of the mouth with a gloved finger and examine the mouth and throat with a small long-handled mirror and light. This will include checking the insides of the cheeks and lips; the gums; the back, roof, and floor of the mouth; the top, bottom, and sides of the tongue; and the throat. The neck will be felt for swollen lymph nodes. A history of the patients health habits and past illnesses and medical treatments will also be taken. - Biopsy : The removal of cells or tissues so they can be viewed under a microscope by a pathologist to check for signs of cancer. The sample of tissue may be removed during one of the following procedures: - Laryngoscopy : A procedure to look at the larynx (voice box) for abnormal areas. A mirror or a laryngoscope (a thin, tube-like instrument with a light and a lens for viewing) is inserted through the mouth to see the larynx. A special tool on the laryngoscope may be used to remove samples of tissue. - Endoscopy : A procedure to look at organs and tissues inside the body, such as the throat, esophagus, and trachea to check for abnormal areas. An endoscope (a thin, lighted tube with a light and a lens for viewing) is inserted through an opening in the body, such as the mouth. A special tool on the endoscope may be used to remove samples of tissue. - CT scan (CAT scan): A procedure that makes a series of detailed pictures of areas inside the body, taken from different angles. The pictures are made by a computer linked to an x-ray machine. A dye may be injected into a vein or swallowed to help the organs or tissues show up more clearly. This procedure is also called computed tomography, computerized tomography, or computerized axial tomography. - MRI (magnetic resonance imaging): A procedure that uses a magnet, radio waves, and a computer to make a series of detailed pictures of areas inside the body. This procedure is also called nuclear magnetic resonance imaging (NMRI). - PET scan (positron emission tomography scan): A procedure to find malignant tumor cells in the body. A small amount of radioactive glucose (sugar) is injected into a vein. The PET scanner rotates around the body and makes a picture of where glucose is being used in the body. Malignant tumor cells show up brighter in the picture because they are more active and take up more glucose than normal cells do. - Bone scan : A procedure to check if there are rapidly dividing cells, such as cancer cells, in the bone. A very small amount of radioactive material is injected into a vein and travels through the bloodstream. The radioactive material collects in the bones and is detected by a scanner. - Barium swallow : A series of x-rays of the esophagus and stomach. The patient drinks a liquid that contains barium (a silver-white metallic compound). The liquid coats the esophagus and stomach, and x-rays are taken. This procedure is also called an upper GI series.","Tests that examine the larynx are used to detect (find) and diagnose laryngeal cancer. The following tests and procedures may be used: - Physical exam and history : An exam of the body to check general signs of health, including checking for signs of disease, such as lumps or anything else that seems unusual. A history of the patients health habits and past illnesses and treatments will also be taken. - Laryngoscopy : Examining the larynx with a lighted tube called an endoscope. An endoscope is inserted through the mouth or nose into the throat. Pictures from the endoscope can be shown on a video monitor. - Biopsy : The removal of cells or tissues so they can be viewed under a microscope by a pathologist to check for signs of cancer. - CT scan (CAT scan): A procedure that makes a series of detailed pictures of areas inside the body, taken from different angles. The pictures are made by a computer linked to an x-ray machine. A dye may be injected into a vein or swallowed to help the organs or tissues show up more clearly. This procedure is also called computed tomography, computerized tomography, or computerized axial tomography. - MRI (magnetic resonance imaging): A procedure",15.80719360299986
what research (or clinical trials) is being done for Pinched Nerve ?,"Within the NINDS research programs, pinched nerves are addressed primarily through studies associated with pain research. NINDS vigorously pursues a research program seeking new treatments for pain and nerve damage with the ultimate goal of reversing debilitating conditions such as pinched nerves.","The National Institute of Neurological Disorders and Stroke (NINDS), a part of the National Institutes of Health, conducts research related to pinched nerve in its laboratories at the National Institutes of Health, and also supports additional research through grants to major medical institutions across the country. Much of this research focuses on finding better ways to prevent, treat, and ultimately cure disorders such as carpal tunnel syndrome.",5.126341076000017
Is Bartter syndrome inherited ?,"How is Bartter syndrome inherited? Bartter syndrome is inherited in an autosomal recessive manner, which means that both copies of the disease-causing gene (one inherited from each parent) have a mutation in an affected individual. Parents who each carry one mutated copy of the gene are referred to as carriers and typically do not have signs or symptoms of the condition. When two carriers for an autosomal recessive condition have children, each child has a 25% (1 in 4) risk to have the condition, a 50% (1 in 2) risk to be a carrier like each of the parents, and a 25% chance to not have the condition and not be a carrier. Click here to visit the Genetic Home Reference Web site and view an illustration that demonstrates autosomal recessive inheritance.","This condition is inherited in an autosomal recessive pattern, which means both copies of the gene in each cell have mutations. The parents of an individual with an autosomal recessive condition each carry one copy of the mutated gene, but they typically do not show signs and symptoms of the condition.",3.692382829999815
How to prevent What I need to know about Gestational Diabetes ?,"You can do a lot to prevent or delay type 2 diabetes by making these lifestyle changes: - Reach and stay at a healthy weight. Try to reach your prepregnancy weight 6 to 12 months after your baby is born. Then, if you still weigh too much, work to lose at least 5 to 7 percent of your body weight and keep it off. For example, if you weigh 200 pounds, losing 10 to 14 pounds can greatly reduce your chance of getting diabetes. - Be physically active for at least 30 minutes most days of the week. - Follow a healthy eating plan. Eat more grains, fruits, and vegetables. Cut down on fat and calories. Your health care team can help you design a meal plan. - Ask your doctor if you should take the diabetes medicine metformin. Metformin can lower your chances of having type 2 diabetes, especially if you are younger and heavier and have prediabetes or if you have had gestational diabetes. These changes can help you enjoy a longer, healthier life. Your health care team can give you information and support to help you make these changes. By delaying or preventing type 2 diabetes, you will also lower your chances of having heart and blood vessel disease and other problems as you get older. Talk with your doctor if you are thinking about having another baby. For the safety of your baby, your blood glucose needs to be at healthy levels before you get pregnant again. Your doctor can help ensure you are ready for your next child.","- Gestational diabetes is a type of diabetes that occurs during pregnancy. - Women who have gestational diabetes are at risk for developing type 2 diabetes later in life. - You can lower your chance of getting gestational diabetes by eating healthy foods, being physically active, and maintaining a healthy weight before becoming pregnant. - If you have gestational diabetes, you will need to check your blood glucose levels more often than women without the condition. - Your health care provider may recommend insulin or oral medications if you have gestational diabetes. - If you have gestational diabetes, you should be tested for diabetes after your baby is born.",7.8871723260001545
How to diagnose Heart Failure ?,"Diagnosing Heart Failure There is not one specific test to diagnose heart failure. Because the symptoms are common for other conditions, your doctor will determine if you have heart failure by doing a detailed medical history, an examination, and several tests. The tests will identify whether you have any diseases or conditions that can cause heart failure. They will also rule out any other causes of your symptoms and determine the amount of damage to your heart. During a physical examination, you can expect your doctor to listen to your heart for abnormal sounds and listen to your lungs for a buildup of fluid. Your doctor will also look for swelling in your ankles, feet, legs, abdomen, and in the veins in your neck If your doctor determines that you have signs of heart failure, he or she may order several tests. Diagnostic Tests Tests that are given to determine heart failure include an electrocardiogram (EKG or ECG), a chest x-ray, and a BNP blood test. An EKG or ECG -- electrocardiogram -- measures the rate and regularity of your heartbeat. This test can also show if you have had a heart attack and whether the walls of your heart have thickened. A chest X-ray takes a picture of your heart and lungs. It will show whether your heart is enlarged or your lungs have fluid in them, both signs of heart failure. A BNP blood test measures the level of a hormone in your blood called BNP -- brain natriuretic peptide -- that increases in heart failure. Once these initial tests have been performed, your doctor may decide to send you to a cardiologist, a specialist in the diagnosis and treatment of heart disease. A cardiologist will perform a physical exam and may order other tests. Other Tests Tests that can identify the cause of heart failure include an echocardiogram, a Holter monitor, and an exercise stress test. An echocardiogram is one of the most useful tests for diagnosing heart failure. This test uses sound waves to create a picture of the heart and shows how well the heart is filling with blood. Your doctor uses this test to determine whether any areas of your heart are damaged. A Holter monitor, which is a small box that is attached to patches placed on your chest. The monitor, which is worn for 24 hours, provides a continuous recording of heart rhythm during normal activity. An exercise stress test captures your EKG and blood pressure before, during, or after exercise to see how your heart responds to exercise. This test tells doctors how your heart responds to activity.","Your doctor will diagnose heart failure based on your medical history, a physical exam, and test results. Your doctor may use the following tests to help make a diagnosis: - Echocardiogram (echo). This test uses sound waves to create pictures of the size and shape of your heart and how blood flows through it. An echocardiogram can show whether you have an enlarged heart or fluid buildup in your lungs. It also shows how well your heart is pumping blood. - Chest x ray. A chest x ray takes pictures of the structures inside your chest, such as your heart, lungs, and blood vessels. The x rays can show whether your heart is enlarged and whether there are any signs of lung disease. - Stress test. During this test, you exercise while connected to equipment that monitors your heart rate, rhythm, and blood pressure. If you cannot exercise, you may be given medicine to raise your heart rate. The stress test helps your doctor see how well your heart works when your heart has to work harder than usual. - Cardiac catheterization. This procedure involves inserting a thin tube into a vein or artery in your arm or leg and threading it up to your heart. The tube is called a catheter. The procedure lets your doctor measure the",15.86779654299994
What causes Polycythemia Vera ?,"Primary Polycythemia Polycythemia vera (PV) also is known as primary polycythemia. A mutation, or change, in the body's JAK2 gene is the main cause of PV. The JAK2 gene makes a protein that helps the body produce blood cells. What causes the change in the JAK2 gene isn't known. PV generally isn't inheritedthat is, passed from parents to children through genes. However, in some families, the JAK2 gene may have a tendency to mutate. Other, unknown genetic factors also may play a role in causing PV. Secondary Polycythemia Another type of polycythemia, called secondary polycythemia, isn't related to the JAK2 gene. Long-term exposure to low oxygen levels causes secondary polycythemia. A lack of oxygen over a long period can cause your body to make more of the hormone erythropoietin (EPO). High levels of EPO can prompt your body to make more red blood cells than normal. This leads to thicker blood, as seen in PV. People who have severe heart or lung disease may develop secondary polycythemia. People who smoke, spend long hours at high altitudes, or are exposed to high levels of carbon monoxide where they work or live also are at risk. For example, working in an underground parking garage or living in a home with a poorly vented fireplace or furnace can raise your risk for secondary polycythemia. Rarely, tumors can make and release EPO, or certain blood problems can cause the body to make more EPO. Sometimes doctors can cure secondary polycythemiait depends on whether the underlying cause can be stopped, controlled, or cured.","The exact cause of polycythemia vera (PV) is unknown. Researchers believe that PV may be caused by a mutation in the JAK2 gene, which plays an important role in regulating blood cell production and function. The mutation occurs spontaneously or as a result of exposure to certain chemicals such as benzene. Benzene is found in cigarette smoke; gasoline fumes; paint thinners; glues; and other products.",5.436471648000179
"What is (are) 46,XX testicular disorder of sex development ?","46,XX testicular disorder of sex development is a condition in which individuals with two X chromosomes in each cell, the pattern normally found in females, have a male appearance. People with this disorder have male external genitalia. They generally have small testes and may also have abnormalities such as undescended testes (cryptorchidism) or the urethra opening on the underside of the penis (hypospadias). A small number of affected people have external genitalia that do not look clearly male or clearly female (ambiguous genitalia). Affected children are typically raised as males and have a male gender identity. At puberty, most affected individuals require treatment with the male sex hormone testosterone to induce development of male secondary sex characteristics such as facial hair and deepening of the voice (masculinization). Hormone treatment can also help prevent breast enlargement (gynecomastia). Adults with this disorder are usually shorter than average for males and are unable to have children (infertile).","46,XX TSDD is a condition that affects the development of male reproductive organs. In most cases, affected individuals are born with undescended testes (cryptorchidism), which can lead to infertility and other health problems later in life. The signs and symptoms of this condition vary widely among affected people. Some have mild features such as small testicles or an unusually large penis; others have more severe abnormalities including underdeveloped genitalia, ambiguous external genitalia, and/or internal reproductive organs that do not develop properly. Affected males may also be shorter than average and experience delayed puberty.",7.580615067000053
What are the symptoms of Dermatoleukodystrophy ?,"What are the signs and symptoms of Dermatoleukodystrophy? The Human Phenotype Ontology provides the following list of signs and symptoms for Dermatoleukodystrophy. If the information is available, the table below includes how often the symptom is seen in people with this condition. You can use the MedlinePlus Medical Dictionary to look up the definitions for these medical terms. Signs and Symptoms Approximate number of patients (when available) Cognitive impairment 90% Hyperkeratosis 90% Morphological abnormality of the central nervous system 90% Hyperreflexia 50% Abnormality of metabolism/homeostasis - Autosomal recessive inheritance - Large hands - Leukodystrophy - Long foot - Macrotia - Premature skin wrinkling - Progeroid facial appearance - Prominent nose - Thickened skin - The Human Phenotype Ontology (HPO) has collected information on how often a sign or symptom occurs in a condition. Much of this information comes from Orphanet, a European rare disease database. The frequency of a sign or symptom is usually listed as a rough estimate of the percentage of patients who have that feature. The frequency may also be listed as a fraction. The first number of the fraction is how many people had the symptom, and the second number is the total number of people who were examined in one study. For example, a frequency of 25/25 means that in a study of 25 people all patients were found to have that symptom. Because these frequencies are based on a specific study, the fractions may be different if another group of patients are examined. Sometimes, no information on frequency is available. In these cases, the sign or symptom may be rare or common.","What are the signs and symptoms of Dermatoleukodystrophy? The Human Phenotype Ontology provides the following list of signs and symptoms for Dermatoleukodystrophy. If the information is available, the table below includes how often the symptom is seen in people with this condition. You can use the MedlinePlus Medical Dictionary to look up the definitions for these medical terms. Signs and Symptoms Approximate number of patients (when available) Abnormality of the skin 90% Aplasia/Hypoplasia affecting the eye 90% Cognitive impairment 90% Depressed nasal bridge 90% Hypertonia 90% Muscular hypotonia 90% Nystagmus 90% Optic atrophy 90% Seizures 90% Strabismus 90% Visual impairment 90% Abnormality of the perianal region 50% Abnormality of the teeth 50% Abnormality of the tongue 50% Cataract 50% Delayed skeletal maturation 50% Gait disturbance 50% Hearing impairment 50% Incoordination 50% Microcephaly",15.789460383000005
What are the treatments for Abetalipoproteinemia ?,"How might abetalipoproteinemia be treated? A nutritionist or other qualified medical professional should be consulted for specific dietary instruction in people with abetalipoproteinemia. Treatment involves very large doses of vitamin E, as well as large doses of vitamin supplements containing other fat-soluble vitamins (vitamin A, vitamin D, and vitamin K). Linoleic acid supplements are also recommended. Several diet changes and/or restrictions are also needed to prevent stomach problems. A low-fat diet may help with digestive symptoms; medium chain triglycerides may be used (under supervision of a specialist) as a source of fat in the diet. Management in adults typically focuses on specific complications associated with the disorder, and depends on the signs and symptoms present. Affected people may need consultations with several other types of specialists, including a lipidologist, gastroenterologist, hepatologist, ophthalmologist, and neurologist.","How might abetalipoproteinemia be treated? There is no cure for abetalipoproteinemia. Treatment focuses on preventing and managing complications of the condition, such as: - Cholesterol levels in the blood may need to be monitored closely. High cholesterol can lead to atherosclerosis (hardening of the arteries) which increases the risk of heart attack or stroke. - A diet low in fat and high in fiber should be followed. This will help reduce the amount of fat that enters the bloodstream. - People with abetalipoproteinemia should avoid foods containing hydrogenated oils, trans fats, and saturated fats. These types of fats increase the risk of cardiovascular disease. - Regular exercise is recommended.",8.793225529999972
What is the outlook for Diabetic Neuropathy ?,"The prognosis for diabetic neuropathy depends largely on how well the underlying condition of diabetes is handled. Treating diabetes may halt progression and improve symptoms of the neuropathy, but recovery is slow. The painful sensations of diabetic neuropathy may become severe enough to cause depression in some patients.","The prognosis of diabetic neuropathy depends on its severity and whether it has been diagnosed early. Early diagnosis allows treatment to begin before nerve damage becomes permanent, which can prevent or slow further nerve damage.",2.4955641859999105
What is (are) Giant axonal neuropathy ?,"Giant axonal neuropathy (GAN) is a neurodegenerative disorder characterized by abnormally large and dysfunctional axons (the specialized extensions of nerve cells that are required for the transmission of nerve impulses). The condition typically appears in infancy or early childhood with severe peripheral motor and sensory neuropathy (affecting movement and sensation in the arms and legs). Early signs include difficulty walking, lack of coordination, and loss of strength. Over time, the central nervous system (brain and spinal cord) becomes involved, causing a gradual decline in mental function, loss of control of body movements, and seizures. Giant axonal neuropathy is caused by mutations in the GAN gene. It follows and autosomal dominant pattern of inheritance. Management is directed by a multidisciplinary team with the goal of optimizing intellectual and physical development.","Giant axonal neuropathy is a rare disorder that affects the nervous system. It causes progressive loss of nerve cells in the brain and spinal cord (central nervous system), which leads to muscle weakness, ataxia, and other neurological problems. The signs and symptoms of giant axonal neuropathy usually begin between ages 2 and 18 years. They may include difficulty coordinating movements (ataxia); involuntary jerking or twitching movements; muscle wasting; and abnormal sensations such as tingling, burning, or pain. Some people with this condition also have intellectual disability. In most cases, the signs and symptoms worsen over time. However, some affected individuals experience periods of stability for several months or even years before their condition gets worse.",9.290518520999967
What is (are) Arts syndrome ?,"Arts syndrome is characterized by sensorineural hearing loss and serious neurological and immune system problems in males. Females can also be affected by this condition, but they typically have much milder symptoms. Arts syndrome is caused by mutations in the PRPS1 gene which is located on the X chromosome. It is inherited in an X-linked recessive manner.","Arts syndrome is a rare genetic condition characterized by distinctive facial features, intellectual disability and behavioral problems. The signs and symptoms of this disorder vary widely among affected individuals. People with Arts syndrome have distinctive facial features that include an upturned nose; a wide nasal bridge; a prominent forehead; large ears; and a small chin. They also typically have short fingers and toes (brachydactyly). Intellectual disability is present in most people with Arts syndrome, but the severity varies from mild to severe. Other common features of this disorder include delayed development of speech and language skills; difficulty learning new information or concepts; poor judgment; and attention deficit hyperactivity disorder (ADHD). Some affected individuals may be prone to seizures. In addition, they often experience mood swings, depression, anxiety, and other emotional disturbances.",10.14433305700004
What is (are) Carnitine palmitoyltransferase 2 deficiency ?,"Carnitine palmitoyltransferase 2 (CPT2) deficiency is a condition that prevents the body from using certain fats for energy, particularly during periods without food (fasting). There are three main types of CPT2 deficiency: a lethal neonatal form, a severe infantile hepatocardiomuscular form, and a myopathic form. The neonatal and infantile forms are severe multisystemic diseases characterized by liver failure with hypoketotic hypoglycemia (extremely low levels of ketones (substances produced when fat cells break down in the blood) and low blood sugar), cardiomyopathy, seizures, and early death. The myopathic form is characterized by exercise-induced muscle pain and weakness and occasional myoglobinuria (rust-colored urine indicating breakdown of muscle tissue). Mutations in the CPT2 gene cause CPT2 deficiency. It is inherited in an autosomal recessive pattern. Treatment is based on avoidance of prolonged fasting and a low-fat and high-carbohydrate diet.","Carnitine palmitoyltransferase 2 deficiency, also known as carnitine palmitoyltransferase II deficiency or CPTII deficiency, is a rare inherited disorder that affects the body's ability to use fats for energy. Signs and symptoms of this condition typically appear in early childhood but may not be apparent until later in life. The most common features are muscle weakness and wasting (atrophy), which can cause difficulty with walking; delayed development; and problems with feeding and swallowing. Some affected individuals have an enlarged liver (hepatomegaly). Other signs and symptoms include heart abnormalities such as abnormal electrical activity of the heart (arrhythmia); high blood pressure (hypertension); and kidney dysfunction. In some cases, people with CPTII deficiency develop diabetes mellitus type 1, which occurs when the pancreas does not produce enough insulin. This form of diabetes is called juvenile-onset diabetes because it usually appears during childhood or adolescence.",12.287602358999948
"What are the symptoms of Hypocalcemia, autosomal dominant ?","What are the signs and symptoms of Hypocalcemia, autosomal dominant? The Human Phenotype Ontology provides the following list of signs and symptoms for Hypocalcemia, autosomal dominant. If the information is available, the table below includes how often the symptom is seen in people with this condition. You can use the MedlinePlus Medical Dictionary to look up the definitions for these medical terms. Signs and Symptoms Approximate number of patients (when available) Behavioral abnormality 90% EMG abnormality 90% Flexion contracture 90% Hypercalciuria 90% Hypocalcemia 90% Involuntary movements 90% Paresthesia 90% Abdominal pain 50% Abnormal pattern of respiration 50% Abnormality of the fingernails 50% Alopecia 50% Arrhythmia 50% Dry skin 50% Hyperphosphatemia 50% Hypotension 50% Nephrolithiasis 50% Congestive heart failure 7.5% Eczema 7.5% Increased intracranial pressure 7.5% Irregular hyperpigmentation 7.5% Optic atrophy 7.5% Reduced bone mineral density 7.5% Reduced consciousness/confusion 7.5% The Human Phenotype Ontology (HPO) has collected information on how often a sign or symptom occurs in a condition. Much of this information comes from Orphanet, a European rare disease database. The frequency of a sign or symptom is usually listed as a rough estimate of the percentage of patients who have that feature. The frequency may also be listed as a fraction. The first number of the fraction is how many people had the symptom, and the second number is the total number of people who were examined in one study. For example, a frequency of 25/25 means that in a study of 25 people all patients were found to have that symptom. Because these frequencies are based on a specific study, the fractions may be different if another group of patients are examined. Sometimes, no information on frequency is available. In these cases, the sign or symptom may be rare or common.","What are the signs and symptoms of Hypocalcemia, autosomal dominant? The Human Phenotype Ontology provides the following list of signs and symptoms for Hypocalcemia, autosomal dominant. If the information is available, the table below includes how often the symptom is seen in people with this condition. You can use the MedlinePlus Medical Dictionary to look up the definitions for these medical terms. Signs and Symptoms Approximate number of patients (when available) Abnormality of metabolism/homeostasis - Autosomal dominant inheritance - Hypercalcemia - Hypoparathyroidism - Seizures - The Human Phenotype Ontology (HPO) has collected information on how often a sign or symptom occurs in a condition. Much of this information comes from Orphanet, a European rare disease database. The frequency of a sign or symptom is usually listed as a rough estimate of the percentage of patients who have that feature. The frequency may also be listed as a fraction. The first number of the fraction is how many people had the symptom, and the second number is the total number of people who were examined in one study. For example, a frequency of 25/25 means that in a study of 25 people all patients were found to have",15.8029629629998
What is the outlook for Farber's Disease ?,"Most children with the classic form of Farbers disease die by age 2, usually from lung disease. Children born with the most severe form of the disease usually die within 6 months, while individuals having a milder form of the disease may live into their teenage years or young adulthood.","The prognosis of Farber's disease varies depending on the severity of the condition. Some people with mild forms of the disorder may not have any symptoms or complications, while others develop severe liver and kidney problems that can be life-threatening.",2.8917429880000327
How many people are affected by Cyclic Vomiting Syndrome ?,"Cyclic vomiting syndrome is more common in children than adults, although reports of the syndrome in adults have increased in recent years.1 Usually, children are about 5 years old when diagnosed with cyclic vomiting syndrome, which occurs in every three out of 100,000 children.2","Cyclic vomiting syndrome is a rare disorder. It affects about 1 in 50,000 to 200,000 people worldwide.",2.1955162419999397
What are the treatments for Varicose Veins ?,"Varicose veins are treated with lifestyle changes and medical procedures. The goals of treatment are to relieve symptoms, prevent complications, and improve appearance. If varicose veins cause few symptoms, your doctor may simply suggest making lifestyle changes. If your symptoms are more severe, your doctor may recommend one or more medical procedures. For example, you may need a medical procedure if you have a lot of pain, blood clots, or skin disorders caused by your varicose veins. Some people who have varicose veins choose to have procedures to improve how their veins look. Although treatment can help existing varicose veins, it can't keep new varicose veins from forming. Lifestyle Changes Lifestyle changes often are the first treatment for varicose veins. These changes can prevent varicose veins from getting worse, reduce pain, and delay other varicose veins from forming. Lifestyle changes include the following: Avoid standing or sitting for long periods without taking a break. When sitting, avoid crossing your legs. Keep your legs raised when sitting, resting, or sleeping. When you can, raise your legs above the level of your heart. Do physical activities to get your legs moving and improve muscle tone. This helps blood move through your veins. If you're overweight or obese, try to lose weight. This will improve blood flow and ease the pressure on your veins. Avoid wearing tight clothes, especially those that are tight around your waist, groin (upper thighs), and legs. Tight clothes can make varicose veins worse. Avoid wearing high heels for long periods. Lower heeled shoes can help tone your calf muscles. Toned muscles help blood move through the veins. Your doctor may recommend compression stockings. These stockings create gentle pressure up the leg. This pressure keeps blood from pooling and decreases swelling in the legs. There are three types of compression stockings. One type is support pantyhose. These offer the least amount of pressure. A second type is over-the-counter compression hose. These stockings give a little more pressure than support pantyhose. Over-the-counter compression hose are sold in medical supply stores and pharmacies. Prescription-strength compression hose are the third type of compression stockings. These stockings offer the greatest amount of pressure. They also are sold in medical supply stores and pharmacies. However, you need to be fitted for them in the store by a specially trained person. Medical Procedures Medical procedures are done either to remove varicose veins or to close them. Removing or closing varicose veins usually doesn't cause problems with blood flow because the blood starts moving through other veins. You may be treated with one or more of the procedures described below. Common side effects right after most of these procedures include bruising, swelling, skin discoloration, and slight pain. The side effects are most severe with vein stripping and ligation (li-GA-shun). Rarely, this procedure can cause severe pain, infections, blood clots, and scarring. Sclerotherapy Sclerotherapy (SKLER-o-ther-ah-pe) uses a liquid chemical to close off a varicose vein. The chemical is injected into the vein to cause irritation and scarring inside the vein. The irritation and scarring cause the vein to close off, and it fades away. This procedure often is used to treat smaller varicose veins and spider veins. It can be done in your doctor's office, while you stand. You may need several treatments to completely close off a vein. Treatments typically are done every 4 to 6 weeks. Following treatments, your legs will be wrapped in elastic bandaging to help with healing and decrease swelling. Microsclerotherapy Microsclerotherapy (MI-kro-SKLER-o-ther-ah-pe) is used to treat spider veins and other very small varicose veins. A small amount of liquid chemical is injected into a vein using a very fine needle. The chemical scars the inner lining of the vein, causing it to close off. Laser Surgery This procedure applies light energy from a laser onto a varicose vein. The laser light makes the vein fade away. Laser surgery mostly is used to treat smaller varicose veins. No cutting or injection of chemicals is involved. Endovenous Ablation Therapy Endovenous ablation (ab-LA-shun) therapy uses lasers or radiowaves to create heat to close off a varicose vein. Your doctor makes a tiny cut in your skin near the varicose vein. He or she then inserts a small tube called a catheter into the vein. A device at the tip of the tube heats up the inside of the vein and closes it off. You'll be awake during this procedure, but your doctor will numb the area around the vein. You usually can go home the same day as the procedure. Endoscopic Vein Surgery For endoscopic (en-do-SKOP-ik) vein surgery, your doctor will make a small cut in your skin near a varicose vein. He or she then uses a tiny camera at the end of a thin tube to move through the vein. A surgical device at the end of the camera is used to close the vein. Endoscopic vein surgery usually is used only in severe cases when varicose veins are causing skin ulcers (sores). After the procedure, you usually can return to your normal activities within a few weeks. Ambulatory Phlebectomy For ambulatory phlebectomy (fle-BEK-to-me), your doctor will make small cuts in your skin to remove small varicose veins. This procedure usually is done to remove the varicose veins closest to the surface of your skin. You'll be awake during the procedure, but your doctor will numb the area around the vein. Usually, you can go home the same day that the procedure is done. Vein Stripping and Ligation Vein stripping and ligation typically is done only for severe cases of varicose veins. The procedure involves tying shut and removing the veins through small cuts in your skin. You'll be given medicine to temporarily put you to sleep so you don't feel any pain during the procedure. Vein stripping and ligation usually is done as an outpatient procedure. The recovery time from the procedure is about 1 to 4 weeks.","Treatment of varicose veins depends on their severity. Mild symptoms may be treated with compression stockings, which help to reduce swelling and relieve pain. More severe symptoms require medical or surgical treatment. Medical Treatment Medical procedures that treat varicose veins include sclerotherapy, endovenous laser therapy (EVLT), and radiofrequency ablation. Sclerotherapy is a minimally invasive procedure in which a doctor injects medication into the vein to cause it to close off. Endovenous laser therapy uses a high-energy light beam to seal off the vein. Radiofrequency ablation uses heat energy from an electrical current to seal off the vein. All three procedures can be performed at your doctors office or hospital. The effectiveness of these procedures varies depending on the size and location of the varicose veins. EVLT has been shown to be more effective than sclerotherapy for treating superficial varicose veins. However, both procedures have similar success rates when used to treat deep vein insufficiency. Surgery Surgery is usually reserved for patients who do not respond to nonsurgical treatments or whose varicose veins are causing significant discomfort or disability. Surgical options include: - Ligation and stripping. In this procedure, the surgeon makes small incisions near the affected vein and ties off the",15.936315189000197
Is Langerhans cell histiocytosis inherited ?,"Is Langerhans cell histiocytosis inherited? Although Langerhans cell histiocytosis is generally considered a sporadic, non-hereditary condition, it has reportedly affected more than one individual in a family in a very limited number of cases (particularly identical twins).",This condition is not known to have an inherited pattern of inheritance.,0.8808925260000251
What are the treatments for Coffin-Lowry syndrome ?,These resources address the diagnosis or management of Coffin-Lowry syndrome: - Gene Review: Gene Review: Coffin-Lowry Syndrome - Genetic Testing Registry: Coffin-Lowry syndrome These resources from MedlinePlus offer information about the diagnosis and management of various health conditions: - Diagnostic Tests - Drug Therapy - Surgery and Rehabilitation - Genetic Counseling - Palliative Care,These resources address the diagnosis or management of Coffin-Lowry syndrome: - Gene Review: Gene Review: Coffin-Lowry Syndrome - Genetic Testing Registry: Coffin-Lowry syndrome These resources from MedlinePlus offer information about the diagnosis and management of various health conditions: - Diagnostic Tests - Drug Therapy - Surgery and Rehabilitation - Genetic Counseling - Palliative Care,4.734901922000063
What are the symptoms of Kohlschutter Tonz syndrome ?,"What are the signs and symptoms of Kohlschutter Tonz syndrome? The Human Phenotype Ontology provides the following list of signs and symptoms for Kohlschutter Tonz syndrome. If the information is available, the table below includes how often the symptom is seen in people with this condition. You can use the MedlinePlus Medical Dictionary to look up the definitions for these medical terms. Signs and Symptoms Approximate number of patients (when available) Abnormality of dental color 90% Abnormality of dental enamel 90% Developmental regression 90% EEG abnormality 90% Hypertonia 90% Seizures 90% Hypohidrosis 50% Hydrocephalus 7.5% Short stature 7.5% Amelogenesis imperfecta - Ataxia - Autosomal recessive inheritance - Cerebellar hypoplasia - Cerebral atrophy - Dementia - Epileptic encephalopathy - Hypoplasia of dental enamel - Hypsarrhythmia - Intellectual disability, severe - Spasticity - Variable expressivity - Ventriculomegaly - The Human Phenotype Ontology (HPO) has collected information on how often a sign or symptom occurs in a condition. Much of this information comes from Orphanet, a European rare disease database. The frequency of a sign or symptom is usually listed as a rough estimate of the percentage of patients who have that feature. The frequency may also be listed as a fraction. The first number of the fraction is how many people had the symptom, and the second number is the total number of people who were examined in one study. For example, a frequency of 25/25 means that in a study of 25 people all patients were found to have that symptom. Because these frequencies are based on a specific study, the fractions may be different if another group of patients are examined. Sometimes, no information on frequency is available. In these cases, the sign or symptom may be rare or common.","What are the signs and symptoms of Kohlschutter Tonz syndrome? The Human Phenotype Ontology provides the following list of signs and symptoms for Kohlschutter Tonz syndrome. If the information is available, the table below includes how often the symptom is seen in people with this condition. You can use the MedlinePlus Medical Dictionary to look up the definitions for these medical terms. Signs and Symptoms Approximate number of patients (when available) Abnormality of the fingernails 90% Aplasia/Hypoplasia of the eyebrow 90% Cognitive impairment 90% Delayed skeletal maturation 90% Hypertonia 90% Muscular hypotonia 90% Short stature 90% Abnormality of the palate 50% Abnormality of the teeth 50% Brachydactyly syndrome 50% Cleft palate 50% Clinodactyly of the 5th finger 50% Long philtrum 50% Low-set, posteriorly rotated ears 50% Narrow mouth 50% Prominent nasal bridge 50% Scoliosis 50% Strabismus 50%",15.967764229000068
What are the symptoms of STING-associated vasculopathy with onset in infancy ?,"What are the signs and symptoms of STING-associated vasculopathy with onset in infancy? The Human Phenotype Ontology provides the following list of signs and symptoms for STING-associated vasculopathy with onset in infancy. If the information is available, the table below includes how often the symptom is seen in people with this condition. You can use the MedlinePlus Medical Dictionary to look up the definitions for these medical terms. Signs and Symptoms Approximate number of patients (when available) Arthralgia 5% Joint stiffness 5% Myalgia 5% Myositis 5% Anemia - Cutis marmorata - Elevated erythrocyte sedimentation rate - Erythema - Failure to thrive - Fever - Follicular hyperplasia - Growth delay - Increased antibody level in blood - Interstitial pulmonary disease - Leukopenia - Nail dystrophy - Pustule - Recurrent respiratory infections - Telangiectasia - Thrombocytosis - The Human Phenotype Ontology (HPO) has collected information on how often a sign or symptom occurs in a condition. Much of this information comes from Orphanet, a European rare disease database. The frequency of a sign or symptom is usually listed as a rough estimate of the percentage of patients who have that feature. The frequency may also be listed as a fraction. The first number of the fraction is how many people had the symptom, and the second number is the total number of people who were examined in one study. For example, a frequency of 25/25 means that in a study of 25 people all patients were found to have that symptom. Because these frequencies are based on a specific study, the fractions may be different if another group of patients are examined. Sometimes, no information on frequency is available. In these cases, the sign or symptom may be rare or common.","What are the signs and symptoms of STING-associated vasculopathy with onset in infancy? The Human Phenotype Ontology provides the following list of signs and symptoms for STING-associated vasculopathy with onset in infancy. If the information is available, the table below includes how often the symptom is seen in people with this condition. You can use the MedlinePlus Medical Dictionary to look up the definitions for these medical terms. Signs and Symptoms Approximate number of patients (when available) Abnormality of coagulation 90% Abnormality of temperature regulation 90% Arthralgia 90% Edema 90% Hepatomegaly 90% Hypertension 90% Joint swelling 90% Nephropathy 90% Renal insufficiency 90% Splenomegaly 90% Thrombophlebitis 90% Visceral leprosy 90% Abdominal pain 50% Anemia 50% Cataract 50% Gait disturbance 50% Hemiplegia/hemiparesis 50% Incoordination 50% Muscular hypotonia 5",15.731134284000063
How many people are affected by myoclonic epilepsy myopathy sensory ataxia ?,The prevalence of myoclonic epilepsy myopathy sensory ataxia is unknown.,MEASA is a rare disorder; its prevalence is unknown.,0.8065338190001512
What are the symptoms of Isobutyryl-CoA dehydrogenase deficiency ?,"What are the signs and symptoms of Isobutyryl-CoA dehydrogenase deficiency? Infants with IBD deficiency usually appear healthy at birth. The signs and symptoms of IBD deficiency may not appear until later in infancy or childhood and can include poor feeding and growth (failure to thrive), a weakened and enlarged heart (dilated cardiomyopathy), seizures, and low numbers of red blood cells (anemia). Another feature of this disorder may be very low blood levels of carnitine (a natural substance that helps convert certain foods into energy). IBD deficiency may be worsened by long periods without food (fasting) or infections that increase the body's demand for energy. Some individuals with gene mutations that can cause IBD deficiency may never experience any signs and symptoms of the disorder. The Human Phenotype Ontology provides the following list of signs and symptoms for Isobutyryl-CoA dehydrogenase deficiency. If the information is available, the table below includes how often the symptom is seen in people with this condition. You can use the MedlinePlus Medical Dictionary to look up the definitions for these medical terms. Signs and Symptoms Approximate number of patients (when available) Anemia - Autosomal recessive inheritance - Decreased plasma carnitine - Dilated cardiomyopathy - Muscular hypotonia - The Human Phenotype Ontology (HPO) has collected information on how often a sign or symptom occurs in a condition. Much of this information comes from Orphanet, a European rare disease database. The frequency of a sign or symptom is usually listed as a rough estimate of the percentage of patients who have that feature. The frequency may also be listed as a fraction. The first number of the fraction is how many people had the symptom, and the second number is the total number of people who were examined in one study. For example, a frequency of 25/25 means that in a study of 25 people all patients were found to have that symptom. Because these frequencies are based on a specific study, the fractions may be different if another group of patients are examined. Sometimes, no information on frequency is available. In these cases, the sign or symptom may be rare or common.","What are the signs and symptoms of Isobutyryl-CoA dehydrogenase deficiency? The Human Phenotype Ontology provides the following list of signs and symptoms for Isobutyryl-CoA dehydrogenase deficiency. If the information is available, the table below includes how often the symptom is seen in people with this condition. You can use the MedlinePlus Medical Dictionary to look up the definitions for these medical terms. Signs and Symptoms Approximate number of patients (when available) Abnormality of metabolism/homeostasis - Autosomal recessive inheritance - Elevated serum isobutyrate - Hyperammonemia - Hypoglycemia - Increased urinary isobutyric acid - Intellectual disability - Metabolic acidosis - Neonatal hypotonia - Seizures - The Human Phenotype Ontology (HPO) has collected information on how often a sign or symptom occurs in a condition. Much of this information comes from Orphanet, a European rare disease database. The frequency of a sign or symptom is usually listed as a rough estimate of the percentage of patients who have that feature. The frequency may also be listed as a fraction. The first number of the fraction is how many people had the symptom, and the second number is the total",15.909461268000086
What causes Glucose transporter type 1 deficiency syndrome ?,What causes glucose transporter type 1 deficiency syndrome? Glucose transporter type 1 deficiency syndrome (GLUT1 deficiency syndrome) is caused by changes (mutations) in the SLC2A1 gene. This gene encodes a protein that helps transport glucose (a simple sugar) into cells where it is used as fuel. The protein is particularly important in the central nervous system since glucose is the brain's main source of energy. SLC2A1 mutations impair the function of the protein. This significantly reduces the amount of glucose available to brain cells leading to the many signs and symptoms associated with GLUT1 deficiency syndrome.,"What causes glucose transporter type 1 deficiency syndrome? The exact underlying cause of glucose transporter type 1 (GLUT1) deficiency syndrome is unknown. However, it has been suggested that the condition may be caused by mutations in the gene for the GLUT1 protein.",3.401891735999925
Is Sotos syndrome inherited ?,"How is Sotos syndrome inherited? Sotos syndrome is inherited in an autosomal dominant manner. This means that having a mutation in only one of the 2 copies of the responsible gene (the NSD1 gene) is enough to cause signs and symptoms of the condition. 95% of people with Sotos syndrome do not inherit the condition from a parent. In these cases, the condition is the result of a new (de novo) mutation that occurred for the first time in the affected person. Only about 5% of people with Sotos syndrome have an affected parent and inherit the condition from that parent. If a parent of an affected person with an identified NSD1 mutation does not have any features of Sotos syndrome, that parent is very unlikely to have a mutation in the gene. This can be confirmed with genetic testing if the mutation has been identified in the child. If a person with Sotos syndrome has children, each child has a 50% (1 in 2) chance to inherit the mutation. However, the specific features and severity can vary from one generation to the next, so it is not possible to predict how a child will be affected.","This condition is inherited in an autosomal dominant pattern, which means one copy of the altered gene in each cell is sufficient to cause the disorder. In most cases, an affected person has one parent with the condition.",2.7738646200000403
what research (or clinical trials) is being done for Pervasive Developmental Disorders ?,"The NINDS conducts and supports research on developmental disabilities, including PDD. Much of this research focuses on understanding the neurological basis of PDD and on developing techniques to diagnose, treat, prevent, and ultimately cure this and similar disorders.","The National Institute of Neurological Disorders and Stroke (NINDS), a part of the National Institutes of Health, conducts and supports research on pervasive developmental disorders. Much of this work focuses on understanding how these disorders develop in children with autism spectrum disorder (ASD). The NIMH also funds studies to identify new treatments that may help people with ASDs.",4.614209274000132
What is (are) What I need to know about Bladder Control for Women ?,"Talking about bladder control problems is not easy for some people. You may feel embarrassed to tell your doctor. But talking about the problem is the first step in finding an answer. Also, you can be sure your doctor has heard it all before. You will not shock or embarrass your doctor or nurse. Medical History You can prepare for your visit to the doctor's office by gathering the information your doctor will need to understand your problem. Make a list of the medicines you are taking. Include prescription medicines and those you buy over the counter, like aspirin or antacid. List the fluids you drink regularly, including sodas, coffee, tea, and alcohol. Tell the doctor how much of each drink you have in an average day. Finding a Doctor You will need to find a doctor who is skilled in helping women with urine leakage. If your primary doctor shrugs off your problem as normal aging, for example, ask for a referral to a specialist-a urogynecologist or a urologist who specializes in treating female urinary problems. You may need to be persistent, or you may need to look to organizations to help locate a doctor in your area. See For More Information for a list of organizations. Make a note of any recent surgeries or illnesses you have had. Let the doctor know how many children you have had. These events may or may not be related to your bladder control problem. Finally, keep track of the times when you have urine leakage. Note what you were doing at the time. Were you coughing, laughing, sneezing, or exercising? Did you have an uncontrollable urge to urinate when you heard running water? You can use What Your Doctor Needs to Know (Item A) and Your Daily Bladder Diary (Item B) to prepare for your appointment. Physical Exam The doctor will give you a physical exam to look for any health issues that may be causing your bladder control problem. Checking your reflexes can show possible nerve damage. You will give a urine sample so the doctor can check for a urinary tract infection. For women, the exam may include a pelvic exam. Tests may also include taking an ultrasound picture of your bladder. Or the doctor may examine the inside of your bladder using a cystoscope, a long, thin tube that slides up into the bladder through the urethra. Bladder Function Tests Any medical test can be uncomfortable. Bladder testing may sound embarrassing, but the health professionals who perform the tests will try to make you feel comfortable and give you as much privacy as possible.","The bladder stores urine. The kidneys make urine, which flows through tubes called ureters into the bladder. When you urinate, muscles in your bladder contract and push urine out of the bladder through a tube called the urethra.",3.012699687999884
What are the symptoms of Dyssynergia cerebellaris myoclonica ?,"What are the signs and symptoms of Dyssynergia cerebellaris myoclonica? The Human Phenotype Ontology provides the following list of signs and symptoms for Dyssynergia cerebellaris myoclonica. If the information is available, the table below includes how often the symptom is seen in people with this condition. You can use the MedlinePlus Medical Dictionary to look up the definitions for these medical terms. Signs and Symptoms Approximate number of patients (when available) Generalized seizures 7.5% Abnormality of the dentate nucleus - Abnormality of the mitochondrion - Ataxia - Autosomal dominant inheritance - Intention tremor - Myoclonus - Pallidal degeneration - Ragged-red muscle fibers - The Human Phenotype Ontology (HPO) has collected information on how often a sign or symptom occurs in a condition. Much of this information comes from Orphanet, a European rare disease database. The frequency of a sign or symptom is usually listed as a rough estimate of the percentage of patients who have that feature. The frequency may also be listed as a fraction. The first number of the fraction is how many people had the symptom, and the second number is the total number of people who were examined in one study. For example, a frequency of 25/25 means that in a study of 25 people all patients were found to have that symptom. Because these frequencies are based on a specific study, the fractions may be different if another group of patients are examined. Sometimes, no information on frequency is available. In these cases, the sign or symptom may be rare or common.","What are the signs and symptoms of Dyssynergia cerebellaris myoclonica? The Human Phenotype Ontology provides the following list of signs and symptoms for Dyssynergia cerebellaris myoclonica. If the information is available, the table below includes how often the symptom is seen in people with this condition. You can use the MedlinePlus Medical Dictionary to look up the definitions for these medical terms. Signs and Symptoms Approximate number of patients (when available) Abnormality of movement 90% Cerebellar atrophy 90% Cognitive impairment 90% EEG abnormality 90% Gait disturbance 90% Hyporeflexia 90% Incoordination 90% Myoclonus 90% Seizures 90% Tremor 90% Visual impairment 50% Autosomal dominant inheritance - Dysarthria - Dysdiadochokinesis - Dysmetria - Dystonia - Hemiplegia/hemiparesis - Hyperreflexia - Intellectual disability - Lethargy - Motor delay - Muscle weakness - Nystagmus - Postural tremor - Rigidity - Spastic gait - Spasticity",15.869838426000115
How many people are affected by inherited thyroxine-binding globulin deficiency ?,"The complete form of inherited thyroxine-binding globulin deficiency, TBG-CD, affects about 1 in 15,000 newborns worldwide. The partial form, TBG-PD, affects about 1 in 4,000 newborns. These conditions appear to be more common in the Australian Aborigine population and in the Bedouin population of southern Israel.","This condition is estimated to affect 1 in 20,000 individuals.",1.219541554999978
How many people are affected by CAV3-related distal myopathy ?,The prevalence of CAV3-related distal myopathy is unknown. Only a few affected individuals have been described in the medical literature.,The prevalence of CAV3-related distal myopathy is unknown.,0.9451527670000814
What are the symptoms of Bare lymphocyte syndrome 2 ?,"What are the signs and symptoms of Bare lymphocyte syndrome 2? The Human Phenotype Ontology provides the following list of signs and symptoms for Bare lymphocyte syndrome 2. If the information is available, the table below includes how often the symptom is seen in people with this condition. You can use the MedlinePlus Medical Dictionary to look up the definitions for these medical terms. Signs and Symptoms Approximate number of patients (when available) Agammaglobulinemia - Autosomal dominant inheritance - Autosomal recessive inheritance - Biliary tract abnormality - Chronic lymphocytic meningitis - Chronic mucocutaneous candidiasis - Colitis - Cutaneous anergy - Encephalitis - Failure to thrive - Malabsorption - Neutropenia - Panhypogammaglobulinemia - Protracted diarrhea - Recurrent bacterial infections - Recurrent fungal infections - Recurrent lower respiratory tract infections - Recurrent protozoan infections - Recurrent upper respiratory tract infections - Recurrent urinary tract infections - Recurrent viral infections - Villous atrophy - Viral hepatitis - The Human Phenotype Ontology (HPO) has collected information on how often a sign or symptom occurs in a condition. Much of this information comes from Orphanet, a European rare disease database. The frequency of a sign or symptom is usually listed as a rough estimate of the percentage of patients who have that feature. The frequency may also be listed as a fraction. The first number of the fraction is how many people had the symptom, and the second number is the total number of people who were examined in one study. For example, a frequency of 25/25 means that in a study of 25 people all patients were found to have that symptom. Because these frequencies are based on a specific study, the fractions may be different if another group of patients are examined. Sometimes, no information on frequency is available. In these cases, the sign or symptom may be rare or common.","What are the signs and symptoms of Bare lymphocyte syndrome 2? The Human Phenotype Ontology provides the following list of signs and symptoms for Bare lymphocyte syndrome 2. If the information is available, the table below includes how often the symptom is seen in people with this condition. You can use the MedlinePlus Medical Dictionary to look up the definitions for these medical terms. Signs and Symptoms Approximate number of patients (when available) Abnormality of the eye - Autosomal recessive inheritance - Cataract - Congenital cataract - Delayed eruption of teeth - Dystonia - Hypertelorism - Intellectual disability, mild - Lymphocytopenia - Myopia - Nystagmus - Optic atrophy - Progressive visual impairment - Retinal detachment - Short stature - Strabismus - Visual impairment - The Human Phenotype Ontology (HPO) has collected information on how often a sign or symptom occurs in a condition. Much of this information comes from Orphanet, a European rare disease database. The frequency of a sign or symptom is usually listed as a rough estimate of the percentage of patients who have that feature. The frequency may also be listed as a fraction. The first number of the fraction is how many",16.21595504600009
What are the treatments for Short Bowel Syndrome ?,"A health care provider will recommend treatment for short bowel syndrome based on a patient's nutritional needs. Treatment may include - nutritional support - medications - surgery - intestinal transplant Nutritional Support The main treatment for short bowel syndrome is nutritional support, which may include the following: - Oral rehydration. Adults should drink water, sports drinks, sodas without caffeine, and salty broths. Children should drink oral rehydration solutionsspecial drinks that contain salts and minerals to prevent dehydrationsuch as Pedialyte, Naturalyte, Infalyte, and CeraLyte, which are sold in most grocery stores and drugstores. - Parenteral nutrition. This treatment delivers fluids, electrolytes, and liquid vitamins and minerals into the bloodstream through an intravenous (IV) tubea tube placed into a vein. Health care providers give parenteral nutrition to people who cannot or should not get their nutrition or enough fluids through eating. - Enteral nutrition. This treatment delivers liquid food to the stomach or small intestine through a feeding tubea small, soft, plastic tube placed through the nose or mouth into the stomach. Gallstonessmall, pebblelike substances that develop in the gallbladderare a complication of enteral nutrition. More information is provided in the NIDDK health topic, Gallstones. - Vitamin and mineral supplements. A person may need to take vitamin and mineral supplements during or after parenteral or enteral nutrition. - Special diet. A health care provider can recommend a specific diet plan for the patient that may include - small, frequent feedings - avoiding foods that can cause diarrhea, such as foods high in sugar, protein, and fiber - avoiding high-fat foods Medications A health care provider may prescribe medications to treat short bowel syndrome, including - antibiotics to prevent bacterial overgrowth - H2 blockers to treat too much gastric acid secretion - proton pump inhibitors to treat too much gastric acid secretion - choleretic agents to improve bile flow and prevent liver disease - bile-salt binders to decrease diarrhea - anti-secretin agents to reduce gastric acid in the intestine - hypomotility agents to increase the time it takes food to travel through the intestines, leading to increased nutrient absorption - growth hormones to improve intestinal absorption - teduglutide to improve intestinal absorption Surgery The goal of surgery is to increase the small intestine's ability to absorb nutrients. Approximately half of the patients with short bowel syndrome need surgery.2 Surgery used to treat short bowel syndrome includes procedures that - prevent blockage and preserve the length of the small intestine - narrow any dilated segment of the small intestine - slow the time it takes for food to travel through the small intestine - lengthen the small intestine Long-term treatment and recovery, which for some may take years, depend in part on - what sections of the small intestine were removed - how much of the intestine is damaged - how well the muscles of the intestine work - how well the remaining small intestine adapts over time Intestinal Transplant An intestinal transplant is surgery to remove a diseased or an injured small intestine and replace it with a healthy small intestine from a person who has just died, called a donor. Sometimes a living donor can provide a segment of his or her small intestine. Transplant surgeonsdoctors who specialize in performing transplant surgeryperform the surgery on patients for whom other treatments have failed and who have lifethreatening complications from long-term parenteral nutrition. An intestinal-transplant team performs the surgery in a hospital. The patient will need anesthesia. Complications of intestinal transplantation include infections and rejection of the transplanted organ. A successful intestinal transplant can be a life-saving treatment for people with intestinal failure caused by short bowel syndrome. By 2008, transplant surgeons had performed almost 2,000 intestinal transplantations in the United Statesapproximately 75 percent of which were in patients younger than 18 years of age.3 A health care provider will tailor treatment to the severity of the patient's disease: - Treatment for mild short bowel syndrome involves eating small, frequent meals; drinking fluid; taking nutritional supplements; and using medications to treat diarrhea. - Treatment for moderate short bowel syndrome is similar to that for mild short bowel syndrome, with the addition of parenteral nutrition as needed. - Treatment for severe short bowel syndrome involves use of parenteral nutrition and oral rehydration solutions. Patients may receive enteral nutrition or continue normal eating, even though most of the nutrients are not absorbed. Both enteral nutrition and normal eating stimulate the remaining intestine to work better and may allow patients to discontinue parenteral nutrition. Some patients with severe short bowel syndrome require parenteral nutrition indefinitely or surgery.","Treatment of short bowel syndrome depends on the cause. The goal is to provide enough calories and nutrients so that your body can make energy, absorb vitamins and minerals, and grow normally. Your doctor may recommend a feeding tube or an enteral pump to deliver nutrition directly into your digestive tract. If you have severe diarrhea, dehydration, or electrolyte imbalances, you will need intravenous (IV) fluids. You also may need IV antibiotics if you have an infection.",5.978361421000045
What is the outlook for Adult Acute Lymphoblastic Leukemia ?,"Certain factors affect prognosis (chance of recovery) and treatment options. The prognosis (chance of recovery) and treatment options depend on the following: - The age of the patient. - Whether the cancer has spread to the brain or spinal cord. - Whether there are certain changes in the genes, including the Philadelphia chromosome. - Whether the cancer has been treated before or has recurred (come back).","Certain factors affect prognosis (chance of recovery) and treatment options. The prognosis (chance of recovery) depends on: - Whether leukemia cells are found in the blood or bone marrow. - How fast the disease grew when it was first diagnosed. - Whether there are signs that the cancer has spread to other parts of the body. - Whether the patient's age is less than 15 years old. - Whether the patient's age is greater than 60 years old. - Whether the patient has had previous chemotherapy, radiation therapy, or stem cell transplant. Treatment options depend on: - The stage of the disease. - Where the leukemia cells are found in the body. - The patients age and general health.",9.265858826999875
what research (or clinical trials) is being done for Breast Cancer ?,"New Technologies Several new technologies offer hope for making future treatment easier for women with breast cancer. - Using a special tool, doctors can today insert a miniature camera through the nipple and into a milk duct in the breast to examine the area for cancer. Using a special tool, doctors can today insert a miniature camera through the nipple and into a milk duct in the breast to examine the area for cancer. - Researchers are testing another technique to help women who have undergone weeks of conventional radiation therapy. Using a small catheter -- a tube with a balloon tip -- doctors can deliver tiny radioactive beads to a place on the breast where cancer tissue has been removed. This can reduce the therapy time to a matter of days. Researchers are testing another technique to help women who have undergone weeks of conventional radiation therapy. Using a small catheter -- a tube with a balloon tip -- doctors can deliver tiny radioactive beads to a place on the breast where cancer tissue has been removed. This can reduce the therapy time to a matter of days. New Drug Combination Therapies New drug therapies and combination therapies continue to evolve. - A mix of drugs may increase the length of time you will live or the length of time you will live without cancer. It may someday prove useful for some women with localized breast cancer after they have had surgery. A mix of drugs may increase the length of time you will live or the length of time you will live without cancer. It may someday prove useful for some women with localized breast cancer after they have had surgery. - New research shows women with early-stage breast cancer who took the drug letrozole, an aromatase inhibitor, after they completed five years of tamoxifen therapy significantly reduced their risk of breast cancer recurrence. New research shows women with early-stage breast cancer who took the drug letrozole, an aromatase inhibitor, after they completed five years of tamoxifen therapy significantly reduced their risk of breast cancer recurrence. Treating HER2-Positive Breast Cancer Herceptin is a drug commonly used to treat women who have a certain type of breast cancer. This drug slows or stops the growth of cancer cells by blocking HER2, a protein found on the surface of some types of breast cancer cells. Approximately 20 to 25 percent of breast cancers produce too much HER2. These ""HER2 positive"" tumors tend to grow faster and are generally more likely to return than tumors that do not overproduce HER2. Results from clinical trials show that those patients with early-stage HER2 positive breast cancer who received Herceptin in combination with chemotherapy had a 52 percent decrease in risk in the cancer returning compared with patients who received chemotherapy treatment alone. Cancer treatments like chemotherapy can be systemic, meaning they affect whole tissues, organs, or the entire body. Herceptin, however, was the first drug used to target only a specific molecule involved in breast cancer. Another drug, Tykerb, was approved by the U.S. Food and Drug Administration for use for treatment of HER2-positive breast cancer. Because of the availability of these two drugs, an international trial called ALTTO was designed to determine if one drug is more effective, safer, and if taking the drugs separately, in tandem order, or together is better. Unfortunately, the results, released in 2014, showed that taking two HER2-targeted agents together was no better than taking one alone in improving survival. The TAILORx Trial In an attempt to further specialize breast cancer treatment, The Trial Assigning Individualized Options for Treatment, or TAILORx, enrolled 10,000 women to examine whether appropriate treatment can be assigned based on genes that are frequently associated with risk of recurrence of breast cancer. The goal of TAILORx is important because the majority of women with early-stage breast cancer are advised to receive chemotherapy in addition to radiation and hormonal therapy, yet research has not demonstrated that chemotherapy benefits all of them equally. TAILORx seeks to examine many of a woman's genes simultaneously and use this information in choosing a treatment course, thus sparing women unnecessary treatment if chemotherapy is not likely to be of substantial benefit to them.","New types of treatment are being tested in clinical trials. This summary section describes treatments that are being studied in clinical trials. It may not mention every new treatment being studied. Information about clinical trials is available from the NCI website. Hormone Therapy and Tamoxifen The hormone estrogen can cause breast cancer to grow. Estrogen therapy, which gives hormones similar to those made by the body, has been used to treat some women with advanced breast cancer. However, it does not work well for most people. In a study funded by the National Cancer Institute, researchers are studying tamoxifen, a drug that blocks estrogen's effects on cells, as a way to prevent breast cancer recurrence after surgery or radiation therapy. Women who have had breast cancer are at increased risk of developing other cancers later in life. Researchers are studying whether tamoxifen also helps reduce the risk of these other cancers. For more information about this clinical trial, you may call 1-800-4-CANCER. Radiation Therapy Radiation therapy uses high-energy x-rays to kill tumor cells. Radiation therapy is given during an outpatient procedure. A special type of radiation called brachytherapy is sometimes used to treat breast cancer. Brachytherapy involves placing radioactive material directly into the tumor. This method",16.02772684899992
Is methylmalonic acidemia with homocystinuria inherited ?,"Methylmalonic acidemia with homocystinuria is usually inherited in an autosomal recessive pattern, which means both copies of the gene in each cell have mutations. The parents of an individual with an autosomal recessive condition each carry one copy of the mutated gene, but they typically do not show signs and symptoms of the condition. When caused by mutations in the HCFC1 gene, the condition is inherited in an X-linked recessive pattern. The HCFC1 gene is located on the X chromosome, which is one of the two sex chromosomes. In males (who have only one X chromosome), one altered copy of the gene in each cell is sufficient to cause the condition. In females (who have two X chromosomes), a mutation would have to occur in both copies of the gene to cause the disorder. Because it is unlikely that females will have two altered copies of this gene, males are affected by X-linked recessive disorders much more frequently than females. A characteristic of X-linked inheritance is that fathers cannot pass X-linked traits to their sons.","This condition is inherited in an autosomal recessive pattern, which means both copies of the gene in each cell have mutations. The parents of an individual with an autosomal recessive condition each carry one copy of the mutated gene, but they typically do not show signs and symptoms of the condition.",3.7874058449999666
What are the treatments for McLeod neuroacanthocytosis syndrome ?,These resources address the diagnosis or management of McLeod neuroacanthocytosis syndrome: - Gene Review: Gene Review: McLeod Neuroacanthocytosis Syndrome - Genetic Testing Registry: McLeod neuroacanthocytosis syndrome These resources from MedlinePlus offer information about the diagnosis and management of various health conditions: - Diagnostic Tests - Drug Therapy - Surgery and Rehabilitation - Genetic Counseling - Palliative Care,These resources address the diagnosis or management of McLeod neuroacanthocytosis syndrome: - Gene Review: Gene Review: Neuroacanthocytosis Syndromes - Genetic Testing Registry: McLeod neuroacanthocytosis syndrome These resources from MedlinePlus offer information about the diagnosis and management of various health conditions: - Diagnostic Tests - Drug Therapy - Surgery and Rehabilitation - Genetic Counseling - Palliative Care,5.304200411000011
What are the treatments for Tay-Sachs disease ?,"How might children with Tay-Sachs disease be treated? Although several attempts have been made at purified enzyme replacement therapy for children with Tay-Sachs disease, none has been successful. Cellular infusions and even bone marrow transplantation have been attempted with no evidence of benefit. Because no specific treatment is available for Tay-Sachs disease, treatment is directed at the symptoms and major associated conditions. Treatment is supportive and aimed at providing adequate nutrition and hydration. The airway must be protected. Seizures can be controlled initially with conventional anticonvulsant medications such as benzodiazepines, phenytoins, and/or barbiturates, but the progressive nature of the disease may require alteration of dosage or medication. Infectious diseases should be managed. In advanced disease, good bowel movement should be maintained and severe constipation should be avoided. Good hydration, food additives, stool softeners, laxatives, and other measures should be employed to avoid severe constipation.","These resources address the diagnosis or management of Tay-Sachs disease: - Gene Review: Gene Review: Hexosaminidase A Deficiency (Tay-Sachs Disease) - Genetic Testing Registry: Tay-Sachs disease, infantile These resources from MedlinePlus offer information about the diagnosis and management of various health conditions: - Diagnostic Tests - Drug Therapy - Surgery and Rehabilitation - Genetic Counseling - Palliative Care",5.264317015000188
What are the treatments for DMD-associated dilated cardiomyopathy ?,"These resources address the diagnosis or management of DMD-associated dilated cardiomyopathy: - Gene Review: Gene Review: Dilated Cardiomyopathy Overview - Gene Review: Gene Review: Dystrophinopathies - Genetic Testing Registry: Dilated cardiomyopathy 3B - Genetic Testing Registry: Duchenne muscular dystrophy - National Heart, Lung, and Blood Institute: How Is Cardiomyopathy Diagnosed? - National Heart, Lung, and Blood Institute: How Is Cardiomyopathy Treated? These resources from MedlinePlus offer information about the diagnosis and management of various health conditions: - Diagnostic Tests - Drug Therapy - Surgery and Rehabilitation - Genetic Counseling - Palliative Care","These resources address the diagnosis or management of DMD-associated dilated cardiomyopathy: - Gene Review: Gene Review: Duchenne Muscular Dystrophy and Related Disorders - Genetic Testing Registry: Duchenne muscular dystrophy, X-linked 1 These resources from MedlinePlus offer information about the diagnosis and management of various health conditions: - Diagnostic Tests - Drug Therapy - Surgery and Rehabilitation - Genetic Counseling - Palliative Care",5.482463499000005
what research (or clinical trials) is being done for Swallowing Disorders ?,The National Institute of Neurological Disorders and Stroke (NINDS) and other institutes at the National Institutes of Health conduct research related to dysphagia in their clinics and laboratories and support additional research through grants to major medical institutions across the country. Much of this research focuses on finding better ways to treat dysphagia.,"The National Institute of Neurological Disorders and Stroke (NINDS), a part of the National Institutes of Health, conducts and supports research on disorders that affect swallowing. The NINDS also funds research to improve understanding of the mechanisms involved in normal and abnormal swallowing.",3.4099505839999438
What is (are) Ankylosing spondylitis ?,"Ankylosing spondylitis (AS) is a type of chronic, inflammatory arthritis that mainly affects the spine. It usually begins with inflammation of the joints between the pelvic bones and spine, gradually spreading to the joints between the vertebrae. Signs and symptoms usually begin in adolescence or early adulthood and may include back pain and stiffness. Back movement gradually becomes more limited as the vertebrae fuse together. The condition may also affect the shoulders; ribs; hips; knees; and feet; as well as the eyes; bowel; and very rarely, the heart and lungs. AS is likely caused by a combination of genetic and environmental factors; variations in several genes are thought to affect the risk to develop AS. In most cases, treatment involves exercise and medications to relieve pain and inflammation.","Ankylosing spondylitis is a chronic inflammatory disease that primarily affects the spine. It causes inflammation of the vertebrae and sacroiliac joints, which are located between the hip bones and the sacrum at the base of the pelvis. The condition can also affect other parts of the body such as the eyes, heart, lungs, skin, and bowel. Symptoms may include pain in the lower back or buttocks; stiffness; limited range of motion; and/or difficulty walking. Inflammation caused by ankylosing spondylitis can lead to permanent bone fusion, causing the spine to become rigid and immobile. This condition usually develops during adolescence or early adulthood. Although there is no cure for ankylosing spondylitis, treatment options are available to help manage symptoms and prevent complications.",10.700313112000003
Who is at risk for Parasites - Lymphatic Filariasis? ?,"There are three different filarial species that can cause lymphatic filariasis in humans. Most of the infections worldwide are caused by Wuchereria bancrofti. In Asia, the disease can also be caused by Brugia malayi and Brugia timori. The infection spreads from person to person by mosquito bites. The adult worm lives in the human lymph vessels, mates, and produces millions of microscopic worms, also known as microfilariae. Microfilariae circulate in the person's blood and infect the mosquito when it bites a person who is infected. Microfilariae grow and develop in the mosquito. When the mosquito bites another person, the larval worms pass from the mosquito into the human skin, and travel to the lymph vessels. They grow into adult worms, a process that takes 6 months or more. An adult worm lives for about 5–7 years. The adult worms mate and release millions of microfilariae into the blood. People with microfilariae in their blood can serve as a source of infection to others. A wide range of mosquitoes can transmit the parasite, depending on the geographic area. In Africa, the most common vector is Anopheles and in the Americas, it is Culex quinquefasciatus. Aedes and Mansonia can transmit the infection in the Pacific and in Asia. Many mosquito bites over several months to years are needed to get lymphatic filariasis. People living for a long time in tropical or sub-tropical areas where the disease is common are at the greatest risk for infection. Short-term tourists have a very low risk. Programs to eliminate lymphatic filariasis are under way in more than 50 countries. These programs are reducing transmission of the filarial parasites and decreasing the risk of infection for people living in or visiting these communities. Geographic distribution Lymphatic filariasis affects over 120 million people in 73 countries throughout the tropics and sub-tropics of Asia, Africa, the Western Pacific, and parts of the Caribbean and South America. In the Americas, only four countries are currently known to be endemic: Haiti, the Dominican Republic, Guyana and Brazil. In the United States, Charleston, South Carolina, was the last known place with lymphatic filariasis. The infection disappeared early in the 20th century. Currently, you cannot get infected in the U.S.","Infection with lymphatic filariasis can occur in people who live in or travel to areas where the disease is common. The parasite that causes lymphatic filariasis, Wuchereria bancrofti and Brugia malayi, are transmitted by mosquitoes. These mosquitoes bite humans during the day and night. They also bite animals such as dogs, cats, cows, and pigs. If a mosquito bites an infected person, it will become infected with the parasite. When the mosquito bites another human, it may pass on the infection. People living in or traveling to areas where the disease is common should take steps to avoid being bitten by mosquitoes. These include wearing long-sleeved shirts and pants; using insect repellent containing DEET (N,N-diethyl-m-toluamide); and sleeping under a bed net treated with insecticide.",10.68467009799997
What is (are) Carcinoid syndrome ?,"Carcinoid syndrome refers to a group of symptoms that are associated with carcinoid tumors (rare, slow-growing tumors that occur most frequently in the gastroinestinal tract or lungs). Affected people may experience skin flushing, abdominal pain, diarrhea, difficulty breathing, rapid heart rate, low blood pressure, skin lesions on the face (telangiectasias), and wheezing. In later stages, carcinoid syndrome may damage the heart valves, resulting in symptoms of congestive heart failure. The condition occurs when the carcinoid tumor secretes serotonin or other chemicals into the bloodstream. Only 10% of people with carcinoid tumors develop carcinoid syndrome; most have advanced stage carcinoid tumors that have spread to the liver. Treatment generally involves addressing the underlying carcinoid tumor and medications to alleviate symptoms.","Carcinoid syndrome is a group of symptoms that occur when tumors in the body produce large amounts of serotonin. The most common cause of carcinoid syndrome is neuroendocrine tumors, which are cancers or noncancerous growths that originate from cells in the nervous system and secrete hormones into the bloodstream. Other causes include benign tumors called paraneoplastic syndromes, which do not involve cancer; certain genetic disorders such as multiple endocrine neoplasia type 1; and some medications. Symptoms may be mild to severe and can affect many parts of the body including the skin, digestive tract, lungs, liver, heart, kidneys, eyes, and nervous system. Treatment depends on the signs and symptoms present but often includes surgery, radiation therapy, chemotherapy, hormone therapy, and/or targeted therapies.",10.284524574999978
What is (are) Donohue syndrome ?,"Donohue syndrome is a rare disorder characterized by severe insulin resistance, a condition in which the body's tissues and organs do not respond properly to the hormone insulin. Insulin normally helps regulate blood sugar levels by controlling how much sugar (in the form of glucose) is passed from the bloodstream into cells to be used as energy. Severe insulin resistance leads to problems with regulating blood sugar levels and affects the development and function of organs and tissues throughout the body. Severe insulin resistance underlies the varied signs and symptoms of Donohue syndrome. Individuals with Donohue syndrome are unusually small starting before birth, and affected infants experience failure to thrive, which means they do not grow and gain weight at the expected rate. Additional features that become apparent soon after birth include a lack of fatty tissue under the skin (subcutaneous fat); wasting (atrophy) of muscles; excessive body hair growth (hirsutism); multiple cysts on the ovaries in females; and enlargement of the nipples, genitalia, kidneys, heart, and other organs. Most affected individuals also have a skin condition called acanthosis nigricans, in which the skin in body folds and creases becomes thick, dark, and velvety. Distinctive facial features in people with Donohue syndrome include bulging eyes, thick lips, upturned nostrils, and low-set ears. Affected individuals develop recurrent, life-threatening infections beginning in infancy. Donohue syndrome is one of a group of related conditions described as inherited severe insulin resistance syndromes. These disorders, which also include Rabson-Mendenhall syndrome and type A insulin resistance syndrome, are considered part of a spectrum. Donohue syndrome represents the most severe end of the spectrum; most children with this condition do not survive beyond age 2.","Donohue syndrome is a rare condition characterized by intellectual disability, delayed development of motor skills such as sitting and walking, seizures, and distinctive facial features. The signs and symptoms of this disorder vary widely among affected individuals. People with Donohue syndrome typically have an unusually small head size (microcephaly), which can lead to problems with balance and coordination. They also often have short stature. Affected individuals may experience delays in reaching developmental milestones such as rolling over or sitting up independently. Some people with Donohue syndrome develop movement disorders that cause involuntary muscle contractions (dystonia). These movements are usually limited to the arms and legs but can affect other parts of the body as well. In addition to dystonia, some people with Donohue syndrome have abnormal posturing of their limbs when they are awake (hypotonicity) or asleep (hypertonicity). Hypotonicity occurs when muscles become weak and limp, while hypertonicity results from abnormally stiff muscles. Other movement abnormalities include tremors, difficulty controlling eye movements, and involuntary jerking movements of the hands and feet (choreoathetosis). Many people with Donohue syndrome have seizures during infancy or early childhood. Seizures occur less frequently in older children and",15.89540868999984
What are the treatments for SUNCT Headache ?,"These headaches are generally non-responsive to usual treatment for other short-lasting headaches. Corticosteroids and the anti-epileptic drugs gabapentin, lamotrigine, and carbamazepine may help relieve some symptoms in some patients. Studies have shown that injections of glycerol to block nerve signaling along the trigeminal nerve may provide temporary relief in some severe cases, but the headaches recurred in about 40 percent of individuals studied.","Treatment of a headache is aimed at relieving pain and preventing future attacks. The following medications may be used to treat a migraine: - triptans, which block the action of serotonin in the brain; these drugs can relieve both migraine and cluster headaches - ergotamine, which blocks the release of certain chemicals that cause pain - sumatriptan or zolmitriptan, which are similar to triptans but have fewer side effects - beta blockers, such as propranolol, which reduce blood pressure and slow heart rate - nonsteroidal anti-inflammatory drugs (NSAIDs), such as ibuprofen, naproxen sodium, ketoprofen, indomethacin, and others, which reduce inflammation and relieve pain - acetaminophen, which reduces fever and relieves mild pain - dexamethasone, which reduces inflammation and relieves pain - magnesium sulfate, which relaxes muscles and reduces inflammation - flunarizine, which blocks calcium channels in nerve cells and reduces inflammation - topiramate, which blocks an enzyme involved in the production of neurotransmitters that transmit signals between nerves in the brain - valproic acid, which blocks an enzyme involved in the production of neurotransmitters that transmit signals between nerves in the brain - gab",15.925175050000007
What are the treatments for proopiomelanocortin deficiency ?,These resources address the diagnosis or management of proopiomelanocortin deficiency: - Eunice Kennedy Shriver National Institute of Child Health and Human Development: How are Obesity and Overweight Diagnosed? - Gene Review: Gene Review: Proopiomelanocortin Deficiency - Genetic Testing Registry: Proopiomelanocortin deficiency - MedlinePlus Encyclopedia: ACTH - National Heart Lung and Blood Institute: How Are Overweight and Obesity Treated? - National Institutes of Health Clinical Center: Managing Adrenal Insufficiency These resources from MedlinePlus offer information about the diagnosis and management of various health conditions: - Diagnostic Tests - Drug Therapy - Surgery and Rehabilitation - Genetic Counseling - Palliative Care,These resources address the diagnosis or management of proopiomelanocortin deficiency: - Gene Review: Gene Review: Proopiomelanocortin-Related Disorders - Genetic Testing Registry: Proopiomelanocortin deficiency These resources from MedlinePlus offer information about the diagnosis and management of various health conditions: - Diagnostic Tests - Drug Therapy - Surgery and Rehabilitation - Genetic Counseling - Palliative Care,5.118965528000217
How to prevent Coronary Heart Disease ?,"You can prevent and control coronary heart disease (CHD)by taking action to control your risk factors with heart-healthy lifestyle changes and medicines. Examples of risk factors you can control include high blood cholesterol, high blood pressure, and overweight and obesity. Only a few risk factorssuch as age, gender, and family historycant be controlled. Your risk for CHD increases with the number of risk factors you have. To reduce your risk of CHD and heart attack, try to control each risk factor you have by adopting the following heart-healthy lifestyles: Heart-healthy eating Maintaining a healthy weight Managing stress Physical activity Quitting smoking Know your family history of health problems related to CHD. If you or someone in your family has CHD, be sure to tell your doctor. If lifestyle changes aren't enough, you also may need medicines to control your CHD risk factors.","The best way to prevent coronary heart disease is to adopt a healthy lifestyle. This includes eating a diet rich in fruits, vegetables, and whole grains; exercising regularly; maintaining a healthy weight; not smoking; and managing stress. If you have already been diagnosed with CHD or are at risk for developing it, your doctor may recommend that you take aspirin daily to help prevent blood clots from forming. You also might need to take other medicines to treat high blood pressure, high cholesterol, diabetes, or other conditions that can increase the risk of CHD.",7.105522681000139
What is (are) alpha thalassemia ?,"Alpha thalassemia is a blood disorder that reduces the production of hemoglobin. Hemoglobin is the protein in red blood cells that carries oxygen to cells throughout the body. In people with the characteristic features of alpha thalassemia, a reduction in the amount of hemoglobin prevents enough oxygen from reaching the body's tissues. Affected individuals also have a shortage of red blood cells (anemia), which can cause pale skin, weakness, fatigue, and more serious complications. Two types of alpha thalassemia can cause health problems. The more severe type is known as hemoglobin Bart hydrops fetalis syndrome or Hb Bart syndrome. The milder form is called HbH disease. Hb Bart syndrome is characterized by hydrops fetalis, a condition in which excess fluid builds up in the body before birth. Additional signs and symptoms can include severe anemia, an enlarged liver and spleen (hepatosplenomegaly), heart defects, and abnormalities of the urinary system or genitalia. As a result of these serious health problems, most babies with this condition are stillborn or die soon after birth. Hb Bart syndrome can also cause serious complications for women during pregnancy, including dangerously high blood pressure with swelling (preeclampsia), premature delivery, and abnormal bleeding. HbH disease causes mild to moderate anemia, hepatosplenomegaly, and yellowing of the eyes and skin (jaundice). Some affected individuals also have bone changes such as overgrowth of the upper jaw and an unusually prominent forehead. The features of HbH disease usually appear in early childhood, and affected individuals typically live into adulthood.","Alpha thalassemia is a condition that affects the production of hemoglobin, which is an oxygen-carrying protein found in red blood cells. Hemoglobin normally forms part of a large molecule called hemoglobin A, which makes up about 90 percent of all hemoglobin in the body. The other two types of hemoglobin are beta and gamma; they make up only about 10 percent each. Alpha thalassemia results from mutations in one or more genes on chromosome 16 that provide instructions for making proteins involved in the formation of hemoglobin molecules. These proteins are known as alpha globin proteins because they form part of the larger hemoglobin A molecule. Mutations in these genes reduce the amount of functional alpha globin protein produced by the body. As a result, fewer hemoglobin A molecules can be made. In severe cases of alpha thalassemia, there may not be enough normal hemoglobin to meet the body's needs. This shortage causes anemia, which leads to fatigue, pale skin, shortness of breath, and weakness. In mild cases of alpha thalassemia, people have no symptoms until later in life when their bodies begin producing less than half of the normal amount of hemoglobin.",15.86112025600005
"What are the symptoms of Pancreatic cancer, childhood ?","What are the signs and symptoms of Pancreatic cancer, childhood? The Human Phenotype Ontology provides the following list of signs and symptoms for Pancreatic cancer, childhood. If the information is available, the table below includes how often the symptom is seen in people with this condition. You can use the MedlinePlus Medical Dictionary to look up the definitions for these medical terms. Signs and Symptoms Approximate number of patients (when available) Neoplasm of the pancreas - The Human Phenotype Ontology (HPO) has collected information on how often a sign or symptom occurs in a condition. Much of this information comes from Orphanet, a European rare disease database. The frequency of a sign or symptom is usually listed as a rough estimate of the percentage of patients who have that feature. The frequency may also be listed as a fraction. The first number of the fraction is how many people had the symptom, and the second number is the total number of people who were examined in one study. For example, a frequency of 25/25 means that in a study of 25 people all patients were found to have that symptom. Because these frequencies are based on a specific study, the fractions may be different if another group of patients are examined. Sometimes, no information on frequency is available. In these cases, the sign or symptom may be rare or common.","What are the signs and symptoms of pancreatic cancer in children? The Human Phenotype Ontology provides the following list of signs and symptoms for pancreatic cancer, childhood. If the information is available, the table below includes how often the symptom is seen in people with this condition. You can use the MedlinePlus Medical Dictionary to look up the definitions for these medical terms. Signs and Symptoms Approximate number of patients (when available) Abdominal pain 90% Ascites 90% Hepatomegaly 90% Jaundice 90% Nausea and vomiting 90% Splenomegaly 90% Weight loss 90% Abnormality of metabolism/homeostasis - Autosomal recessive inheritance - Cachexia - Chronic diarrhea - Constipation - Diarrhea - Failure to thrive - Fever - Gastrointestinal stromal tumor - Hypercalcemia - Hypoproteinemia - Inflammatory bowel disease - Irritable bowel syndrome - Malabsorption - Pancreatitis - Pancreatic adenocarcinoma - Pancreatic pseudocyst - Pancreatic stellate cell neoplasm - Pancreatic stellate cell tumor - Pancreatic tissue necrosis - Pancreatic",15.93980719199999
What are the treatments for Urinary Tract Infection In Adults ?,"Most UTIs are caused by bacteria, which are treated with bacteria-fighting medications called antibiotics or antimicrobials. The choice of medication and length of treatment depend on the patients history and the type of bacteria causing the infection. Some antibiotics may be ruled out if a person has allergies to them. The sensitivity test takes 48 hours to complete and is especially useful in helping the health care provider select the antibiotic most likely to be effective in treating an infection. Longer treatment may be needed if the first antibiotic given is not effective. When a UTI occurs in a healthy person with a normal, unobstructed urinary tract, the term uncomplicated is used to describe the infection. Most young women who have UTIs have uncomplicated UTIs, which can be cured with 2 or 3 days of treatment. Single-dose treatment is less effective. Longer treatment causes more side effects and is not more effective. A follow-up urinalysis helps to confirm the urinary tract is infection-free. Taking the full course of treatment is important because symptoms may disappear before the infection is fully cleared. Complicated UTIs occur when a personfor example, a pregnant woman or a transplant patientis weakened by another condition. A UTI is also complicated when the person has a structural or functional abnormality of the urinary tract, such as an obstructive kidney stone or prostate enlargement that squeezes the urethra. Health care providers should assume that men and boys have a complicated UTI until proven otherwise. Severely ill patients with kidney infections may be hospitalized until they can take fluids and needed medications on their own. Kidney infections may require several weeks of antibiotic treatment. Kidney infections in adults rarely lead to kidney damage or kidney failure unless they go untreated or are associated with urinary tract obstruction. Bladder infections are generally self-limiting, but antibiotic treatment significantly shortens the duration of symptoms. People usually feel better within a day or two of treatment. Symptoms of kidney and prostate infections last longer. Drinking lots of fluids and urinating frequently will speed healing. If needed, various medications are available to relieve the pain of a UTI. A heating pad on the back or abdomen may also help. Recurrent Infections in Women Health care providers may advise women who have recurrent UTIs to try one of the following treatment options: - Take low doses of the prescribed antibiotic daily for 6 months or longer. If taken at bedtime, the medication remains in the bladder longer and may be more effective. NIH-supported research has shown this therapy to be effective without causing serious side effects. - Take a single dose of an antibiotic after sexual intercourse. - Take a short course2 or 3 daysof an antibiotic when symptoms appear. To try to prevent an infection, health care providers may suggest women - drink plenty of water every day - urinate when the need arises and avoid resisting the urge to urinate - urinate after sexual intercourse - switch to a different method of birth control if recurring UTIs are a problem Infections during Pregnancy During pregnancy, bacterial infection of the urineeven in the absence of symptomscan pose risks to both the mother and the baby. Some antibiotics are not safe to take during pregnancy. In selecting the best treatments, health care providers consider various factors such as the medications effectiveness, the stage of pregnancy, the mothers health, and potential effects on the fetus. Complicated Infections Curing infections that stem from a urinary obstruction or other systemic disorder depends on finding and correcting the underlying problem, sometimes with surgery. If the root cause goes untreated, this group of patients is at risk for kidney damage. Also, such infections tend to arise from a wider range of bacteria and sometimes from more than one type of bacteria at a time. Infections in Men Urinary tract infections in men are often the result of an obstructionfor example, a urinary stone or enlarged prostateor are from a catheter used during a medical procedure. The first step in treating such an infection is to identify the infecting organism and the medications to which it is sensitive. Prostate infectionschronic bacterial prostatitisare harder to cure because antibiotics may be unable to penetrate infected prostate tissue effectively. For this reason, men with bacterial prostatitis often need long-term treatment with a carefully selected antibiotic. UTIs in men are frequently associated with acute bacterial prostatitis, which can be life threatening if not treated urgently.","Treatment of a UTI depends on whether it is caused by bacteria or fungi. If you have symptoms, your health care provider will prescribe antibiotics to treat the infection. You should take all of the medicine as prescribed and finish the entire course even if you feel better before the treatment is over. This helps prevent antibiotic resistance.",4.000234352999996
What are the symptoms of Kawasaki Disease ?,"Major Signs and Symptoms One of the main symptoms during the early part of Kawasaki disease, called the acute phase, is fever. The fever lasts longer than 5 days. It remains high even after treatment with standard childhood fever medicines. Other classic signs of the disease are: Swollen lymph nodes in the neck A rash on the mid-section of the body and in the genital area Red, dry, cracked lips and a red, swollen tongue Red, swollen palms of the hands and soles of the feet Redness of the eyes Other Signs and Symptoms During the acute phase, your child also may be irritable and have a sore throat, joint pain, diarrhea, vomiting, and stomach pain. Within 2 to 3 weeks of the start of symptoms, the skin on your child's fingers and toes may peel, sometimes in large sheets.","The most common symptom is a high fever lasting for at least five days. Other signs and symptoms may include: Red, swollen hands and feet Rash on the palms of the hands and soles of the feet Redness in the eyes Swollen lymph nodes (glands) in the neck or groin Joint pain and stiffness Skin changes such as peeling skin inside the mouth and red lips and tongue Rash on the scalp and/or ears Rash on the chest and back Rash on the face Rash on the arms and legs Rash on the buttocks and genitals Rash on the genital area Rash on the trunk Rash on the lower extremities Rash on the upper extremities Rash on the head Rash on the scalp Rash on the eyelids Rash on the inner thighs Rash on the perineum (the area between the anus and vagina in females; the scrotum in males) Rash on the penis Rash on the vulva (in females); rash on the labia minora (innermost folds of tissue around the vaginal opening); and rash on the clitoris (in females).",12.924554365999938
How to diagnose Vulvar Cancer ?,"Tests that examine the vulva are used to detect (find) and diagnose vulvar cancer. The following tests and procedures may be used: - Physical exam and history : An exam of the body to check general signs of health, including checking the vulva for signs of disease, such as lumps or anything else that seems unusual. A history of the patients health habits and past illnesses and treatments will also be taken. - Biopsy : The removal of samples of cells or tissues from the vulva so they can be viewed under a microscope by a pathologist to check for signs of cancer.","Tests that examine the vulva are used to detect (find) and diagnose vulvar cancer. The following tests and procedures may be used: - Physical exam and history : An exam of the body to check general signs of health, including checking for signs of disease, such as lumps or anything else that seems unusual. A history of the patients health habits and past illnesses and treatments will also be taken. - Pap test : A procedure to collect cells from the cervix, vagina, and vulva. A speculum is inserted into the vagina and the doctor or nurse takes a small sample of tissue by scraping it with a spoon-like device. The sample is placed in a solution that preserves the cells. This process is repeated several times around the outside of the cervix. The samples are then examined under a microscope for signs of disease. - Biopsy : The removal of cells or tissues so they can be viewed under a microscope by a pathologist to check for signs of cancer. There are different types of biopsies. - Cervical biopsy : The removal of part or all of the cervical tissue using instruments passed through the neck of the uterus. - Colposcopy : A procedure to check the cervix, vagina, and vulva for abnormal areas. A spec",15.770580269999982
What are the genetic changes related to diastrophic dysplasia ?,"Diastrophic dysplasia is one of several skeletal disorders caused by mutations in the SLC26A2 gene. This gene provides instructions for making a protein that is essential for the normal development of cartilage and for its conversion to bone. Cartilage is a tough, flexible tissue that makes up much of the skeleton during early development. Most cartilage is later converted to bone, except for the cartilage that continues to cover and protect the ends of bones and is present in the nose and external ears. Mutations in the SLC26A2 gene alter the structure of developing cartilage, preventing bones from forming properly and resulting in the skeletal problems characteristic of diastrophic dysplasia.","Mutations in the COL2A1 gene cause diastrophic dysplasia. The COL2A1 gene provides instructions for making a protein called type II collagen, which is found in connective tissues throughout the body. Type II collagen forms part of the extracellular matrix, which is a network of proteins and other molecules that fills spaces between cells. This matrix provides support and flexibility to many tissues and organs. Type II collagen also plays an important role in bone development by forming fibers within the developing bones (cartilage). Mutations in the COL2A1 gene lead to the production of abnormal type II collagen or no type II collagen at all. As a result, cartilage cannot develop properly, leading to skeletal abnormalities characteristic of diastrophic dysplasia.",9.603527468000038
What are the symptoms of Fetal akinesia syndrome X-linked ?,"What are the signs and symptoms of Fetal akinesia syndrome X-linked? The Human Phenotype Ontology provides the following list of signs and symptoms for Fetal akinesia syndrome X-linked. If the information is available, the table below includes how often the symptom is seen in people with this condition. You can use the MedlinePlus Medical Dictionary to look up the definitions for these medical terms. Signs and Symptoms Approximate number of patients (when available) Agenesis of corpus callosum - Arrhinencephaly - Blepharophimosis - Fetal akinesia sequence - Hypokinesia - Polyhydramnios - Stillbirth - Telecanthus - X-linked inheritance - The Human Phenotype Ontology (HPO) has collected information on how often a sign or symptom occurs in a condition. Much of this information comes from Orphanet, a European rare disease database. The frequency of a sign or symptom is usually listed as a rough estimate of the percentage of patients who have that feature. The frequency may also be listed as a fraction. The first number of the fraction is how many people had the symptom, and the second number is the total number of people who were examined in one study. For example, a frequency of 25/25 means that in a study of 25 people all patients were found to have that symptom. Because these frequencies are based on a specific study, the fractions may be different if another group of patients are examined. Sometimes, no information on frequency is available. In these cases, the sign or symptom may be rare or common.","What are the signs and symptoms of Fetal akinesia syndrome X-linked? The Human Phenotype Ontology provides the following list of signs and symptoms for Fetal akinesia syndrome X-linked. If the information is available, the table below includes how often the symptom is seen in people with this condition. You can use the MedlinePlus Medical Dictionary to look up the definitions for these medical terms. Signs and Symptoms Approximate number of patients (when available) Abnormality of movement 90% Aplasia/Hypoplasia affecting the eye 90% Cognitive impairment 90% Delayed skeletal maturation 90% Hypertonia 90% Muscular hypotonia 90% Neurological speech impairment 90% Seizures 90% Short stature 90% Visual impairment 90% Abnormality of the hip bone 50% Abnormality of the ribs 50% Abnormality of the wrist 50% Cleft palate 50% Hearing impairment 50% Microcephaly 50% Osteolysis 50% Scoliosis 50% Skeletal muscle atrophy 50% Abnormality of the a",16.015478682000094
How many people are affected by Prostate Cancer ?,"Prostate cancer is one of the most common types of cancer among American men. It is a slow-growing disease that mostly affects older men. In fact, more than 60 percent of all prostate cancers are found in men over the age of 65. The disease rarely occurs in men younger than 40 years of age.","Prostate cancer is the most common type of cancer in men. It is estimated that 190,000 new cases will be diagnosed and more than 28,000 deaths from prostate cancer will occur this year.",3.078451972000039
What is (are) Tyrosinemia type 1 ?,"Tyrosinemia type 1 is a genetic disorder characterized by elevated blood levels of the amino acid tyrosine, a building block of most proteins. This condition is caused by a shortage of the enzyme fumarylacetoacetate hydrolase, one of the enzymes required for the multi-step process that breaks down tyrosine. This enzyme shortage is caused by mutations in the FAH gene. Symptoms usually appear in the first few months of life and include failure to thrive, diarrhea, vomiting, jaundice, cabbage-like odor, and increased tendency to bleed (particularly nosebleeds). Tyrosinemia type I can lead to liver and kidney failure, problems affecting the nervous system, and an increased risk of liver cancer. This condition is inherited in an autosomal recessive manner.","Tyrosinemia type 1 is a rare inherited disorder that affects the body's metabolism. It causes an accumulation of a substance called tyrosine in the blood and other tissues, which can lead to serious health problems if left untreated. The signs and symptoms of this condition vary widely among affected individuals. Some people with tyrosinemia type 1 have no apparent signs or symptoms of the disorder. Others may develop mild neurological abnormalities such as intellectual disability, seizures, and behavioral changes; liver disease; kidney failure; heart defects; skeletal abnormalities; and/or eye abnormalities. Tyrosinemia type 1 is caused by mutations in the TTYH gene and is inherited in an autosomal recessive manner. Treatment typically involves dietary restrictions and medications.",9.37251384199999
What are the treatments for giant congenital melanocytic nevus ?,These resources address the diagnosis or management of giant congenital melanocytic nevus: - Cleveland Clinic: The Facts About Melanoma - Genetic Testing Registry: Giant pigmented hairy nevus - MedlinePlus Encyclopedia: Giant Congenital Nevus - Nevus Outreach: Treatment Options - Primary Care Dermatology Society These resources from MedlinePlus offer information about the diagnosis and management of various health conditions: - Diagnostic Tests - Drug Therapy - Surgery and Rehabilitation - Genetic Counseling - Palliative Care,These resources address the diagnosis or management of giant congenital melanocytic nevus: - Genetic Testing Registry: Congenital melanocytic nevus These resources from MedlinePlus offer information about the diagnosis and management of various health conditions: - Diagnostic Tests - Drug Therapy - Surgery and Rehabilitation - Genetic Counseling - Palliative Care,4.211312696999812
What is (are) Spondylospinal thoracic dysostosis ?,"Spondylospinal thoracic dysostosis is an extremely rare skeletal disorder characterized by a short, curved spine and fusion of the spinous processes, short thorax with 'crab-like' configuration of the ribs, underdevelopment of the lungs (pulmonary hypoplasia), severe arthrogryposis and multiple pterygia (webbing of the skin across joints), and underdevelopment of the bones of the mouth. This condition is believed to be inherited in an autosomal recessive manner. It does not appear to be compatible with life.","Spondylospinal thoracic dysostosis is a rare condition characterized by abnormal development of the spine and ribs. The signs and symptoms vary among affected individuals, but may include short stature; scoliosis or kyphoscoliosis; fused vertebrae; spinal cord abnormalities; and/or rib abnormalities. This condition is caused by mutations in the COL1A2 gene and is inherited in an autosomal dominant manner. Treatment depends on the specific features present in each person.",6.06993736000004
How many people are affected by proopiomelanocortin deficiency ?,POMC deficiency is a rare condition; approximately 50 cases have been reported in the medical literature.,Proopiomelanocortin deficiency is a rare disorder; its prevalence is unknown.,1.176136422999889
Is Jackson-Weiss syndrome inherited ?,"This condition is inherited in an autosomal dominant pattern, which means one copy of the altered gene in each cell is sufficient to cause the disorder.","This condition is inherited in an autosomal recessive pattern, which means both copies of the gene in each cell have mutations. The parents of an individual with an autosomal recessive condition each carry one copy of the mutated gene, but they typically do not show signs and symptoms of the condition.",3.7059061380000458
What are the treatments for Intravenous leiomyomatosis ?,"How might intravenous leiomyomatosis be treated? The mainstay of treatment for IVL is surgery to remove the tumor and its spread throughout the body. The use of anti-estrogen therapy, such as tamoxifen, has also been suggested. Surgery requires the complete removal of the tumor, since incomplete removal may result in a recurrence and hence further surgery or even death. Many affected individuals undergo a hysterectomy; bilateral oophorectomy is also suggested because these tumors are estrogen dependent. Part of a tumor left inside the pelvic veins at the time of hysterectomy can extend towards the right side of the heart, leading to obstruction and other adverse events later in life. The median time between hysterectomy to the diagnosis of IVL with cardiac involvement is 4 years. Once there is cardiac involvement, a patient may require open-heart surgery to remove the IVL from the affected areas.","How might intravenous leiomyomatosis be treated? Treatment of intravenous leiomyomatosis (IVLM) is based on the severity and symptoms present in each individual. The goal of treatment is to relieve pain, prevent complications, and improve quality of life. Surgery may be recommended if IVLM causes severe pain or other problems that interfere with daily activities. In some cases, surgery may also be used to remove a large mass before it becomes cancerous.",5.7872065259998635
How to diagnose Your Diabetes Care Records ?,"Test Instructions Results or Dates A1C test - Have this blood test at least twice a year. Your result will tell you what your average blood glucose level was for the past 2 to 3 months. Date: __________ A1C: __________ Next test: __________ Blood lipid (fats) lab tests - Get a blood test to check your - total cholesterolaim for below 200 - LDL, or bad, cholesterolaim for below 100 - HDL, or good, cholesterolmen: aim for above 40; women: aim for above 50 - triglyceridesaim for below 150 Date: __________ Total cholesterol: __________ LDL: __________ HDL: __________ Triglycerides: __________ Next test: __________ Kidney function tests - Once a year, get a urine test to check for protein. - At least once a year, get a blood test to check for creatinine. Date: __________ Urine protein: __________ Creatinine: __________ Next test: __________ Dilated eye exam - See an eye doctor once a year for a complete eye exam that includes using drops in your eyes to dilate your pupils. - If you are pregnant, have a complete eye exam in your first 3 months of pregnancy. Have another complete eye exam 1 year after your baby is born. Date: __________ Result: __________ Next test: __________ Dental exam - See your dentist twice a year for a cleaning and checkup. Date: __________ Result: __________ Next test: __________ Pneumonia vaccine (recommended by the Centers for Disease Control and Prevention [CDC]) - Get the vaccine if you are younger than 64. - If youre older than 64 and your shot was more than 5 years ago, get another vaccine. Date received: __________ Flu vaccine (recommended by the CDC) - Get a flu shot each year. Date received: __________ Hepatitis B vaccine (recommended by the CDC) - Get this vaccine if you are age 19 to 59 and have not had this vaccine. - Consider getting this vaccine if you are 60 or older and have not had this vaccine. Date of 1st dose: __________ Date of 2nd dose: __________ Date of 3rd dose: __________ PDF Version (PDF, 40 KB)","Your diabetes care records are a collection of information about your health and treatment. They include - medical history, including past illnesses or injuries - test results from blood tests, urine tests, X-rays, and other exams - medications you take - doctor's orders for treatments and follow-up appointments - insurance claims and bills You can get copies of your diabetes care records by contacting the following: - your primary care provider - your local health department - your state Medicaid program - your employer's human resources office - your health plan's customer service center If you have trouble getting copies of your records, ask your doctor or another healthcare professional to help you.",7.899933006000083
"What are the symptoms of Blepharophimosis, ptosis, and epicanthus inversus syndrome type 1 ?","What are the signs and symptoms of Blepharophimosis, ptosis, and epicanthus inversus syndrome type 1? The Human Phenotype Ontology provides the following list of signs and symptoms for Blepharophimosis, ptosis, and epicanthus inversus syndrome type 1. If the information is available, the table below includes how often the symptom is seen in people with this condition. You can use the MedlinePlus Medical Dictionary to look up the definitions for these medical terms. Signs and Symptoms Approximate number of patients (when available) Blepharophimosis 90% Depressed nasal bridge 90% Epicanthus 90% Ptosis 90% Decreased fertility 50% Lacrimation abnormality 50% Myopia 50% Nystagmus 7.5% Strabismus 7.5% Synophrys 7.5% Abnormality of the breast - Abnormality of the hair - Amenorrhea - Autosomal dominant inheritance - Cupped ear - Epicanthus inversus - Female infertility - High palate - Hypermetropia - Increased circulating gonadotropin level - Microcornea - Microphthalmia - Premature ovarian failure - Telecanthus - Wide nasal bridge - The Human Phenotype Ontology (HPO) has collected information on how often a sign or symptom occurs in a condition. Much of this information comes from Orphanet, a European rare disease database. The frequency of a sign or symptom is usually listed as a rough estimate of the percentage of patients who have that feature. The frequency may also be listed as a fraction. The first number of the fraction is how many people had the symptom, and the second number is the total number of people who were examined in one study. For example, a frequency of 25/25 means that in a study of 25 people all patients were found to have that symptom. Because these frequencies are based on a specific study, the fractions may be different if another group of patients are examined. Sometimes, no information on frequency is available. In these cases, the sign or symptom may be rare or common.","What are the signs and symptoms of Blepharophimosis, ptosis, and epicanthus inversus syndrome type 1? The Human Phenotype Ontology provides the following list of signs and symptoms for Blepharophimosis, ptosis, and epicanthus inversus syndrome type 1. If the information is available, the table below includes how often the symptom is seen in people with this condition. You can use the MedlinePlus Medical Dictionary to look up the definitions for these medical terms. Signs and Symptoms Approximate number of patients (when available) Abnormality of the eyelid 90% Ptosis 90% Epicanthus 50% Brachydactyly syndrome - Broad forehead - Cleft upper lip - Clinodactyly of the 5th finger - Coarse facial features - Corneal dystrophy - Deep-set eyes - Epicanthus inversus - Frontal bossing - High palate - Hypertelorism - Hypertrichosis - Increased nuchal translucency - Intellectual disability, mild - Long philtrum - Low-set ears - Narrow mouth - Optic atrophy - Proptosis - Prominent supraorbital ridges - Short nose - Small palpe",16.033745732999932
What are the treatments for Bjrnstad syndrome ?,These resources address the diagnosis or management of Bjrnstad syndrome: - Centers for Disease Control and Prevention: Hearing Loss in Children: Screening and Diagnosis - Genetic Testing Registry: Pili torti-deafness syndrome These resources from MedlinePlus offer information about the diagnosis and management of various health conditions: - Diagnostic Tests - Drug Therapy - Surgery and Rehabilitation - Genetic Counseling - Palliative Care,These resources address the diagnosis or management of Bjrnstad syndrome: - Gene Review: Gene Review: Bjrnstad Syndrome Overview - Genetic Testing Registry: Bjrnstad syndrome These resources from MedlinePlus offer information about the diagnosis and management of various health conditions: - Diagnostic Tests - Drug Therapy - Surgery and Rehabilitation - Genetic Counseling - Palliative Care,4.39397086300005
What are the symptoms of Subcortical band heterotopia ?,"What are the signs and symptoms of Subcortical band heterotopia? The Human Phenotype Ontology provides the following list of signs and symptoms for Subcortical band heterotopia. If the information is available, the table below includes how often the symptom is seen in people with this condition. You can use the MedlinePlus Medical Dictionary to look up the definitions for these medical terms. Signs and Symptoms Approximate number of patients (when available) Cognitive impairment 90% Seizures 90% Hypertonia 50% Muscular hypotonia 50% Agenesis of corpus callosum - Ataxia - Death in infancy - Dysarthria - Incomplete penetrance - Infantile onset - Intellectual disability - Lissencephaly - Micropenis - Motor delay - Muscular hypotonia of the trunk - Nystagmus - Pachygyria - Postnatal growth retardation - X-linked inheritance - The Human Phenotype Ontology (HPO) has collected information on how often a sign or symptom occurs in a condition. Much of this information comes from Orphanet, a European rare disease database. The frequency of a sign or symptom is usually listed as a rough estimate of the percentage of patients who have that feature. The frequency may also be listed as a fraction. The first number of the fraction is how many people had the symptom, and the second number is the total number of people who were examined in one study. For example, a frequency of 25/25 means that in a study of 25 people all patients were found to have that symptom. Because these frequencies are based on a specific study, the fractions may be different if another group of patients are examined. Sometimes, no information on frequency is available. In these cases, the sign or symptom may be rare or common.","What are the signs and symptoms of Subcortical band heterotopia? The Human Phenotype Ontology provides the following list of signs and symptoms for Subcortical band heterotopia. If the information is available, the table below includes how often the symptom is seen in people with this condition. You can use the MedlinePlus Medical Dictionary to look up the definitions for these medical terms. Signs and Symptoms Approximate number of patients (when available) Abnormality of movement 90% Cognitive impairment 90% EEG abnormality 90% Hypertonia 90% Muscular hypotonia 90% Seizures 90% Visual impairment 90% Abnormality of neuronal migration 50% Aplasia/Hypoplasia of the cerebellum 50% Cerebral cortical atrophy 50% Delayed speech and language development 50% Gait disturbance 50% Incoordination 50% Microcephaly 50% Neurological speech impairment 50% Optic atrophy 50% Sensorineural hearing impairment 50% Strabismus 50% Tremor 50% Abnormality of ret",15.758667500000001
Is mucopolysaccharidosis type VI inherited ?,"This condition is inherited in an autosomal recessive pattern, which means both copies of the gene in each cell have mutations. The parents of an individual with an autosomal recessive condition each carry one copy of the mutated gene, but they typically do not show signs and symptoms of the condition.","This condition is inherited in an autosomal recessive pattern, which means both copies of the gene in each cell have mutations. The parents of an individual with an autosomal recessive condition each carry one copy of the mutated gene, but they typically do not show signs and symptoms of the condition.",3.7212314840001
What is (are) Parasites - Scabies ?,"Scabies is an infestation of the skin by the human itch mite (Sarcoptes scabiei var. hominis). The microscopic scabies mite burrows into the upper layer of the skin where it lives and lays its eggs. The most common symptoms of scabies are intense itching and a pimple-like skin rash. The scabies mite usually is spread by direct, prolonged, skin-to-skin contact with a person who has scabies. Scabies is found worldwide and affects people of all races and social classes. Scabies can spread rapidly under crowded conditions where close body and skin contact is frequent. Institutions such as nursing homes, extended-care facilities, and prisons are often sites of scabies outbreaks. Child care facilities also are a common site of scabies infestations.","Scabies is a skin infection caused by the mite Sarcoptes scabiei. The mite burrows into the top layer of skin and lays its eggs there, causing intense itching. Scabies can be spread through close contact with an infected person or sharing clothing such as bedding, towels, and hats.",3.9963308059998326
What is (are) Neuronal ceroid lipofuscinosis 7 ?,"Neuronal ceroid lipofuscinosis 7 (CLN7-NCL) is a rare condition that affects the nervous system. Signs and symptoms of the condition generally develop in early childhood (average age 5 years) and may include loss of muscle coordination (ataxia), seizures that do not respond to medications, muscle twitches (myoclonus), visual impairment, and developmental regression (the loss of previously acquired skills). CLN7-NCL is caused by changes (mutations) in the MFSD8 gene and is inherited in an autosomal recessive manner. Treatment options are limited to therapies that can help relieve some of the symptoms.","Neuronal ceroid lipofuscinosis 7 (CLN7-NCL) is a rare form of neuronal ceroid lipofuscinoses. It is characterized by progressive neurological deterioration, which usually begins in childhood or adolescence and may include seizures, vision loss, dementia, and motor dysfunction. The signs and symptoms are caused by the accumulation of abnormal proteins called lipopigments within nerve cells (neurons). This condition is inherited in an autosomal recessive manner. Treatment is symptomatic and supportive.",6.685785495000118
What is (are) 15q11.2 microdeletion ?,"15q11.2 microdeletion refers to a chromosome abnormality in which a tiny piece of genetic material on the long arm of chromosome 15 (at a location designated q11.2) is missing (deleted). The features of people with a 15q11.2 microdeletion vary widely. The most common features include developmental, motor, and language delays; behavior and emotional problems; attention deficit disorders; and autism spectrum disorder. Other features may include birth defects and seizures. However, some people have no apparent physical, learning, or behavior problems. A 15q11.2 microdeletion may occur randomly for the first time in an affected person, or it may be inherited from a parent. Treatment depends on the signs and symptoms in each person.","15q11.2 microdeletion is a chromosomal abnormality that occurs when there is a missing piece of chromosome 15 in the region designated q11.2. This deletion can be inherited from one or both parents, or it may occur as a random event during the formation of reproductive cells (eggs and sperm) or in early fetal development. The severity of signs and symptoms associated with this condition depends on which genes are affected by the loss of genetic material. Most people with a 15q11.2 microdeletion do not have any health problems related to this chromosomal change. However, some individuals with this deletion experience developmental delay, intellectual disability, seizures, behavioral problems, and other neurological abnormalities.",9.460441505999825
What are the symptoms of Dengue fever ?,"What are the signs and symptoms of Dengue fever? The Human Phenotype Ontology provides the following list of signs and symptoms for Dengue fever. If the information is available, the table below includes how often the symptom is seen in people with this condition. You can use the MedlinePlus Medical Dictionary to look up the definitions for these medical terms. Signs and Symptoms Approximate number of patients (when available) Abnormality of temperature regulation 90% Migraine 90% Abdominal pain 50% Arthralgia 50% Pruritus 50% Skin rash 50% Ascites 7.5% Bruising susceptibility 7.5% Diarrhea 7.5% Epistaxis 7.5% Gastrointestinal hemorrhage 7.5% Gingival bleeding 7.5% Hepatomegaly 7.5% Hypoproteinemia 7.5% Hypotension 7.5% Intracranial hemorrhage 7.5% Leukopenia 7.5% Nausea and vomiting 7.5% Reduced consciousness/confusion 7.5% Sudden cardiac death 7.5% Thrombocytopenia 7.5% The Human Phenotype Ontology (HPO) has collected information on how often a sign or symptom occurs in a condition. Much of this information comes from Orphanet, a European rare disease database. The frequency of a sign or symptom is usually listed as a rough estimate of the percentage of patients who have that feature. The frequency may also be listed as a fraction. The first number of the fraction is how many people had the symptom, and the second number is the total number of people who were examined in one study. For example, a frequency of 25/25 means that in a study of 25 people all patients were found to have that symptom. Because these frequencies are based on a specific study, the fractions may be different if another group of patients are examined. Sometimes, no information on frequency is available. In these cases, the sign or symptom may be rare or common.","What are the signs and symptoms of dengue fever? The Human Phenotype Ontology provides the following list of signs and symptoms for Dengue fever. If the information is available, the table below includes how often the symptom is seen in people with this condition. You can use the MedlinePlus Medical Dictionary to look up the definitions for these medical terms. Signs and Symptoms Approximate number of patients (when available) Abnormality of the eye - Autosomal recessive inheritance - Fever - Hepatomegaly - Hypertension - Increased vascular permeability - Joint pain - Leukocytosis - Nausea - Palpitations - Pneumonia - Pulmonary edema - Respiratory failure - Seizures - Splenomegaly - Thrombocytopenia - Vomiting - The Human Phenotype Ontology (HPO) has collected information on how often a sign or symptom occurs in a condition. Much of this information comes from Orphanet, a European rare disease database. The frequency of a sign or symptom is usually listed as a rough estimate of the percentage of patients who have that feature. The frequency may also be listed as a fraction. The first number of the fraction is how many people had the symptom,",15.849655225999868
What causes Myelodysplastic/myeloproliferative disease ?,"What causes myelodysplastic/myeloproliferative disease? In most cases, the cause of myelodysplastic/myeloproliferative disease is unknown, and there is limited information regarding potential causes. No specific genetic defects have been identified for any of the diseases. The specific cause of chronic myelomonocytic leukemia (CMML) is unknown, but exposure to occupational and environmental carcinogens (agents that can cause cancer), ionizing radiation, and cytotoxic agents (agents that are toxic to cells) have been associated in some cases. The cause of juvenile myelomonocytic leukemia (JMML) is not known; however, children with neurofibromatosis type 1 (NF1) are at increased risk for developing JMML, and up to 14% of cases of JMML occur in children with NF1. Atypical chronic myelogenous leukemia (aCML) has been associated with cytogenetic (chromosomal) abnormalities in as many as 80% of individuals with the disease; however, no cytogenetic abnormality is specific. Myelodysplastic/myeloproliferative neoplasm, unclassifiable (MDS/ MPN-UC) (also known as mixed myeloproliferative/ myelodysplastic syndrome) also has no known cause.","What causes myelodysplastic/myeloproliferative disease? The exact cause of most cases of myelodysplastic/myeloproliferative disease (MDM) is unknown. However, some risk factors have been identified that may increase the likelihood of developing this condition: - exposure to certain chemicals and/or radiation - age - gender",4.582444979000002
How many people are affected by retinal arterial macroaneurysm with supravalvular pulmonic stenosis ?,"RAMSVPS is a rare disorder. Only a small number of affected individuals and families, all from Saudi Arabia, have been described in the medical literature.",RAAMSVS is a rare condition; its prevalence is unknown.,0.9211868299998969
What is (are) Camptocormism ?,"Camptocormia, camptocormism or ""bent spine syndrome,"" (BSS) is an extreme forward flexion of the thoracolumbar spine, which often worsens during standing or walking, but completely resolves when laying down. The term itself is derived from the Greek ""kamptos"" (to bend) and ""kormos"" (trunk) BSS was initially considered, especially in wartime, as a result of a psychogenic disorder. It is now recognized that in it may also be related to a number of musculo-skeletal or neurological disorders. It seems that myopathy is the primary cause of camptocormia based on electromyography, magnetic resonance imaging/computed tomography (CT/MRI scans) of paraspinal muscles, and muscle biopsy. The majority of BSS of muscular origin is related to a primary idiopathic (with unknwon cause) axial myopathy of late onset, maybe a delayed-onset paraspinal myopathy, appearing in elderly patients. Causes of secondary BSS are numerous. The main causes are muscular disorders like inflammatory myopathies, muscular dystrophies of late onset, myotonic myopathies, endocrine and metabolic myopathies, and neurological disorders, principally Parkinsons disease. Diagnosis of axial myopathy is based upon CT/MRI scans demonstrating a lot of fatty infiltration of paravertebral muscles. General activity, walking with a cane, physiotherapy, and exercises should be encouraged. Treatment of secondary forms of BSS is dependent upon the cause.","Camptocormism is a condition in which the legs bend inward and downward, causing the feet to point toward each other. It can be caused by nerve damage or muscle weakness. The cause of camptocormism may not always be known. Treatment depends on its cause.",3.5708175920001395
How many people are affected by fibronectin glomerulopathy ?,"Fibronectin glomerulopathy is likely a rare condition, although its prevalence is unknown. At least 45 cases have been described in the scientific literature.",Fibronectin glomerulopathy is a rare condition; its prevalence is unknown.,1.2271071449999909
What is (are) methylmalonic acidemia ?,"Methylmalonic acidemia is an inherited disorder in which the body is unable to process certain proteins and fats (lipids) properly. The effects of methylmalonic acidemia, which usually appear in early infancy, vary from mild to life-threatening. Affected infants can experience vomiting, dehydration, weak muscle tone (hypotonia), developmental delay, excessive tiredness (lethargy), an enlarged liver (hepatomegaly), and failure to gain weight and grow at the expected rate (failure to thrive). Long-term complications can include feeding problems, intellectual disability, chronic kidney disease, and inflammation of the pancreas (pancreatitis). Without treatment, this disorder can lead to coma and death in some cases.","Methylmalonic acidemia is a disorder that affects the body's use of certain nutrients. This condition can cause problems with growth and development, as well as neurological abnormalities such as intellectual disability. Methylmalonic acidemia occurs when there are too few enzymes in the body to break down proteins called amino acids. A shortage of these enzymes leads to an accumulation of molecules called homocysteine and methionine. These molecules build up to toxic levels in cells throughout the body. In addition, they interfere with the normal function of other molecules within cells. The signs and symptoms of methylmalonic acidemia vary widely among affected individuals. Some people have mild features of this condition, while others develop severe health problems. Mild cases may include delayed physical milestones, short stature, and developmental delay. Severe cases involve seizures, mental retardation, and movement disorders such as involuntary muscle twitching (myoclonus). Affected children often do not grow or gain weight at the expected rate (failure to thrive), which can lead to malnutrition. People with methylmalonic acidemia also have elevated levels of homocysteine and methionine in their blood and urine. Elevated levels of these molecules in the blood are characteristic of this condition.",15.57436857000016
What are the symptoms of Behcet's disease ?,"What are the signs and symptoms of Behcet's disease? Symptoms of Behcet's disease include recurrent ulcers in the mouth (resembling canker sores) and on the genitals, and eye inflammation (uveitis). The disorder may also cause various types of skin lesions, arthritis, bowel inflammation, meningitis (inflammation of the membranes of the brain and spinal cord), and cranial nerve palsies. Behcet's is a multi-system disease; it may involve all organs and affect the central nervous system, causing memory loss and impaired speech, balance, and movement. The effects of the disease may include blindness, stroke, swelling of the spinal cord, and intestinal complications. The Human Phenotype Ontology provides the following list of signs and symptoms for Behcet's disease. If the information is available, the table below includes how often the symptom is seen in people with this condition. You can use the MedlinePlus Medical Dictionary to look up the definitions for these medical terms. Signs and Symptoms Approximate number of patients (when available) Abnormality of temperature regulation 90% Arthritis 90% Meningitis 90% Migraine 90% Myalgia 90% Nausea and vomiting 90% Orchitis 90% Photophobia 90% Vasculitis 90% Abdominal pain 50% Abnormal blistering of the skin 50% Acne 50% Arthralgia 50% Gait disturbance 50% Gastrointestinal hemorrhage 50% Hemiplegia/hemiparesis 50% Immunologic hypersensitivity 50% Reduced consciousness/confusion 50% Thrombophlebitis 50% Abnormal pyramidal signs 7.5% Abnormality of the aortic valve 7.5% Abnormality of the endocardium 7.5% Abnormality of the mitral valve 7.5% Abnormality of the myocardium 7.5% Abnormality of the pericardium 7.5% Abnormality of the pleura 7.5% Anorexia 7.5% Arterial thrombosis 7.5% Aseptic necrosis 7.5% Cataract 7.5% Cerebral ischemia 7.5% Coronary artery disease 7.5% Cranial nerve paralysis 7.5% Developmental regression 7.5% Encephalitis 7.5% Gangrene 7.5% Glomerulopathy 7.5% Hemoptysis 7.5% Hyperreflexia 7.5% Incoordination 7.5% Increased intracranial pressure 7.5% Keratoconjunctivitis sicca 7.5% Lymphadenopathy 7.5% Malabsorption 7.5% Memory impairment 7.5% Myositis 7.5% Pancreatitis 7.5% Paresthesia 7.5% Polyneuropathy 7.5% Pulmonary embolism 7.5% Pulmonary infiltrates 7.5% Renal insufficiency 7.5% Retinopathy 7.5% Retrobulbar optic neuritis 7.5% Seizures 7.5% Splenomegaly 7.5% Vertigo 7.5% Visual impairment 7.5% Weight loss 7.5% Alopecia areata - Chorioretinitis - Epididymitis - Erythema - Genital ulcers - Iridocyclitis - Iritis - Irritability - Oral ulcer - Superficial thrombophlebitis - The Human Phenotype Ontology (HPO) has collected information on how often a sign or symptom occurs in a condition. Much of this information comes from Orphanet, a European rare disease database. The frequency of a sign or symptom is usually listed as a rough estimate of the percentage of patients who have that feature. The frequency may also be listed as a fraction. The first number of the fraction is how many people had the symptom, and the second number is the total number of people who were examined in one study. For example, a frequency of 25/25 means that in a study of 25 people all patients were found to have that symptom. Because these frequencies are based on a specific study, the fractions may be different if another group of patients are examined. Sometimes, no information on frequency is available. In these cases, the sign or symptom may be rare or common.","What are the signs and symptoms of Behcet's disease? The Human Phenotype Ontology provides the following list of signs and symptoms for Behcet's disease. If the information is available, the table below includes how often the symptom is seen in people with this condition. You can use the MedlinePlus Medical Dictionary to look up the definitions for these medical terms. Signs and Symptoms Approximate number of patients (when available) Abnormality of the eye 90% Arthralgia 90% Arthritis 90% Cataract 90% Cutaneous ulceration 90% Gastrointestinal hemorrhage 90% Hematuria 90% Nausea and vomiting 90% Ophthalmoplegia 90% Recurrent oral ulcers 90% Skin rash 90% Telangiectasia of the skin 90% Vasculitis 90% Abdominal pain 50% Anemia 50% Arterial thrombosis 50% Arthritis affecting large joints 50% Cholecystitis 50% Chronic diarrhea 50% Constipation 50% Diarrhea 50% Dysphagia",15.771601132999876
What are the treatments for Axenfeld-Rieger syndrome type 1 ?,Can dislocated lenses in patients with Axenfeld-Rieger syndrome be treated? We were unable to find information in the medical literature regarding the management of dislocated lenses in patients with Axenfeld-Rieger syndrome. We encourage you to speak with a healthcare provider experienced in the management of rare eye disorders. The American Association of Eye and Ear Centers of Excellence provides a list of member clinics and the Eye Research Network provides a list of eye research facilities that may be helpful as you search for clinics. Click on the links to view the lists. Please note that the lists are not exhaustive of all specialty and research eye clinics within the United States or abroad.,"These resources address the diagnosis or management of Axenfeld-Rieger syndrome type 1: - Gene Review: Gene Review: Axenfeld-Rieger Syndrome Overview - Genetic Testing Registry: Axenfeld-Rieger syndrome, type 1 These resources from MedlinePlus offer information about the diagnosis and management of various health conditions: - Diagnostic Tests - Drug Therapy - Surgery and Rehabilitation - Genetic Counseling - Palliative Care",5.336118313000043
What is (are) late-infantile neuronal ceroid lipofuscinosis ?,"Late-infantile neuronal ceroid lipofuscinosis (NCL) is an inherited disorder that primarily affects the nervous system. The signs and symptoms of this condition typically begin in late infancy or early childhood. The initial features usually include recurrent seizures (epilepsy) and difficulty coordinating movements (ataxia). Affected children also develop muscle twitches (myoclonus) and vision impairment. Late-infantile NCL affects motor skills, such as sitting and walking, and speech development. This condition also causes the loss of previously acquired skills (developmental regression), progressive intellectual disability, and behavioral problems. Individuals with this condition often require the use of a wheelchair by late childhood and typically do not survive past their teens. Late-infantile NCL is one of a group of NCLs (collectively called Batten disease) that affect the nervous system and typically cause progressive problems with vision, movement, and thinking ability. The different types of NCLs are distinguished by the age at which signs and symptoms first appear.","Late-infantile neuronal ceroid lipofuscinosis is a condition that affects the nervous system. This disorder causes progressive loss of nerve cells in the brain and spinal cord, which leads to intellectual disability, seizures, and other neurological problems. The signs and symptoms of this condition typically appear between 6 months and 2 years after birth. Affected children have delayed development of motor skills such as sitting up or walking. They may also experience involuntary muscle movements (dystonia), abnormal eye movements (nystagmus), and difficulty with balance. As the disease progresses, affected individuals develop dementia characterized by confusion, memory loss, and changes in personality. People with late-infantile neuronal ceroid lipofuscinosis usually survive into childhood or adolescence before they die from complications related to their weakened immune systems.",10.149658927000019
What is (are) Psoriasis ?,"Oral or injected medications for psoriasis include methotrexate, cycloclosporine, oral retinoids, and biologics. These therapies, prescribed by your doctor, work in different ways to help control the underlying disease process.","Psoriasis is a chronic, autoimmune disease that causes skin cells to grow too quickly. The excess skin cells build up on the surface of the skin and form thick patches called plaques. These plaques are red or pink with silvery white scales. Psoriasis can affect any part of your body but most often affects: - The scalp - Armpits - Groin - Back - Elbows - Joints - Nail psoriasis Symptoms include itching, pain, burning, and scaling. It may also cause nail changes such as pitting, discoloration, and separation from the nail bed. Psoriasis usually starts in childhood or adolescence. It's more common among people who have family members with it. There's no cure for psoriasis, but there are treatments that can help control symptoms. They include topical creams and ointments; phototherapy; light therapy; and oral medications. NIH: National Institute of Arthritis and Musculoskeletal and Skin Diseases",12.060210233999896
What are the genetic changes related to Andersen-Tawil syndrome ?,"Mutations in the KCNJ2 gene cause Andersen-Tawil syndrome. The KCNJ2 gene provides instructions for making a protein that forms a channel across cell membranes. This channel transports positively charged atoms (ions) of potassium into muscle cells. The movement of potassium ions through these channels is critical for maintaining the normal functions of muscles used for movement (skeletal muscles) and cardiac muscle. Mutations in the KCNJ2 gene alter the usual structure and function of potassium channels or prevent the channels from being inserted correctly into the cell membrane. Many mutations prevent a molecule called PIP2 from binding to the channels and effectively regulating their activity. These changes disrupt the flow of potassium ions in skeletal and cardiac muscle, leading to the periodic paralysis and irregular heart rhythm characteristic of Andersen-Tawil syndrome. Researchers have not determined the role of the KCNJ2 gene in bone development, and it is not known how mutations in the gene lead to the developmental abnormalities often found in Andersen-Tawil syndrome.","Andersen-Tawil syndrome is caused by mutations in the KCNJ2 gene. This gene provides instructions for making a protein called Kir2.1, which is involved in regulating the flow of charged atoms (ions) into and out of cells. The ion channel produced from this gene helps control the electrical activity of nerve cells (neurons). Mutations in the KCNJ2 gene lead to an abnormal or nonfunctional Kir2.1 protein that cannot regulate ion flow properly. As a result, neurons do not function normally, leading to the signs and symptoms of Andersen-Tawil syndrome.",7.434121661000063
How to diagnose Factor V Leiden thrombophilia ?,"How is factor V Leiden thrombophilia diagnosed? No clinical features (signs and/or symptoms) are specific for factor V Leiden thrombophilia. The diagnosis of factor V Leiden thrombophilia requires a coagulation screening test or DNA analysis of F5, the gene for factor V, to identify the specific mutation that causes this condition. The APC (activated protein C) resistance assay, a coagulation screening test, measures the anticoagulant response to APC. This screening test has a sensitivity and specificity for factor V Leiden approaching 100%. The sensitivity of a test is a measure of the test's ability to detect a positive result when someone has the condition, while the specificity is a measure of the test's ability to identify negative results.Targeted mutation analysis (a type of DNA test) of the F5 gene for the Leiden mutation is considered definitive and has a mutation detection frequency of approximately 100%. This means that approximately all individuals who have the factor V Leiden mutation will be detected by this genetic test. It is generally recommended that individuals who test positive by another means should then have the DNA test both for confirmation and to distinguish heterozygotes (individuals with a mutation in one copy of the gene) from homozygotes (individuals with mutations in both copies of the gene).","Is genetic testing available for factor V Leiden? Yes. Genetic testing is available for the F5 gene, which contains the instructions for making the protein that makes up factor V. The test can be done on a blood sample from a vein in your arm or through a cheek swab. A positive result means you have an inherited mutation of the F5 gene and are at risk for developing a blood clot. A negative result does not mean you do not have the condition; it just means that you don't have the mutation associated with factor V Leiden.",7.039945812000042
What are the symptoms of Dens in dente and palatal invaginations ?,"What are the signs and symptoms of Dens in dente and palatal invaginations? The Human Phenotype Ontology provides the following list of signs and symptoms for Dens in dente and palatal invaginations. If the information is available, the table below includes how often the symptom is seen in people with this condition. You can use the MedlinePlus Medical Dictionary to look up the definitions for these medical terms. Signs and Symptoms Approximate number of patients (when available) Autosomal dominant inheritance - Dens in dente - The Human Phenotype Ontology (HPO) has collected information on how often a sign or symptom occurs in a condition. Much of this information comes from Orphanet, a European rare disease database. The frequency of a sign or symptom is usually listed as a rough estimate of the percentage of patients who have that feature. The frequency may also be listed as a fraction. The first number of the fraction is how many people had the symptom, and the second number is the total number of people who were examined in one study. For example, a frequency of 25/25 means that in a study of 25 people all patients were found to have that symptom. Because these frequencies are based on a specific study, the fractions may be different if another group of patients are examined. Sometimes, no information on frequency is available. In these cases, the sign or symptom may be rare or common.","What are the signs and symptoms of Dens in dente and palatal invaginations? The Human Phenotype Ontology provides the following list of signs and symptoms for Dens in dente and palatal invaginations. If the information is available, the table below includes how often the symptom is seen in people with this condition. You can use the MedlinePlus Medical Dictionary to look up the definitions for these medical terms. Signs and Symptoms Approximate number of patients (when available) Abnormality of dental enamel 90% Abnormality of the palate 90% Aplasia/Hypoplasia of the teeth 90% Cleft palate 90% Cognitive impairment 90% Dental malocclusion 90% Hypertelorism 90% Microcephaly 90% Short stature 90% Abnormality of the fingernails 50% Abnormality of the toenails 50% Abnormality of the voice 50% Anteverted nares 50% Brachydactyly syndrome 50% Clinodactyly of the 5th finger 50% Long philtrum 50% Low-set, posterior",15.85733749699989
What are the symptoms of Pachydermoperiostosis ?,"What are the signs and symptoms of Pachydermoperiostosis? The Human Phenotype Ontology provides the following list of signs and symptoms for Pachydermoperiostosis. If the information is available, the table below includes how often the symptom is seen in people with this condition. You can use the MedlinePlus Medical Dictionary to look up the definitions for these medical terms. Signs and Symptoms Approximate number of patients (when available) Abnormal cortical bone morphology 90% Abnormality of epiphysis morphology 90% Abnormality of the fontanelles or cranial sutures 90% Bone pain 90% Osteomyelitis 90% Seborrheic dermatitis 90% Abnormal hair quantity 50% Abnormality of the fingernails 50% Abnormality of the knees 50% Abnormality of the scalp 50% Abnormality of the tibia 50% Acne 50% Arthralgia 50% Arthritis 50% Clubbing of toes 50% Coarse facial features 50% Joint swelling 50% Limitation of joint mobility 50% Osteoarthritis 50% Osteolysis 50% Ptosis 50% Abnormality of the gastric mucosa 7.5% Anemia 7.5% Aseptic necrosis 7.5% Cerebral palsy 7.5% Deviation of finger 7.5% Gastrointestinal hemorrhage 7.5% Genu varum 7.5% Growth hormone excess 7.5% Gynecomastia 7.5% Hepatomegaly 7.5% Impaired temperature sensation 7.5% Malabsorption 7.5% Neoplasm of the lung 7.5% Neoplasm of the skin 7.5% Palmoplantar keratoderma 7.5% Reduced bone mineral density 7.5% Scoliosis 7.5% Short palm 7.5% Splenomegaly 7.5% Arthropathy - Autosomal dominant inheritance - Autosomal recessive inheritance - Clubbing - Clubbing of fingers - Congenital onset - Cutis gyrata of scalp - Disproportionate tall stature - Eczematoid dermatitis - High palate - Hyperhidrosis - Large fontanelles - Long clavicles - Osteolytic defects of the phalanges of the hand - Osteopenia - Osteoporosis - Palmoplantar hyperkeratosis - Patent ductus arteriosus - Pectus excavatum - Periosteal thickening of long tubular bones - Redundant skin - Thickened calvaria - Thickened skin - Wormian bones - The Human Phenotype Ontology (HPO) has collected information on how often a sign or symptom occurs in a condition. Much of this information comes from Orphanet, a European rare disease database. The frequency of a sign or symptom is usually listed as a rough estimate of the percentage of patients who have that feature. The frequency may also be listed as a fraction. The first number of the fraction is how many people had the symptom, and the second number is the total number of people who were examined in one study. For example, a frequency of 25/25 means that in a study of 25 people all patients were found to have that symptom. Because these frequencies are based on a specific study, the fractions may be different if another group of patients are examined. Sometimes, no information on frequency is available. In these cases, the sign or symptom may be rare or common.","What are the signs and symptoms of Pachydermoperiostosis? The Human Phenotype Ontology provides the following list of signs and symptoms for Pachydermoperiostosis. If the information is available, the table below includes how often the symptom is seen in people with this condition. You can use the MedlinePlus Medical Dictionary to look up the definitions for these medical terms. Signs and Symptoms Approximate number of patients (when available) Abnormality of the fingernails 90% Abnormality of the toenails 90% Aplasia/Hypoplasia of the skin 90% Autosomal dominant inheritance - Hyperkeratosis - Hypertrophic periosteal ossification - Increased bone mineral density - Osteoarthritis - Pachyderma - Periostitis - The Human Phenotype Ontology (HPO) has collected information on how often a sign or symptom occurs in a condition. Much of this information comes from Orphanet, a European rare disease database. The frequency of a sign or symptom is usually listed as a rough estimate of the percentage of patients who have that feature. The frequency may also be listed as a fraction. The first number of the fraction is",15.839022460000024
What are the treatments for Polymyositis ?,"How might polymyositis be treated? The treatment of polymyositis is based on the signs and symptoms present in each person. Although there is currently no cure, symptoms of the condition may be managed with the following: Medications such as corticosteroids, corticosteroid-sparing agents, immunosuppressive drugs Physical therapy to improve muscle strength and flexibility Speech therapy to address difficulties with swallowing and speech Intravenous immunoglobulin (healthy antibodies are given to block damaging autoantibodies that attack muscle) Medscape Reference's Web site offers more specific information regarding the treatment and management of polymyositis. Please click on the link to access the resource.","Treatment of polymyositis is based on the severity and progression of symptoms. Treatment may include corticosteroids, immunomodulators, physical therapy, and/or surgery. Corticosteroids (such as prednisone) can help reduce inflammation in muscles and other tissues throughout the body. Immunosuppressive drugs such as azathioprine or cyclosporine A may be used to suppress the immune system. Physical therapy helps maintain muscle strength and flexibility. In some cases, a doctor may recommend surgery if there is severe weakness that limits mobility.",7.072416240000166
What are the symptoms of Der Kaloustian Mcintosh Silver syndrome ?,"What are the signs and symptoms of Der Kaloustian Mcintosh Silver syndrome? The Human Phenotype Ontology provides the following list of signs and symptoms for Der Kaloustian Mcintosh Silver syndrome. If the information is available, the table below includes how often the symptom is seen in people with this condition. You can use the MedlinePlus Medical Dictionary to look up the definitions for these medical terms. Signs and Symptoms Approximate number of patients (when available) Abnormal dermatoglyphics 90% Abnormal nasal morphology 90% Abnormality of the palate 90% Abnormality of the pinna 90% Cognitive impairment 90% Dolichocephaly 90% Gait disturbance 90% Hearing abnormality 90% Macrocephaly 90% Muscular hypotonia 90% Narrow face 90% Neurological speech impairment 90% Pectus excavatum 90% Prominent nasal bridge 90% Radioulnar synostosis 90% Strabismus 90% Carious teeth 50% Multicystic kidney dysplasia 50% Autosomal recessive inheritance - Dislocated radial head - Generalized hypotonia - Long face - Prominent nose - The Human Phenotype Ontology (HPO) has collected information on how often a sign or symptom occurs in a condition. Much of this information comes from Orphanet, a European rare disease database. The frequency of a sign or symptom is usually listed as a rough estimate of the percentage of patients who have that feature. The frequency may also be listed as a fraction. The first number of the fraction is how many people had the symptom, and the second number is the total number of people who were examined in one study. For example, a frequency of 25/25 means that in a study of 25 people all patients were found to have that symptom. Because these frequencies are based on a specific study, the fractions may be different if another group of patients are examined. Sometimes, no information on frequency is available. In these cases, the sign or symptom may be rare or common.","What are the signs and symptoms of Der Kaloustian Mcintosh Silver syndrome? The Human Phenotype Ontology provides the following list of signs and symptoms for Der Kaloustian Mcintosh Silver syndrome. If the information is available, the table below includes how often the symptom is seen in people with this condition. You can use the MedlinePlus Medical Dictionary to look up the definitions for these medical terms. Signs and Symptoms Approximate number of patients (when available) Abnormality of the fingernails 90% Abnormality of the toenails 90% Cognitive impairment 90% Delayed skeletal maturation 90% Hypertrichosis 90% Hypertelorism 90% Low-set, posteriorly rotated ears 90% Muscular hypotonia 90% Narrow mouth 90% Short stature 90% Strabismus 90% Wide nasal bridge 90% Abnormality of the hip bone 50% Abnormality of the ribs 50% Aplasia/Hypoplasia of the eyebrow 50% Cataract 50% Cryptorchidism 50% Epicanthus 50% Frontal bossing",15.831513866000023
Is Pelizaeus-Merzbacher disease inherited ?,How is Pelizaeus-Merzbacher disease inherited?,"This condition is inherited in an X-linked recessive pattern. The gene associated with this condition is located on the X chromosome, which is one of the two sex chromosomes. In males (who have only one X chromosome), one altered copy of the gene in each cell is sufficient to cause the condition. In females (who have two X chromosomes), a mutation would have to occur in both copies of the gene to cause the disorder. Because it is unlikely that females will have two altered copies of this gene, males are affected by X-linked recessive disorders much more frequently than females. A characteristic of X-linked inheritance is that fathers cannot pass X-linked traits to their sons.",8.394077329999845
What are the symptoms of Celiac Disease ?,"A person may experience digestive signs and symptoms, or symptoms in other parts of the body. Digestive signs and symptoms are more common in children and can include - abdominal bloating - chronic diarrhea - constipation - gas - pale, foul-smelling, or fatty stool - stomach pain - nausea - vomiting Being unable to absorb nutrients during the years when nutrition is critical to a child's normal growth and development can lead to other health problems, such as - failure to thrive in infants - slowed growth and short stature - weight loss - irritability or change in mood - delayed puberty - dental enamel defects of permanent teeth Adults are less likely to have digestive signs and symptoms and may instead have one or more of the following: - anemia - bone or joint pain - canker sores inside the mouth - depression or anxiety - dermatitis herpetiformis, an itchy, blistering skin rash - fatigue, or feeling tired - infertility or recurrent miscarriage - missed menstrual periods - seizures - tingling numbness in the hands and feet - weak and brittle bones, or osteoporosis - headaches Intestinal inflammation can cause other symptoms, such as - feeling tired for long periods of time - abdominal pain and bloating - ulcers - blockages in the intestine Celiac disease can produce an autoimmune reaction, or a self-directed immune reaction, in which a person's immune system attacks healthy cells in the body. This reaction can spread outside of the gastrointestinal tract to affect other areas of the body, including the - spleen - skin - nervous system - bones - joints Recognizing celiac disease can be difficult because some of its symptoms are similar to those of other diseases and conditions. Celiac disease can be confused with - irritable bowel syndrome (IBS) - iron-deficiency anemia caused by menstrual blood loss - lactose intolerance - inflammatory bowel disease - diverticulitis - intestinal infections - chronic fatigue syndrome As a result, celiac disease has long been underdiagnosed or misdiagnosed. As health care providers become more aware of the many varied symptoms of the disease and reliable blood tests become more available, diagnosis rates are increasing, particularly for adults. Dermatitis Herpetiformis Dermatitis herpetiformis is a chronic, itchy, blistering skin rashusually on the elbows, knees, buttocks, back, or scalpthat affects about 5 to 10 percent of people with celiac disease.3 Men with dermatitis herpetiformis may also have oral or genital lesions. People with dermatitis herpetiformis may have no other signs or symptoms of celiac disease. Skin deposits of antibodiesproteins that react against the body's own cells or tissuescommon in celiac disease cause dermatitis herpetiformis. Ingesting gluten triggers these antibodies. More information is provided in the NIDDK health topic, Dermatitis Herpetiformis: Skin Manifestation of Celiac Disease.","The most common symptom of celiac disease is digestive problems. These can include - diarrhea - constipation - gas and bloating - weight loss - abdominal pain or cramping - nausea and vomiting - fatigue - anemia, which occurs when you have a low number of red blood cells in your body The symptoms of celiac disease may resemble other conditions or medical problems. Always consult your doctor for a diagnosis.",5.105237305999935
How many people are affected by osteogenesis imperfecta ?,"This condition affects an estimated 6 to 7 per 100,000 people worldwide. Types I and IV are the most common forms of osteogenesis imperfecta, affecting 4 to 5 per 100,000 people.","Osteogenesis imperfecta is one of the most common inherited disorders worldwide. It affects about 1 in 20,000 to 30,000 individuals.",2.4420825400000012
"What are the genetic changes related to mitochondrial encephalomyopathy, lactic acidosis, and stroke-like episodes ?","MELAS can result from mutations in one of several genes, including MT-ND1, MT-ND5, MT-TH, MT-TL1, and MT-TV. These genes are found in the DNA of cellular structures called mitochondria, which convert the energy from food into a form that cells can use. Although most DNA is packaged in chromosomes within the nucleus, mitochondria also have a small amount of their own DNA, known as mitochondrial DNA or mtDNA. Some of the genes related to MELAS provide instructions for making proteins involved in normal mitochondrial function. These proteins are part of a large enzyme complex in mitochondria that helps convert oxygen, fats, and simple sugars to energy. Other genes associated with this disorder provide instructions for making molecules called transfer RNAs (tRNAs), which are chemical cousins of DNA. These molecules help assemble protein building blocks called amino acids into full-length, functioning proteins within mitochondria. Mutations in a particular transfer RNA gene, MT-TL1, cause more than 80 percent of all cases of MELAS. These mutations impair the ability of mitochondria to make proteins, use oxygen, and produce energy. Researchers have not determined how changes in mtDNA lead to the specific signs and symptoms of MELAS. They continue to investigate the effects of mitochondrial gene mutations in different tissues, particularly in the brain.","Mitochondrial encephalomyopathy, lactic acidosis, and stroke-like episodes (MELAS) is caused by mutations in the MT-TL1 gene. This gene provides instructions for making one part of a protein called NADH dehydrogenase 1 (NADH dehydrogenase). The NADH dehydrogenase complex is an enzyme that plays a critical role in mitochondria. Mitochondria are energy-producing structures found in cells; they convert nutrients from food into adenosine triphosphate (ATP), which is used by cells to supply energy. The NADH dehydrogenase complex helps produce ATP by converting molecules called nicotinamide adenine dinucleotide (NAD+) and NADH into another molecule called NADH. Mutations in the MT-TL1 gene lead to the production of an abnormal version of NADH dehydrogenase. As a result, the NADH dehydrogenase complex cannot efficiently convert NAD+ and NADH into NADH. Instead, these molecules build up inside mitochondria, causing them to become damaged or die. Damage to mitochondria leads to a shortage of ATP available to support cell function. A lack of ATP imp",15.902003166999975
What is (are) Stress ?,"Everyone feels stressed from time to time. Not all stress is bad. All animals have a stress response, and it can be life-saving. But chronic stress can cause both physical and mental harm. There are at least three different types of stress: - Routine stress related to the pressures of work, family, and other daily responsibilities - Stress brought about by a sudden negative change, such as losing a job, divorce, or illness - Traumatic stress, which happens when you are in danger of being seriously hurt or killed. Examples include a major accident, war, assault, or a natural disaster. This type of stress can cause post-traumatic stress disorder (PTSD). Different people may feel stress in different ways. Some people experience digestive symptoms. Others may have headaches, sleeplessness, depressed mood, anger, and irritability. People under chronic stress get more frequent and severe viral infections, such as the flu or common cold. Vaccines, such as the flu shot, are less effective for them. Some people cope with stress more effectively than others. It's important to know your limits when it comes to stress, so you can avoid more serious health effects. NIH: National Institute of Mental Health","Stress can be a normal part of life. It's the body's response to any kind of demand or pressure, such as - A big test at school - A job interview - A traffic jam on your way to work - A fight with a friend or family member - An illness or injury - A natural disaster - A car accident - A death in the family - A divorce - A move to a new home - A change in your daily routine - The birth of a child - Getting married - Having children - Retirement - Starting a new business - Being unemployed - Losing your job - Moving to another country - Going through menopause - Becoming disabled - Being overweight - Not having enough money - Not being able to find time for yourself - Not getting enough sleep - Not eating well - Not exercising - Not taking care of yourself - Not knowing what you want To cope with stress, try these tips: - Take deep breaths and relax. - Try to think about the problem logically rather than emotionally. - Talk things out with someone who cares about you. - Do something that makes you feel good, like exercise or listening to music. - Get some rest. - Eat healthy foods. - Don't drink too much alcohol. - Don't smoke.",15.680268051999974
What is (are) Infectious Arthritis ?,"Most kinds of arthritis cause pain and swelling in your joints. Joints are places where two bones meet, such as your elbow or knee. Infectious arthritis is an infection in the joint. The infection comes from a bacterial, viral, or fungal infection that spreads from another part of the body. Symptoms of infectious arthritis include - Intense pain in the joint - Joint redness and swelling - Chills and fever - Inability to move the area with the infected joint One type of infectious arthritis is reactive arthritis. The reaction is to an infection somewhere else in your body. The joint is usually the knee, ankle, or toe. Sometimes, reactive arthritis is set off by an infection in the bladder, or in the urethra, which carries urine out of the body. In women, an infection in the vagina can cause the reaction. For both men and women, it can start with bacteria passed on during sex. Another form of reactive arthritis starts with eating food or handling something that has bacteria on it. To diagnose infectious arthritis, your health care provider may do tests of your blood, urine, and joint fluid. Treatment includes medicines and sometimes surgery.","Infectious arthritis is a type of joint infection. It can affect any joint in the body, but most often affects the knee, ankle, or finger joints. The bacteria that cause infectious arthritis are usually spread through contact with an infected person's bodily fluids such as blood, saliva, urine, and sweat. In some cases, it may be caused by a bite from a tick carrying Borrelia burgdorferi, which causes Lyme disease. Other possible causes include - Trauma to the joint - An artificial joint - A foreign object in the joint - Some medicines, including corticosteroids and certain chemotherapy drugs",7.785235435000004
What are the treatments for autosomal recessive hypotrichosis ?,These resources address the diagnosis or management of autosomal recessive hypotrichosis: - American Academy of Dermatology: Hair Loss: Tips for Managing - Genetic Testing Registry: Hypotrichosis 8 These resources from MedlinePlus offer information about the diagnosis and management of various health conditions: - Diagnostic Tests - Drug Therapy - Surgery and Rehabilitation - Genetic Counseling - Palliative Care,These resources address the diagnosis or management of autosomal recessive hypotrichosis: - Gene Review: Gene Review: Autosomal Recessive Hypotrichosis - Genetic Testing Registry: Autosomal recessive hypotrichosis These resources from MedlinePlus offer information about the diagnosis and management of various health conditions: - Diagnostic Tests - Drug Therapy - Surgery and Rehabilitation - Genetic Counseling - Palliative Care,4.933225866000157
What is (are) Multiple familial trichoepithelioma ?,"Multiple familial trichoepithelioma is a rare condition characterized by multiple smooth, round, firm, skin-colored tumors (trichoepitheliomas) that usually occur on the face, but may also occur on the scalp, neck, and trunk. The tumors are derived from immature hair follicles. They usually first develop during childhood or adolescence and may grow larger and increase in number over time. The condition can be caused by alterations (mutations) in the CYLD gene or by mutations in other genes which are still unknown. The condition may be divided in two subtypes, multiple familial trichoepithelioma type 1 and multiple familial trichoepithelioma type 2. Susceptibility to multiple familial trichoepithelioma is inherited in an autosomal dominant fashion, which means one copy of the altered gene in each cell increases the risk of developing this condition. However, a second, non-inherited mutation is required for development of skin appendage tumors in this disorder.Treatment often involves surgery to remove a single lesion and cryosurgery or laser surgery for multiple ones.","Multiple familial trichoepithelioma is a rare condition characterized by the development of multiple benign skin tumors called trichoepitheliomas. These tumors are usually found on the face, neck and scalp but can occur anywhere on the body. The number of affected individuals in families with this condition varies from 1 to 20 people per generation. In some cases, the condition appears to be inherited in an autosomal dominant manner; however, it has also been reported as being sporadic or occurring for no apparent reason. Treatment may include surgical removal of the lesions.",7.10954156899993
What are the symptoms of X-linked magnesium deficiency with Epstein-Barr virus infection and neoplasia ?,"What are the signs and symptoms of X-linked magnesium deficiency with Epstein-Barr virus infection and neoplasia? The Human Phenotype Ontology provides the following list of signs and symptoms for X-linked magnesium deficiency with Epstein-Barr virus infection and neoplasia. If the information is available, the table below includes how often the symptom is seen in people with this condition. You can use the MedlinePlus Medical Dictionary to look up the definitions for these medical terms. Signs and Symptoms Approximate number of patients (when available) Decreased number of CD4+ T cells - Decreased T cell activation - Immunodeficiency - Lymphoma - Recurrent viral infections - X-linked inheritance - The Human Phenotype Ontology (HPO) has collected information on how often a sign or symptom occurs in a condition. Much of this information comes from Orphanet, a European rare disease database. The frequency of a sign or symptom is usually listed as a rough estimate of the percentage of patients who have that feature. The frequency may also be listed as a fraction. The first number of the fraction is how many people had the symptom, and the second number is the total number of people who were examined in one study. For example, a frequency of 25/25 means that in a study of 25 people all patients were found to have that symptom. Because these frequencies are based on a specific study, the fractions may be different if another group of patients are examined. Sometimes, no information on frequency is available. In these cases, the sign or symptom may be rare or common.","What are the signs and symptoms of X-linked magnesium deficiency with Epstein-Barr virus infection and neoplasia? The Human Phenotype Ontology provides the following list of signs and symptoms for X-linked magnesium deficiency with Epstein-Barr virus infection and neoplasia. If the information is available, the table below includes how often the symptom is seen in people with this condition. You can use the MedlinePlus Medical Dictionary to look up the definitions for these medical terms. Signs and Symptoms Approximate number of patients (when available) Abnormality of metabolism/homeostasis - Autosomal recessive inheritance - Cytopenias - Demyelinating neuropathy - Epstein-Barr virus-associated lymphoma - Hepatomegaly - Hypomagnesemia - Lymphadenopathy - Neoplasm - Osteomyelitis - Polyneuropathy - Splenomegaly - Thrombocytopenia - The Human Phenotype Ontology (HPO) has collected information on how often a sign or symptom occurs in a condition. Much of this information comes from Orphanet, a European rare disease database. The frequency of a sign or symptom is usually listed as a rough estimate of the percentage of patients who have that feature. The frequency",15.571397402999992
What is (are) Brain Aneurysm ?,"A brain aneurysm is an abnormal bulge or ""ballooning"" in the wall of an artery in the brain. They are sometimes called berry aneurysms because they are often the size of a small berry. Most brain aneurysms produce no symptoms until they become large, begin to leak blood, or burst. If a brain aneurysm presses on nerves in your brain, it can cause signs and symptoms. These can include - A droopy eyelid - Double vision or other changes in vision - Pain above or behind the eye - A dilated pupil - Numbness or weakness on one side of the face or body Treatment depends on the size and location of the aneurysm, whether it is infected, and whether it has burst. If a brain aneurysm bursts, symptoms can include a sudden, severe headache, nausea and vomiting, stiff neck, loss of consciousness, and signs of a stroke. Any of these symptoms requires immediate medical attention. NIH: National Heart, Lung, and Blood Institute","A brain aneurysm is a bulge or balloon-like swelling in the wall of a blood vessel in your brain. The most common type of brain aneurysm occurs in arteries that supply blood to the brain, called cerebral vessels. Brain aneurysms can occur anywhere along these arteries but are more likely to develop in arteries near the base of the brain.",4.77066703100013
What are the symptoms of Keratosis follicularis spinulosa decalvans ?,"What are the signs and symptoms of Keratosis follicularis spinulosa decalvans? The Human Phenotype Ontology provides the following list of signs and symptoms for Keratosis follicularis spinulosa decalvans. If the information is available, the table below includes how often the symptom is seen in people with this condition. You can use the MedlinePlus Medical Dictionary to look up the definitions for these medical terms. Signs and Symptoms Approximate number of patients (when available) Alopecia 90% Aplasia/Hypoplasia of the eyebrow 90% Hyperkeratosis 90% Ichthyosis 90% Abnormality of the fingernails 50% Blepharitis 50% Myopia 50% Opacification of the corneal stroma 50% Retinal detachment 50% Abnormality of dental color 7.5% Abnormality of dental enamel 7.5% Carious teeth 7.5% Eczema 7.5% Conjunctivitis - Corneal dystrophy - Dry skin - Dystrophic fingernails - Ectropion - Facial erythema - Follicular hyperkeratosis - Heterogeneous - Keratitis - Nail dysplasia - Palmoplantar keratoderma - Perifollicular fibrosis - Photophobia - Scarring alopecia of scalp - Sparse eyebrow - Sparse eyelashes - X-linked recessive inheritance - The Human Phenotype Ontology (HPO) has collected information on how often a sign or symptom occurs in a condition. Much of this information comes from Orphanet, a European rare disease database. The frequency of a sign or symptom is usually listed as a rough estimate of the percentage of patients who have that feature. The frequency may also be listed as a fraction. The first number of the fraction is how many people had the symptom, and the second number is the total number of people who were examined in one study. For example, a frequency of 25/25 means that in a study of 25 people all patients were found to have that symptom. Because these frequencies are based on a specific study, the fractions may be different if another group of patients are examined. Sometimes, no information on frequency is available. In these cases, the sign or symptom may be rare or common.","What are the signs and symptoms of Keratosis follicularis spinulosa decalvans? The Human Phenotype Ontology provides the following list of signs and symptoms for Keratosis follicularis spinulosa decalvans. If the information is available, the table below includes how often the symptom is seen in people with this condition. You can use the MedlinePlus Medical Dictionary to look up the definitions for these medical terms. Signs and Symptoms Approximate number of patients (when available) Abnormality of the hair 90% Alopecia 90% Hyperkeratosis 90% Thickened skin 90% Autosomal dominant inheritance - Follicular keratosis - Sporadic - The Human Phenotype Ontology (HPO) has collected information on how often a sign or symptom occurs in a condition. Much of this information comes from Orphanet, a European rare disease database. The frequency of a sign or symptom is usually listed as a rough estimate of the percentage of patients who have that feature. The frequency may also be listed as a fraction. The first number of the fraction is how many people had the symptom, and the second number is the total number of people who were examined in one study.",15.899111919000006
What causes Transposition of the great arteries ?,"What causes transposition of the great arteries (TGA)? The exact cause of TGA remains unknown. Some possible associated risk factors that have been proposed include gestational diabetes mellitus, maternal exposure to rodenticides and herbicides, and maternal use of anti-epileptic drugs. Changes (mutations) in specific genes including the GDF1, CFC1 and MED13L (also called THRAP2) genes have been implicated in only a small minority of TGA cases.","What causes transposition of the great arteries? The exact cause of transposition of the great arteries (TGA) is unknown. It may be caused by a combination of genetic and environmental factors, including: Chromosomal abnormalities such as trisomy 13 or 18 Environmental toxins Exposure to certain medications during pregnancy",4.086979451999923
What is (are) Diabetic Retinopathy ?,"National Eye Institute National Institutes of Health 2020 Vision Place Bethesda, MD 20892-3655 301-496-5248 E-mail: 2020@nei.nih.gov www.nei.nih.gov Find eye health organizations that address diabetic eye disease.","Diabetes is a disease in which blood sugar levels are too high. Over time, diabetes can cause damage to the eyes and other parts of your body. The most common eye problems caused by diabetes are diabetic retinopathy and cataracts. These conditions can lead to blindness if not treated. If you have diabetes, it's important that you see an ophthalmologist or optometrist regularly for checkups. Early treatment can help prevent vision loss.",5.665464729000178
What are the genetic changes related to 17-beta hydroxysteroid dehydrogenase 3 deficiency ?,"Mutations in the HSD17B3 gene cause 17-beta hydroxysteroid dehydrogenase 3 deficiency. The HSD17B3 gene provides instructions for making an enzyme called 17-beta hydroxysteroid dehydrogenase 3. This enzyme is active in the testes, where it helps to produce testosterone from a precursor hormone called androstenedione. Mutations in the HSD17B3 gene result in a 17-beta hydroxysteroid dehydrogenase 3 enzyme with little or no activity, reducing testosterone production. A shortage of testosterone affects the development of the reproductive tract in the male fetus, resulting in the abnormalities in the external sex organs that occur in 17-beta hydroxysteroid dehydrogenase 3 deficiency. At puberty, conversion of androstenedione to testosterone increases in various tissues of the body through processes involving other enzymes. The additional testosterone results in the development of male secondary sex characteristics in adolescents, including those with 17-beta dehydrogenase 3 deficiency. A portion of the androstenedione is also converted to the female sex hormone estrogen. Since impairment of the conversion to testosterone in this disorder results in excess androstenedione in the body, a corresponding excess of estrogen may be produced, leading to breast enlargement in some affected individuals.","Mutations in the HSD3B2 gene cause 17-beta hydroxysteroid dehydrogenase 3 deficiency. The HSD3B2 gene provides instructions for making an enzyme called 17-beta-hydroxysteroid dehydrogenase type II (17beta-HSD). This enzyme is found primarily in cells of the adrenal glands, which sit on top of each kidney and produce hormones that regulate many body processes. One of these hormones, cortisol, helps control inflammation and immune responses by regulating the activity of other hormones. Another hormone produced by the adrenal glands, aldosterone, regulates fluid balance and blood pressure. Mutations in the HSD3B2 gene reduce or eliminate the function of 17beta-HSD. Without this enzyme's normal function, the adrenal glands cannot convert cortisone into cortisol. As a result, there is not enough cortisol available to help maintain homeostasis during stress. Cortisol also plays a role in controlling levels of sodium and water in the body. A lack of cortisol can lead to low sodium levels (hyponatremia) and high water retention (edema), particularly in the legs and abdomen. Aldosterone production may be affected as well; however, it is unclear how this affects",15.8822739430002
Do you have information about Patient Rights,"Summary : As a patient, you have certain rights. Some are guaranteed by federal law, such as the right to get a copy of your medical records, and the right to keep them private. Many states have additional laws protecting patients, and healthcare facilities often have a patient bill of rights. An important patient right is informed consent. This means that if you need a treatment, your health care provider must give you the information you need to make a decision. Many hospitals have patient advocates who can help you if you have problems. Many states have an ombudsman office for problems with long term care. Your state's department of health may also be able to help.","Summary : As a patient, you are entitled to certain rights. These include - The right to be informed of your diagnosis and treatment options - The right to privacy - The right to receive care in an environment that is safe and free from abuse or neglect - The right to refuse medical treatment - The right to participate in decisions about your own health - The right to ask questions about the quality of care offered at your facility",5.280919092999966
Is Beta-thalassemia inherited ?,"How is beta-thalassemia inherited? Beta-thalassemia major and beta-thalassemia intermedia are usually inherited in an autosomal recessive manner, which means both copies of the HBB gene in each cell have mutations. The parents of a person with an autosomal recessive condition each carry one copy of the mutated gene and are referred to as carriers. When two carriers have children, each child has a 25% (1 in 4) chance to be affected, a 50% (1 in 2) chance to be a carrier like each parent, and a 25% (1 in 4) chance to be unaffected and not be a carrier. Sometimes, people with only one HBB gene mutation in each cell (carriers) do have mild anemia. These people are said to have 'beta-thalassemia minor' or 'beta-thalassemia trait.' In a small percentage of families, the condition is inherited in an autosomal dominant manner. In these cases, one mutated copy of the gene in each cell is enough to cause the signs and symptoms of beta-thalassemia.","How is beta-thalassemia inherited? Beta-thalassemia is inherited in an autosomal recessive manner. This means that to be affected, a person must have a mutation in both copies of the responsible gene in each cell. The parents of an affected person usually each carry one mutated copy of the gene and are referred to as carriers. Carriers typically do not show signs or symptoms of the condition. When two carriers of an autosomal recessive condition have children, each child has a 25% (1 in 4) risk to have the condition, a 50% (1 in 2) risk to be a carrier like each of the parents, and a 25% chance to not have the condition and not be a carrier.",9.925382979000005
What are the symptoms of Acrodermatitis enteropathica ?,"What are the signs and symptoms of Acrodermatitis enteropathica? The Human Phenotype Ontology provides the following list of signs and symptoms for Acrodermatitis enteropathica. If the information is available, the table below includes how often the symptom is seen in people with this condition. You can use the MedlinePlus Medical Dictionary to look up the definitions for these medical terms. Signs and Symptoms Approximate number of patients (when available) Abnormal blistering of the skin 90% Abnormality of the eyebrow 90% Alopecia 90% Cerebral cortical atrophy 90% Diarrhea 90% Dry skin 90% Malabsorption 90% Pustule 90% Short stature 90% Abnormality of the fingernails 50% Abnormality of the toenails 50% Cheilitis 50% Furrowed tongue 50% Glossitis 50% Inflammatory abnormality of the eye 50% Photophobia 50% Skin ulcer 50% Anorexia 7.5% Corneal erosion 7.5% Visual impairment 7.5% Weight loss 7.5% Alopecia of scalp - Ataxia - Autosomal recessive inheritance - Decreased taste sensation - Decreased testicular size - Decreased testosterone in males - Emotional lability - Failure to thrive - Hepatomegaly - Hypogonadism - Impaired T cell function - Infantile onset - Irritability - Lethargy - Low alkaline phosphatase - Paronychia - Poor appetite - Recurrent candida infections - Splenomegaly - Tremor - The Human Phenotype Ontology (HPO) has collected information on how often a sign or symptom occurs in a condition. Much of this information comes from Orphanet, a European rare disease database. The frequency of a sign or symptom is usually listed as a rough estimate of the percentage of patients who have that feature. The frequency may also be listed as a fraction. The first number of the fraction is how many people had the symptom, and the second number is the total number of people who were examined in one study. For example, a frequency of 25/25 means that in a study of 25 people all patients were found to have that symptom. Because these frequencies are based on a specific study, the fractions may be different if another group of patients are examined. Sometimes, no information on frequency is available. In these cases, the sign or symptom may be rare or common.","What are the signs and symptoms of Acrodermatitis enteropathica? The Human Phenotype Ontology provides the following list of signs and symptoms for Acrodermatitis enteropathica. If the information is available, the table below includes how often the symptom is seen in people with this condition. You can use the MedlinePlus Medical Dictionary to look up the definitions for these medical terms. Signs and Symptoms Approximate number of patients (when available) Abnormality of the skin 90% Alopecia 90% Hyperkeratosis 90% Inflammatory abnormality of the eye 90% Nausea and vomiting 90% Abdominal pain 50% Anemia 50% Arthralgia 50% Cataract 50% Constipation 50% Diarrhea 50% Dry skin 50% Gastrointestinal hemorrhage 50% Hematuria 50% Hepatic failure 50% Jaundice 50% Malabsorption 50% Migraine 50% Osteoporosis 50% Recurrent infections 50% Respiratory distress 50% Seizures 5",15.968309247999969
"What is (are) Periodic fever, aphthous stomatitis, pharyngitis and adenitis ?","Periodic fever, aphthous stomatitis, pharyngitis, cervical adenitis (PFAPA) is a periodic disease, which is a heterogeneous group of disorders characterized by short episodes of illness that regularly recur for several years alternated with healthy periods. PFAPA is characterized by high fevers lasting three to six days and recurring every 21 to 28 days, accompanied by some or all of the signs noted in its name, namely mouth sores (aphthous stomatitis), sore throat (pharyngitis), and enlarged lymph nodes (cervical adenitis). The syndrome usually occurs in children younger than five years; although it has been reported in children up to 13 years. The syndrome is sporadic and non-hereditary. The course of PFAPA can be persistent for years before spontaneous, full resolution.","Periodic fever, aphthous stomatitis, pharyngitis and adenitis (PFAPA), also known as Kawasaki disease or mumps-like syndrome, is a rare childhood illness characterized by recurrent fevers lasting for weeks to months. The cause of PFAPA is unknown but it may be related to an autoimmune disorder in which the body's immune system attacks its own tissues and organs. It usually occurs between 6 months and 5 years of age. Symptoms include high fever, swollen lymph nodes, red throat, mouth sores, rash, and inflammation of the lining of the nose and throat. In some cases, there are no symptoms at all. Treatment includes antibiotics, aspirin, corticosteroids, and intravenous immunoglobulin.",9.45934244
What are the treatments for Lupus Nephritis ?,"Lupus nephritis is treated with medications that suppress the immune system, so it stops attacking and damaging the kidneys. Standard treatment includes a corticosteroid, usually prednisone, to reduce inflammation in the kidneys. An immunosuppressive medication, such as cyclophosphamide or mycophenolate mofetil, is typically used with prednisone. These medicationswhen taken as prescribed by a health care providerfurther decrease the activity of the immune system and block the bodys immune cells from attacking the kidneys directly or making antibodies that attack the kidneys. Antibodies are proteins made by the immune system to protect the body from foreign substances such as bacteria or viruses. Hydroxychloroquine, a medication for treating SLE, should also be prescribed or continued for people with lupus nephritis. People with lupus nephritis that is causing high blood pressure may need to take medications that lower their blood pressure and can also significantly slow the progression of kidney disease. Two types of blood pressure lowering medications, angiotensin-converting enzyme (ACE) inhibitors and angiotensin receptor blockers (ARBs), have proven effective in slowing the progression of kidney disease. Many people require two or more medications to control their blood pressure. In addition to an ACE inhibitor or an ARB, a diuretica medication that helps the kidneys remove fluid from the bodymay be prescribed. Beta blockers, calcium channel blockers, and other blood pressure medications may also be needed. Blood pressure is written with two numbers separated by a slash, 120/80, and is said as 120 over 80. The top number is called the systolic pressure and represents the pressure as the heart beats and pushes blood through the blood vessels. The bottom number is called the diastolic pressure and represents the pressure as blood vessels relax between heartbeats. High blood pressure is a systolic pressure of 140 or above or a diastolic pressure of 90 or above.2","Treatment of lupus nephritis depends on the severity and stage of kidney damage. The goal is to slow or stop the progression of kidney disease, prevent complications, and improve symptoms. Treatment may include - medications that reduce inflammation in the kidneys - dialysis - a procedure that filters blood when the kidneys fail - a transplant of a healthy kidney into the body",4.427922148000107
What is (are) Myhre syndrome ?,"Myhre syndrome is a condition with features affecting many systems and functions of the body. People with Myhre syndrome usually have delayed development of language and motor skills such as crawling and walking. Most have intellectual disability that ranges from mild to moderate. Some have behavioral issues such as features of autism or related developmental disorders affecting communication and social interaction. People with Myhre syndrome often have hearing loss, which can be caused by changes in the inner ear (sensorineural deafness), changes in the middle ear (conductive hearing loss), or both (mixed hearing loss). Growth is reduced in people with this disorder, beginning before birth and continuing through adolescence. Affected individuals have a low birth weight and are generally shorter than about 97 percent of their peers throughout life. People with Myhre syndrome typically have stiffness of the skin and are usually described as having a muscular appearance. Skeletal abnormalities associated with this disorder include thickening of the skull bones, flattened bones of the spine (platyspondyly), broad ribs, underdevelopment of the winglike structures of the pelvis (hypoplastic iliac wings), and unusually short fingers and toes (brachydactyly). Affected individuals often have joint problems (arthropathy), including stiffness and limited mobility. Typical facial features in people with Myhre syndrome include narrow openings of the eyelids (short palpebral fissures), a shortened distance between the nose and upper lip (a short philtrum), a sunken appearance of the middle of the face (midface hypoplasia), a small mouth with a thin upper lip, and a protruding jaw (prognathism). Some affected individuals also have an opening in the roof of the mouth (a cleft palate), a split in the lip (a cleft lip), or both. Other features that occur in some people with this disorder include constriction of the throat (laryngotracheal stenosis), high blood pressure (hypertension), heart or eye abnormalities, and in males, undescended testes (cryptorchidism). A disorder sometimes called laryngotracheal stenosis, arthropathy, prognathism, and short stature (LAPS) syndrome is now generally considered to be the same condition as Myhre syndrome because it has similar symptoms and the same genetic cause.","Myhre syndrome is a rare disorder characterized by the presence of multiple congenital heart defects. The most common type of defect in people with this condition involves abnormal connections between the upper and lower chambers of the heart (the atria and ventricles). These abnormalities can cause blood to flow abnormally through the heart, which may lead to life-threatening complications such as fluid buildup around the lungs or an accumulation of blood in the lung arteries (pulmonary hypertension). Other features of myhre syndrome include malformations of the brain, spine, limbs, and other parts of the body. People with myhre syndrome typically have several heart defects that are present at birth (congenital), but some affected individuals develop additional heart problems later in childhood or adulthood.",9.595928220999895
What are the symptoms of Alpha-mannosidosis type 1 ?,"What are the signs and symptoms of Alpha-mannosidosis type 1? The Human Phenotype Ontology provides the following list of signs and symptoms for Alpha-mannosidosis type 1. If the information is available, the table below includes how often the symptom is seen in people with this condition. You can use the MedlinePlus Medical Dictionary to look up the definitions for these medical terms. Signs and Symptoms Approximate number of patients (when available) Abnormality of the tongue 90% Cataract 90% Coarse facial features 90% Cognitive impairment 90% Craniofacial hyperostosis 90% Delayed skeletal maturation 90% Depressed nasal bridge 90% Hearing impairment 90% Hepatomegaly 90% Opacification of the corneal stroma 90% Skeletal dysplasia 90% Splenomegaly 90% Type II diabetes mellitus 90% Abnormality of the helix 50% Abnormality of the hip bone 50% Abnormality of the palate 50% Bowing of the long bones 50% Dental malocclusion 50% Gingival overgrowth 50% Hernia of the abdominal wall 50% Hypertelorism 50% Kyphosis 50% Macrotia 50% Muscular hypotonia 50% Otitis media 50% Prominent supraorbital ridges 50% Scoliosis 50% Short neck 50% Arthritis 7.5% Aseptic necrosis 7.5% Hallucinations 7.5% Increased intracranial pressure 7.5% Macrocephaly 7.5% Mandibular prognathia 7.5% Recurrent respiratory infections 7.5% Synostosis of joints 7.5% Abnormality of the rib cage - Autosomal recessive inheritance - Babinski sign - Broad forehead - Cerebellar atrophy - Decreased antibody level in blood - Depressed nasal ridge - Dysarthria - Dysostosis multiplex - Epicanthus - Femoral bowing - Flat occiput - Frontal bossing - Gait ataxia - Growth delay - Hyperreflexia - Hypertrichosis - Hypoplasia of midface - Impaired smooth pursuit - Increased vertebral height - Inguinal hernia - Intellectual disability - Limb ataxia - Low anterior hairline - Macroglossia - Malar flattening - Nystagmus - Pectus carinatum - Progressive retinal degeneration - Recurrent bacterial infections - Sensorineural hearing impairment - Spasticity - Spinocerebellar tract disease in lower limbs - Spondylolisthesis - Thick eyebrow - Thickened calvaria - Thoracolumbar kyphosis - Vacuolated lymphocytes - Widely spaced teeth - The Human Phenotype Ontology (HPO) has collected information on how often a sign or symptom occurs in a condition. Much of this information comes from Orphanet, a European rare disease database. The frequency of a sign or symptom is usually listed as a rough estimate of the percentage of patients who have that feature. The frequency may also be listed as a fraction. The first number of the fraction is how many people had the symptom, and the second number is the total number of people who were examined in one study. For example, a frequency of 25/25 means that in a study of 25 people all patients were found to have that symptom. Because these frequencies are based on a specific study, the fractions may be different if another group of patients are examined. Sometimes, no information on frequency is available. In these cases, the sign or symptom may be rare or common.","What are the signs and symptoms of Alpha-mannosidosis type 1? The Human Phenotype Ontology provides the following list of signs and symptoms for Alpha-mannosidosis type 1. If the information is available, the table below includes how often the symptom is seen in people with this condition. You can use the MedlinePlus Medical Dictionary to look up the definitions for these medical terms. Signs and Symptoms Approximate number of patients (when available) Abnormality of metabolism/homeostasis - Autosomal recessive inheritance - Cerebral calcification - Cognitive impairment - Congenital hypotonia - Delayed eruption of teeth - Dementia - Dysarthria - Intellectual disability - Lysosomal storage disease - Myopathy - Nystagmus - Osteolysis - Pseudohypoparathyroidism - Seizures - Short stature - Spastic tetraparesis - The Human Phenotype Ontology (HPO) has collected information on how often a sign or symptom occurs in a condition. Much of this information comes from Orphanet, a European rare disease database. The frequency of a sign or symptom is usually listed as a rough estimate of the percentage of patients who have that feature. The frequency may also be listed",16.020200983999985
What is (are) Lactose Intolerance ?,"Lactose intolerance is a condition in which people have digestive symptomssuch as bloating, diarrhea, and gasafter eating or drinking milk or milk products. Lactase deficiency and lactose malabsorption may lead to lactose intolerance: - Lactase deficiency. In people who have a lactase deficiency, the small intestine produces low levels of lactase and cannot digest much lactose. - Lactose malabsorption. Lactase deficiency may cause lactose malabsorption. In lactose malabsorption, undigested lactose passes to the colon. The colon, part of the large intestine, absorbs water from stool and changes it from a liquid to a solid form. In the colon, bacteria break down undigested lactose and create fluid and gas. Not all people with lactase deficiency and lactose malabsorption have digestive symptoms. People have lactose intolerance when lactase deficiency and lactose malabsorption cause digestive symptoms. Most people with lactose intolerance can eat or drink some amount of lactose without having digestive symptoms. Individuals vary in the amount of lactose they can tolerate. People sometimes confuse lactose intolerance with a milk allergy. While lactose intolerance is a digestive system disorder, a milk allergy is a reaction by the bodys immune system to one or more milk proteins. An allergic reaction to milk can be life threatening even if the person eats or drinks only a small amount of milk or milk product. A milk allergy most commonly occurs in the first year of life, while lactose intolerance occurs more often during adolescence or adulthood.1,2 Four Types of Lactase Deficiency Four types of lactase deficiency may lead to lactose intolerance: - Primary lactase deficiency, also called lactase nonpersistence, is the most common type of lactase deficiency. In people with this condition, lactase production declines over time. This decline often begins at about age 2; however, the decline may begin later. Children who have lactase deficiency may not experience symptoms of lactose intolerance until late adolescence or adulthood. Researchers have discovered that some people inherit genes from their parents that may cause a primary lactase deficiency. - Secondary lactase deficiency results from injury to the small intestine. Infection, diseases, or other problems may injure the small intestine. Treating the underlying cause usually improves the lactose tolerance. - Developmental lactase deficiency may occur in infants born prematurely. This condition usually lasts for only a short time after they are born. - Congenital lactase deficiency is an extremely rare disorder in which the small intestine produces little or no lactase enzyme from birth. Genes inherited from parents cause this disorder.","Lactose intolerance means that your body can't digest lactose, the sugar in milk and other dairy products. You may have symptoms of lactose intolerance if you eat or drink foods with lactose and - feel sick to your stomach - get cramps, bloating, gas, diarrhea, or constipation - have a sour smell on your breath - lose weight for no reason - have blood in your stool - have pain in your abdomen - have nausea or vomiting",5.8027050559999225
What are the treatments for Hereditary cerebral hemorrhage with amyloidosis ?,"How might hereditary cerebral hemorrhage with amyloidosis - Dutch type be treated? There is no known effective treatment for hereditary cerebral hemorrhage with amyloidosis - Dutch type. Treatment is supportive and based on the control of symptoms. In some cases, rehabilitation is needed for weakness or clumsiness. This can include physical, occupational, or speech therapy. Occasionally, some patients are good candidates for medications that can help improve memory. The management of intracranial hemorrhage (ICH) related to hereditary cerebral hemorrhage with amyloidosis - Dutch type is identical to the standard management of ICH. The main objectives include reversing anticoagulation, managing intracranial pressure, and preventing complications.","How might hereditary cerebral hemorrhage with amyloidosis be treated? There is no cure for HCA. Treatment of symptoms may include: Anticoagulants to prevent further bleeding and reduce risk of stroke. Medications that lower blood pressure, such as diuretics or beta blockers. Surgery to remove a brain tumor if one has been found.",4.465059341000142
"How many people are affected by X-linked intellectual disability, Siderius type ?","While X-linked intellectual disability of all types and causes is relatively common, with a prevalence of 1 in 600 to 1,000 males, the prevalence of the Siderius type is unknown. Only a few affected families have been described in the scientific literature.",The prevalence of this condition is unknown.,0.5642852870000752
What are the symptoms of Noonan syndrome ?,"What are the signs and symptoms of Noonan syndrome? The Human Phenotype Ontology provides the following list of signs and symptoms for Noonan syndrome. If the information is available, the table below includes how often the symptom is seen in people with this condition. You can use the MedlinePlus Medical Dictionary to look up the definitions for these medical terms. Signs and Symptoms Approximate number of patients (when available) Abnormality of the helix 90% Abnormality of the nipple 90% Abnormality of the palate 90% Abnormality of the pulmonary artery 90% Abnormality of the pulmonary valve 90% Aplasia/Hypoplasia of the abdominal wall musculature 90% Cystic hygroma 90% Enlarged thorax 90% High forehead 90% Hypertelorism 90% Joint hypermobility 90% Low-set, posteriorly rotated ears 90% Malar flattening 90% Muscle weakness 90% Neurological speech impairment 90% Pectus carinatum 90% Pectus excavatum 90% Proptosis 90% Ptosis 90% Short stature 90% Thick lower lip vermilion 90% Thickened nuchal skin fold 90% Triangular face 90% Webbed neck 90% Abnormal dermatoglyphics 50% Abnormality of coagulation 50% Abnormality of the spleen 50% Abnormality of thrombocytes 50% Arrhythmia 50% Coarse hair 50% Cryptorchidism 50% Delayed skeletal maturation 50% Feeding difficulties in infancy 50% Hepatomegaly 50% Low posterior hairline 50% Muscular hypotonia 50% Scoliosis 50% Strabismus 50% Intellectual disability 25% Abnormal hair quantity 7.5% Brachydactyly syndrome 7.5% Clinodactyly of the 5th finger 7.5% Hypogonadism 7.5% Lymphedema 7.5% Melanocytic nevus 7.5% Nystagmus 7.5% Radioulnar synostosis 7.5% Sensorineural hearing impairment 7.5% Abnormal bleeding - Amegakaryocytic thrombocytopenia - Atria septal defect - Autosomal dominant inheritance - Clinodactyly - Coarctation of aorta - Cubitus valgus - Dental malocclusion - Epicanthus - Failure to thrive in infancy - Heterogeneous - High palate - Hypertrophic cardiomyopathy - Kyphoscoliosis - Male infertility - Myopia - Neurofibrosarcoma - Patent ductus arteriosus - Pectus excavatum of inferior sternum - Postnatal growth retardation - Pulmonic stenosis - Radial deviation of finger - Reduced factor XII activity - Reduced factor XIII activity - Shield chest - Short neck - Superior pectus carinatum - Synovitis - Ventricular septal defect - The Human Phenotype Ontology (HPO) has collected information on how often a sign or symptom occurs in a condition. Much of this information comes from Orphanet, a European rare disease database. The frequency of a sign or symptom is usually listed as a rough estimate of the percentage of patients who have that feature. The frequency may also be listed as a fraction. The first number of the fraction is how many people had the symptom, and the second number is the total number of people who were examined in one study. For example, a frequency of 25/25 means that in a study of 25 people all patients were found to have that symptom. Because these frequencies are based on a specific study, the fractions may be different if another group of patients are examined. Sometimes, no information on frequency is available. In these cases, the sign or symptom may be rare or common.","What are the signs and symptoms of Noonan syndrome? The Human Phenotype Ontology provides the following list of signs and symptoms for Noonan syndrome. If the information is available, the table below includes how often the symptom is seen in people with this condition. You can use the MedlinePlus Medical Dictionary to look up the definitions for these medical terms. Signs and Symptoms Approximate number of patients (when available) Abnormality of the fingernails 90% Aplasia/Hypoplasia affecting the eye 90% Cognitive impairment 90% Delayed skeletal maturation 90% Hypertelorism 90% Low-set, posteriorly rotated ears 90% Muscular hypotonia 90% Narrow mouth 90% Short stature 90% Strabismus 90% Ventricular septal defect 90% Abnormality of the palate 50% Abnormality of the teeth 50% Anteverted nares 50% Cleft palate 50% Cryptorchidism 50% Hearing impairment 50% Hyperextensible skin 50% Joint hypermobility 50% Long philtrum 50%",15.726845025999864
What causes Bell's palsy ?,What causes Bell's palsy?,"What causes Bell's palsy? The exact cause of Bell's palsy is unknown. However, it has been suggested that the condition may be caused by a viral infection or inflammation in the facial nerve (cranial nerve VII). Some studies have shown that herpes simplex virus type 1 (HSV-1) can infect the facial nerve and lead to Bell's palsy. Other viruses such as Epstein-Barr virus, cytomegalovirus, varicella-zoster virus, and human papillomavirus have also been associated with Bell's palsy. In addition, some researchers believe that autoimmune factors may play a role in causing Bell's palsy. Autoimmune disorders occur when the immune system malfunctions and attacks the body's own tissues and organs. It is thought that in people who develop Bell's palsy, their immune systems mistakenly attack the facial nerve.",10.710128113999872
What are the treatments for Hereditary angioedema ?,"How might hereditary angioedema be treated? Medical treatment of hereditary angioedema (HAE) consists of preventing attacks and managing acute attacks once they occur. During attacks, patients may require respiratory support. They also may require large amounts of intravenous fluids to maintain hemodynamic stability. Until recently, no effective agent for acute attacks existed in the United States. Now, however, several agents have been approved, and others are in the midst of the U.S. Food and Drug Administration (FDA) approval process. In October 2008, the US FDA approved the use of C1-INH (Cinryze) for prophylaxis to prevent attacks. In October 2009, the FDA approved C1-INH (Berinert) for the treatment of acute abdominal and facial angioedema attacks in adolescents and adults with HAE.In December 2009, ecallantide (Kalbitor), a kallikrein inhibitor, was approved for the treatment of acute attacks. In August 2011, the FDA approved Firazyr (icatibant) Injection for the treatment of acute attacks in people ages 18 years and older. Firazyr can be self-administered through an injection in the abdominal area so patients can treat themselves when they realize they are having an HAE attack. An article from the eMedicine Journal provides more detailed information on these medications and other methods of treating HAE at the following link. You may need to register to view the article, but registration is free. http://emedicine.medscape.com/article/135604-treatment The US Hereditary Angioedema Association also provides additional information about treatment of HAE. http://www.haea.org/treating-hae/treatments/ Orphanet, a database dedicated to information on rare diseases and orphan drugs, provides guidelines regarding emergency management of hereditary angioedema at the following link. http://www.orpha.net/consor/cgi-bin/Disease_Emergency.php?lng=EN&stapage=FICHE_URGENCE_A1","How might hereditary angioedema be treated? Treatment of hereditary angioedema (HAE) is based on the severity and frequency of attacks. Mild cases may not require treatment, while severe cases may need to be treated with medications such as antihistamines or corticosteroids. In some cases, a person may have an allergic reaction that requires immediate medical attention.",4.90438577499981
Who is at risk for Arrhythmia? ?,"Arrhythmias are very common in older adults. Atrial fibrillation (a common type of arrhythmia that can cause problems) affects millions of people, and the number is rising. Most serious arrhythmias affect people older than 60. This is because older adults are more likely to have heart disease and other health problems that can lead to arrhythmias. Older adults also tend to be more sensitive to the side effects of medicines, some of which can cause arrhythmias. Some medicines used to treat arrhythmias can even cause arrhythmias as a side effect. Some types of arrhythmia happen more often in children and young adults. Paroxysmal supraventricular tachycardia (PSVT), including Wolff-Parkinson-White syndrome, is more common in young people. PSVT is a fast heart rate that begins and ends suddenly. Major Risk Factors Arrhythmias are more common in people who have diseases or conditions that weaken the heart, such as: Heart attack Heart failure or cardiomyopathy, which weakens the heart and changes the way electrical signals move through the heart Heart tissue that's too thick or stiff or that hasn't formed normally Leaking or narrowed heart valves, which make the heart work too hard and can lead to heart failure Congenital heart defects (defects present at birth) that affect the heart's structure or function Other conditions also can raise the risk for arrhythmias, such as: High blood pressure Infections that damage the heart muscle or the sac around the heart Diabetes, which increases the risk of high blood pressure and coronary heart disease Sleep apnea, which can stress the heart because the heart doesn't get enough oxygen An overactive or underactive thyroid gland (too much or too little thyroid hormone in the body) Several other risk factors also can raise your risk for arrhythmias. Examples include heart surgery, certain drugs (such as cocaine or amphetamines), or an imbalance of chemicals or other substances (such as potassium) in the bloodstream.","Arrhythmias can affect people of all ages. However, some types are more common in certain groups. For example: - Older adults have the highest rates of arrhythmias. - Women are twice as likely to develop atrial fibrillation (AF) than men. AF is a type of rapid heartbeat that causes blood clots and increases the risk of stroke. - People with heart disease or who take medicines that increase the risk of arrhythmias are at higher risk. - Certain medical conditions also raise your risk for arrhythmias. These include: - Heart failure - High blood pressure - Thyroid problems - Overactive adrenal glands - Sleep apnea - Lung diseases such as chronic obstructive pulmonary disease (COPD), asthma, and cystic fibrosis - Congenital heart defects - Inherited disorders that cause abnormal electrical signals in the heart - Some medications, including beta blockers, calcium channel blockers, diuretics, and stimulants",11.888281786000334
How many people are affected by epidermolysis bullosa simplex ?,"The exact prevalence of epidermolysis bullosa simplex is unknown, but this condition is estimated to affect 1 in 30,000 to 50,000 people. The localized type is the most common form of the condition.",Epidermolysis bullosa simplex is a rare condition; its prevalence is unknown.,1.2221717290003653
How to diagnose Dumping Syndrome ?,"A health care provider will diagnose dumping syndrome primarily on the basis of symptoms. A scoring system helps differentiate dumping syndrome from other GI problems. The scoring system assigns points to each symptom and the total points result in a score. A person with a score above 7 likely has dumping syndrome. The following tests may confirm dumping syndrome and exclude other conditions with similar symptoms: - A modified oral glucose tolerance test checks how well insulin works with tissues to absorb glucose. A health care provider performs the test during an office visit or in a commercial facility and sends the blood samples to a lab for analysis. The person should fasteat or drink nothing except waterfor at least 8 hours before the test. The health care provider will measure blood glucose concentration, hematocritthe amount of red blood cells in the bloodpulse rate, and blood pressure before the test begins. After the initial measurements, the person drinks a glucose solution. The health care provider repeats the initial measurements immediately and at 30-minute intervals for up to 180 minutes. A health care provider often confirms dumping syndrome in people with - low blood sugar between 120 and 180 minutes after drinking the solution - an increase in hematocrit of more than 3 percent at 30 minutes - a rise in pulse rate of more than 10 beats per minute after 30 minutes - A gastric emptying scintigraphy test involves eating a bland mealsuch as eggs or an egg substitutethat contains a small amount of radioactive material. A specially trained technician performs this test in a radiology center or hospital, and a radiologista doctor who specializes in medical imaginginterprets the results. Anesthesia is not needed. An external camera scans the abdomen to locate the radioactive material. The radiologist measures the rate of gastric emptying at 1, 2, 3, and 4 hours after the meal. The test can help confirm a diagnosis of dumping syndrome. - An upper GI endoscopy involves using an endoscopea small, flexible tube with a lightto see the upper GI tract. A gastroenterologista doctor who specializes in digestive diseasesperforms the test at a hospital or an outpatient center. The gastroenterologist carefully feeds the endoscope down the esophagus and into the stomach and duodenum. A small camera mounted on the endoscope transmits a video image to a monitor, allowing close examination of the intestinal lining. A person may receive general anesthesia or a liquid anesthetic that is gargled or sprayed on the back of the throat. If the person receives general anesthesia, a health care provider will place an intravenous (IV) needle in a vein in the arm. The test may show ulcers, swelling of the stomach lining, or cancer. - An upper GI series examines the small intestine. An x-ray technician performs the test at a hospital or an outpatient center and a radiologist interprets the images. Anesthesia is not needed. No eating or drinking is allowed before the procedure, as directed by the health care staff. During the procedure, the person will stand or sit in front of an x-ray machine and drink barium, a chalky liquid. Barium coats the small intestine, making signs of a blockage or other complications of gastric surgery show up more clearly on x rays.","A health care provider diagnoses dumping syndrome based on the symptoms a person has and medical tests. A health care provider may use blood or urine tests, an endoscopy, or other imaging tests to help make a diagnosis. Blood Tests Health care providers often order blood tests to check for low levels of glucose in the body. Glucose is a type of sugar that comes from food. The kidneys remove excess glucose from the blood and send it to the bladder as urine. If the kidneys do not work properly, glucose can build up in the blood instead of being removed by the kidneys. This buildup of glucose in the blood is called hyperglycemia. An endoscopy is a procedure in which a thin, lighted tube with a camera at one end (endoscope) is inserted through the mouth into the small intestine. During an endoscopy, a health care provider uses the endoscope to look inside the small intestine. The health care provider also can take tissue samples (biopsies) during the procedure. Imaging Tests An abdominal x ray is a painless test that takes pictures of the organs inside the abdomen. For this test, a technician places a small amount of barium paste on your skin. Barium helps show the outline of the intestines on the x",15.615092172000004
What is (are) Dermatofibrosarcoma protuberans ?,"Dermatofibrosarcoma protuberans is an uncommon cancer in which tumors arise in the deeper layers of skin. The tumor usually starts as a small, firm patch of skin; it may be purplish, reddish, or flesh-colored. It is commonly found on the torso, usually in the shoulder and chest area. The tumor typically grows slowly but has a tendency to recur after being removed. It rarely spreads to other parts of the body. The cause of DFSP is unknown, but injury to the affected skin may be a predisposing factor. Treatment usually involves surgically removing the tumor. If the tumor is unable to be removed completely, additional therapy may be needed. Regular follow-up is important to monitor for recurrence.","Dermatofibrosarcoma protuberans (DFSP) is a rare, aggressive form of soft tissue sarcoma. It most commonly occurs in the skin and subcutaneous tissues of middle-aged adults. The exact cause of DFSP is unknown but it may be related to an inherited genetic mutation or acquired mutations that occur during life. Treatment usually involves surgery followed by chemotherapy.",4.860713206000128
Do you have information about Smokeless Tobacco,"Summary : Many people who chew tobacco or dip snuff think it's safer than smoking. But you don't have to smoke tobacco for it to be dangerous. Chewing or dipping carries risks like - Cancer of the mouth - Decay of exposed tooth roots - Pulling away of the gums from the teeth - White patches or red sores in the mouth that can turn to cancer Recent research shows the dangers of smokeless tobacco may go beyond the mouth. It might also play a role in other cancers, heart disease and stroke. Smokeless tobacco contains more nicotine than cigarettes. Nicotine is a highly addictive drug that makes it hard to stop using tobacco once you start. Having a quit date and a quitting plan can help you stop successfully. NIH: National Institute of Dental and Craniofacial Research","Summary : You can buy smokeless tobacco in many forms, including pouches and spittoons. It is also called chewing tobacco or snuff. Some people use it to help quit smoking cigarettes. But using smokeless tobacco has risks. It increases your risk of cancer of the mouth, esophagus, throat, and pancreas. It may cause heart disease and stroke. It can lead to gum disease and tooth decay. If you are trying to stop smoking, talk with your doctor before using smokeless tobacco. He or she can give you advice on quitting. NIH: National Cancer Institute",7.393892546000188
How many people are affected by cardiofaciocutaneous syndrome ?,Cardiofaciocutaneous syndrome is a very rare condition whose incidence is unknown. Researchers estimate that 200 to 300 people worldwide have this condition.,Cardiofaciocutaneous syndrome is a rare disorder; its prevalence is unknown.,1.1417306769999414
Is Chanarin-Dorfman syndrome inherited ?,"This condition is inherited in an autosomal recessive pattern, which means both copies of the gene in each cell have mutations. The parents of an individual with an autosomal recessive condition each carry one copy of the mutated gene, but they typically do not show signs and symptoms of the condition.","This condition is inherited in an autosomal dominant pattern, which means one copy of the altered gene in each cell is sufficient to cause the disorder.",1.884068787999695
What are the treatments for Fahr's Syndrome ?,"There is no cure for Fahr's Syndrome, nor is there a standard course of treatment. Treatment addresses symptoms on an individual basis.",There is no cure for Fahr's syndrome. Treatment focuses on managing symptoms and preventing complications.,1.1565409059999183
What are the treatments for Tracheobronchomalacia ?,"How might tracheobronchomalacia be treated? Treatment is only medically necessary in people who have signs and symptoms of tracheobronchomalacia (TBM). Management of symptomatic TBM first involves identifying underlying conditions contributing to symptoms, such as chronic inflammation, compression, or injury. Initial treatment will target these underlying medical concerns. If symptoms persist, people with TBM may undergo pulmonary function tests or other assessments to help guide therapy choice and allow monitoring of the response to treatment. Treatment options may include: Silicone and/or long-term stenting Surgical correction Continuous positive airway pressure (CPAP) Tracheostomy (often used as a last resort as it can sometimes worsen TBM) We strongly recommend that you discuss your treatment options with a healthcare provider.","How might tracheobronchomalacia be treated? Treatment of tracheobronchomalacia (TBM) depends on its cause and severity. In some cases, surgery may be recommended to correct a narrowing in the airway that is causing breathing problems. The type of surgery used will depend on the location of the obstruction. For example, if TBM is caused by an enlarged thyroid gland or a tumor, then surgery may involve removing part or all of the affected tissue. If TBM is caused by scar tissue from previous lung infections, then surgery may involve cutting away the scarred tissue. Other surgical procedures include: - Balloon dilatation - Laser ablation - Radiofrequency ablation - Endoscopic laser resection - Thoracoplasty",9.452385113000219
What is (are) Kidney Failure: Eat Right to Feel Right on Hemodialysis ?,"Sodium is found in salt and other foods. Most canned foods and frozen dinners contain large amounts of sodium. Too much sodium makes you thirsty. But if you drink more fluid, your heart has to work harder to pump the fluid through your body. Over time, this can cause high blood pressure and congestive heart failure. Try to eat fresh foods that are naturally low in sodium Look for products labeled low sodium. Do not use salt substitutes because they contain potassium. Talk with a dietitian about spices you can use to flavor your food. The dietitian can help you find spice blends without sodium or potassium. Talk With a Dietitian Talk with a dietitian about spices and other healthy foods you can use to flavor your diet. List them on the lines below. Spice: _____________________________ Spice: _____________________________ Spice: _____________________________ Food: _____________________________ Food: _____________________________","Hemodialysis patients need a diet that provides the right amount of protein, calories, and nutrients. Protein helps keep your body strong and healthy. It also helps you feel full longer so you don't eat too much at meals. The more protein in your blood, the higher your creatinine level will be. Too much protein can cause high blood pressure or heart problems. A low-protein diet may help lower your creatinine level. You should talk with your health care provider about how much protein you should have each day. Calories are important for everyone. They provide energy for daily activities such as walking, dressing, bathing, and sleeping. If you do not get enough calories from food, you might lose weight. Your health care team can help you plan a calorie-dense meal plan. Nutrients are vitamins, minerals, and other substances found in foods. Vitamins and minerals help your body grow and stay healthy. For example, iron helps make red blood cells. Calcium keeps bones strong. Talk with your health care provider about which vitamins and minerals you need.",13.377578577999884
What are the symptoms of Peutz-Jeghers syndrome ?,"What are the signs and symptoms of Peutz-Jeghers syndrome? Peutz-Jeghers syndrome (PJS) is characterized primarily by an increased risk of growths along the lining of the gastrointestinal tract (called hamartomatous polyps) and certain types of cancer. Polyps are most commonly seen in the small intestines; however, they can also develop in the stomach, large intestines and other parts of the body such as the lungs, gall bladder, nose, and urinary bladder. Although these polyps are generally benign (noncancerous), they can be associated with many health problems including anemia, chronic bleeding, bowel obstruction, and intussusception. PJS-related polyps commonly present in adolescence or early adulthood with approximately a third of affected people experiencing symptoms in the first 10 years of life. People with PJS also have a high lifetime risk of developing cancer. Cancers of the gastrointestinal tract (stomach, small intestine, and colon), breast, pancreas, cervix, ovary, uterus and lungs are among the most commonly reported tumors. Medscape reference offers more specific information regarding the risks for these cancers and the average age of onset. Please click here to view this resource. Most affected people also have characteristic dark blue to dark brown macules around the mouth, eyes, and nostrils; near the anus (perianal); and on the inside of the cheeks (buccal mucosa). These spots may also occur on the hands and feet. They commonly appear during childhood and often fade as the person gets older. The Human Phenotype Ontology provides the following list of signs and symptoms for Peutz-Jeghers syndrome. If the information is available, the table below includes how often the symptom is seen in people with this condition. You can use the MedlinePlus Medical Dictionary to look up the definitions for these medical terms. Signs and Symptoms Approximate number of patients (when available) Abnormal pigmentation of the oral mucosa 90% Hypermelanotic macule 90% Intestinal polyposis 90% Lip hyperpigmentation 90% Melanocytic nevus 90% Abdominal pain 7.5% Abnormality of nail color 7.5% Biliary tract neoplasm 7.5% Esophageal neoplasm 7.5% Gastrointestinal hemorrhage 7.5% Gastrointestinal infarctions 7.5% Gynecomastia 7.5% Intestinal obstruction 7.5% Nasal polyposis 7.5% Nausea and vomiting 7.5% Neoplasm of the breast 7.5% Neoplasm of the colon 7.5% Neoplasm of the lung 7.5% Neoplasm of the pancreas 7.5% Neoplasm of the rectum 7.5% Neoplasm of the small intestine 7.5% Neoplasm of the stomach 7.5% Ovarian neoplasm 7.5% Renal neoplasm 7.5% Testicular neoplasm 7.5% Uterine neoplasm 7.5% Abnormality of the mouth - Abnormality of the ureter - Autosomal dominant inheritance - Biliary tract abnormality - Breast carcinoma - Clubbing of fingers - Gastrointestinal carcinoma - Hamartomatous polyposis - Intestinal bleeding - Intussusception - Iron deficiency anemia - Ovarian cyst - Precocious puberty with Sertoli cell tumor - Rectal prolapse - The Human Phenotype Ontology (HPO) has collected information on how often a sign or symptom occurs in a condition. Much of this information comes from Orphanet, a European rare disease database. The frequency of a sign or symptom is usually listed as a rough estimate of the percentage of patients who have that feature. The frequency may also be listed as a fraction. The first number of the fraction is how many people had the symptom, and the second number is the total number of people who were examined in one study. For example, a frequency of 25/25 means that in a study of 25 people all patients were found to have that symptom. Because these frequencies are based on a specific study, the fractions may be different if another group of patients are examined. Sometimes, no information on frequency is available. In these cases, the sign or symptom may be rare or common.","What are the signs and symptoms of Peutz-Jeghers syndrome? The Human Phenotype Ontology provides the following list of signs and symptoms for Peutz-Jeghers syndrome. If the information is available, the table below includes how often the symptom is seen in people with this condition. You can use the MedlinePlus Medical Dictionary to look up the definitions for these medical terms. Signs and Symptoms Approximate number of patients (when available) Abnormality of the gastrointestinal tract 90% Abnormality of the skin 90% Cognitive impairment 50% Gastrointestinal polyp 50% Melanocytic nevus 7.5% Neoplasm of the stomach 7.5% Pancreatic insufficiency 7.5% Polycystic ovaries 7.5% Renal cysts 7.5% Skin ulcer 7.5% Autosomal dominant inheritance - Colonic polyposis - Familial adenomatous polyposis-like condition - Hyperpigmentation of the lips - Increased risk of colorectal cancer - Increased risk of gastric cancer - Increased risk of pancreatic cancer - Leukocytosis - Multiple colonic hamartomas - Multiple mucosal hamartomas -",15.831004445999952
What are the treatments for amelogenesis imperfecta ?,"These resources address the diagnosis or management of amelogenesis imperfecta: - Genetic Testing Registry: Amelogenesis imperfecta - hypoplastic autosomal dominant - local - Genetic Testing Registry: Amelogenesis imperfecta, hypocalcification type - Genetic Testing Registry: Amelogenesis imperfecta, type 1E - Genetic Testing Registry: Amelogenesis imperfecta, type IC - MedlinePlus Encyclopedia: Amelogenesis imperfecta - MedlinePlus Encyclopedia: Tooth - Abnormal Colors These resources from MedlinePlus offer information about the diagnosis and management of various health conditions: - Diagnostic Tests - Drug Therapy - Surgery and Rehabilitation - Genetic Counseling - Palliative Care",These resources address the diagnosis or management of amelogenesis imperfecta: - Gene Review: Gene Review: Amelogenesis Imperfecta Overview - Genetic Testing Registry: Dentin dysplasia type 1 - Genetic Testing Registry: Dentin dysplasia type 2 - Genetic Testing Registry: Dentin dysplasia type 3 These resources from MedlinePlus offer information about the diagnosis and management of various health conditions: - Diagnostic Tests - Drug Therapy - Surgery and Rehabilitation - Genetic Counseling - Palliative Care,6.357497061000231
What is (are) High Blood Cholesterol ?,"Cholesterol is a waxy, fat-like substance that your liver makes. It is also found in some foods that come from animals.","High blood cholesterol means that the amount of cholesterol in your blood is higher than normal. Your total cholesterol level includes all types of cholesterol: - Low-density lipoprotein (LDL), or ""bad"" cholesterol, which can build up on artery walls and lead to heart disease. - High-density lipoprotein (HDL), or ""good"" cholesterol, which helps remove LDL from your arteries. - Very low-density lipoprotein (VLDL), a type of LDL cholesterol made by the liver. VLDL builds up on artery walls if it's not removed by HDL. Total cholesterol levels are measured in milligrams per deciliter (mg/dL). The American Heart Association recommends that healthy adults have a total cholesterol level below 200 mg/dL. If you're at risk for heart disease, your target number may be lower. For example, people who smoke should aim for a total cholesterol level below 160 mg/dL. People with diabetes should aim for a total cholesterol level below 180 mg/dL.",13.426509329000055
What is (are)  ?,"On this Page General Information What is vancomycin-resistant enterococci? What types of infections does vancomycin-resistant enterococci cause? Are certain people at risk of getting vancomycin-resistant enterococci? What is the treatment for vancomycin-resistant enterococci? How is vancomycin-resistant enterococci spread? How can patients prevent the spread of vancomycin-resistant enterococci? What should a patient do if they think they have vancomycin-resistant enterococci? Recommendations and Guidelines General Information For more images of this bacterium, search the Public Health Image Library What is vancomycin-resistant enterococci? Enteroccocci are bacteria that are normally present in the human intestines and in the female genital tract and are often found in the environment. These bacteria can sometimes cause infections. Vancomycin is an antibiotic that is used to treat some drug-resistant infections caused by enterococci. In some instances, enterococci have become resistant to this drug and thus are called vancomycin-resistant enterococci (VRE). Most VRE infections occur in hospitals. Top of page What types of infections does VRE cause? VRE can live in the human intestines and female genital tract without causing disease (often called colonization). However, sometimes it can cause infections of the urinary tract, the bloodstream, or of wounds associated with catheters or surgical procedures. Top of page Are certain people at risk of getting VRE? The following persons are at increased risk becoming infected with VRE: People who have been previously treated with the antibiotic vancomycin or other antibiotics for long periods of time. People who are hospitalized, particularly when they receive antibiotic treatment for long periods of time. People with weakened immune systems such as patients in intensive care units, or in cancer or transplant wards. People who have undergone surgical procedures such as abdominal or chest surgery. People with medical devices that stay in for some time such as urinary catheters or central intravenous (IV) catheters. People who are colonized with VRE. Top of page What is the treatment for VRE? People with colonized VRE (bacteria are present, but have no symptoms of an infection) do not need treatment. Most VRE infections can be treated with antibiotics other than vancomycin. Laboratory testing of the VRE can determine which antibiotics will work. For people who get VRE infections in their bladder and have urinary catheters, removal of the catheter when it is no longer needed can also help get rid of the infection. Top of page How is VRE spread? VRE is often passed from person to person by the contaminated hands of caregivers. VRE can get onto a caregiver's hands after they have contact with other people with VRE or after contact with contaminated surfaces. VRE can also be spread directly to people after they touch surfaces that are contaminated with VRE. VRE is not spread through the air by coughing or sneezing. Top of page How can patients prevent the spread of VRE? If a patient or someone in their household has VRE, the following are some things they can do to prevent the spread of VRE: Keep their hands clean. Always wash their hands thoroughly after using the bathroom and before preparing food. Clean their hands after contact with persons who have VRE. Wash with soap and water (particularly when visibly soiled) or use alcohol-based hand rubs. Frequently clean areas of the home, such as bathrooms, that may become contaminated with VRE. Wear gloves if hands may come in contact with body fluids that may contain VRE, such as stool or bandages from infected wounds. Always wash their hands after removing gloves. If someone has VRE, be sure to tell healthcare providers so that they are aware of the infection. Healthcare facilities use special precautions to help prevent the spread of VRE to others. Top of page What should patients do if they think they have vancomycin-resistant enterococci (VRE)? Anyone who thinks they have VRE must talk with their healthcare provider. Top of page Recommendations and Guidelines For more information about prevention and treatment of HAIs, see the resources below: Siegel JD, Rhinehart E, Jackson M, et al. The Healthcare Infection Control Practices Advisory Committee (HICPAC). Management of Multidrug-Resistant Organisms In Healthcare Settings, 2006","The National Institutes of Health (NIH) is the nation's medical research agency. It conducts and supports biomedical research to improve our understanding of human biology, develop new treatments for disease, and ultimately find cures for many diseases. NIH has a long history of supporting basic science research that leads to breakthroughs in medicine. The agency also funds clinical trials on promising new drugs and therapies so they can be tested before they are approved by the Food and Drug Administration (FDA). NIH also provides leadership in health information technology through its Office of Science Policy. NIH is part of the U.S. Department of Health and Human Services.",7.686744613000428
what research (or clinical trials) is being done for Gestational Trophoblastic Disease ?,"New types of treatment are being tested in clinical trials. Information about ongoing clinical trials is available from the NCI website. Patients may want to think about taking part in a clinical trial. For some patients, taking part in a clinical trial may be the best treatment choice. Clinical trials are part of the cancer research process. Clinical trials are done to find out if new cancer treatments are safe and effective or better than the standard treatment. Many of today's standard treatments for cancer are based on earlier clinical trials. Patients who take part in a clinical trial may receive the standard treatment or be among the first to receive a new treatment. Patients who take part in clinical trials also help improve the way cancer will be treated in the future. Even when clinical trials do not lead to effective new treatments, they often answer important questions and help move research forward. Patients can enter clinical trials before, during, or after starting their cancer treatment. Some clinical trials only include patients who have not yet received treatment. Other trials test treatments for patients whose cancer has not gotten better. There are also clinical trials that test new ways to stop cancer from recurring (coming back) or reduce the side effects of cancer treatment. Clinical trials are taking place in many parts of the country. See the Treatment Options section that follows for links to current treatment clinical trials. These have been retrieved from NCI's listing of clinical trials.","The National Cancer Institute conducts and supports a wide variety of cancer-related research. This research includes studies on the causes, detection, diagnosis, treatment, prevention, and cure of all types of cancer. The NCI also funds research to improve care for women with gestational trophoblastic disease.",3.720030306999888
what research (or clinical trials) is being done for Repetitive Motion Disorders ?,Much of the on-going research on RMDs is aimed at prevention and rehabilitation. The National Institute of Arthritis and Musculoskeletal and Skin Diseases (NIAMS) funds research on RMDs.,"The NINDS supports and conducts a broad range of basic, clinical, and translational research on disorders that affect the nervous system. Much of this research focuses on understanding how the brain and spinal cord function normally and what goes wrong in diseases such as RMDs.",3.4102236710000398
How many people are affected by spastic paraplegia type 15 ?,"Spastic paraplegia type 15 is a rare condition, although its exact prevalence is unknown.",The prevalence of SPG15 is unknown. This condition has been reported in only a few families worldwide.,1.4276720540001406
What are the treatments for Tyrosinemia type 1 ?,"How might tyrosinemia type 1 be treated? There is currently no cure for tyrosinemia type 1. Individuals with this condition need to be on a special diet restricted in two amino acids, tyrosine and phenylalanine, throughout life. Affected individuals may also be treated with a medication called nitisinone. Early diagnosis and prompt treatment are essential for an improved prognosis. Some individuals require a liver transplant if their liver disease is already advanced before treatment begins. Detailed information on the treatment of tyrosinemia type 1 is available from GeneReviews.","How might tyrosinemia type 1 be treated? Treatment of tyrosinemia type 1 is based on the severity and age of the affected individual. In general, treatment consists of a low protein diet (to reduce the amount of phenylalanine in the blood), avoidance of foods that contain high levels of phenylalanine (such as milk products, eggs, nuts, and peanut butter), and administration of phenylalanine-restricted formula to infants. The goal of treatment is to keep phenylalanine levels within normal limits.",6.927463382000042
