instruction,reference,prediction,latency_sec
Is acatalasemia inherited ?,"Acatalasemia has an autosomal recessive pattern of inheritance, which means both copies of the CAT gene in each cell have mutations. When both copies of the gene are altered, the activity of catalase is reduced to less than 10 percent of normal. When only one of the two copies of the CAT gene has a mutation, the activity of catalase is reduced by approximately half. This reduction in catalase activity is often called hypocatalasemia. Like acatalasemia, hypocatalasemia usually does not cause any health problems.","This condition is inherited in an autosomal recessive pattern, which means both copies of the gene in each cell have mutations. The parents of an individual with an autosomal recessive condition each carry one copy of the mutated gene, but they typically do not show signs and symptoms of the condition.",3.561772805000146
What are the treatments for Pompe Disease ?,"Individuals with Pompe disease are best treated by a team of specialists (such as cardiologist, neurologist, and respiratory therapist) knowledgeable about the disease, who can offer supportive and symptomatic care. The discovery of the GAA gene has led to rapid progress in understanding the biological mechanisms and properties of the GAA enzyme. As a result, an enzyme replacement therapy has been developed that has shown, in clinical trials with infantile-onset patients, to decrease heart size, maintain normal heart function, improve muscle function, tone, and strength, and reduce glycogen accumulation. A drug called alglucosidase alfa (Myozyme), has received FDA approval for the treatment of infants and children with Pompe disease. Another algluosidase alfa drug, Lumizyme, has been approved for late-onset (non-infantile) Pompe disease.","Treatment of Pompe disease is symptomatic and supportive. Physical therapy, including stretching exercises to maintain muscle tone, may be helpful in preventing contractures (stiff joints). Medications that reduce pain and spasticity can also help. In some cases, a team approach involving specialists from different medical disciplines is needed to provide comprehensive care. This team typically includes a pediatrician or other primary care doctor; a cardiologist; an orthopedist; a neurologist; a physical therapist; and a dietitian.",5.757999360001122
How to diagnose Hemoglobin E disease ?,"How is hemoglobin E disease diagnosed? Many babies are picked up through state newborn screening programs. A diagnosis is usually made by looking at the red blood cells by doing a Mean Corpuscular Volume (MCV) test, which is commonly part of a Complete Blood Count (CBC) test. More specialized tests, such as a hemoglobin electrophoresis and iron studies might be done. These tests indicate whether a person has different types of hemoglobin. Genetic testing of the HBB gene can also be done to confirm a diagnosis.","What tests are used in the diagnosis of hemoglobin E disease? The diagnosis of hemoglobin E disease is based on a combination of clinical findings and laboratory testing. Clinical findings include: - A family history of hemoglobin E disease or other forms of thalassemia - Anemia, which may be mild to severe depending on the severity of the condition - Jaundice (yellowing of the skin and whites of the eyes) - Pale appearance - Fatigue - Shortness of breath - Paleness of the skin and mucous membranes - Enlarged spleen - Abnormal heart rhythms - High blood pressure - Low levels of iron in the blood - Elevated levels of ferritin, an iron storage protein, in the blood - Elevated levels of serum haptoglobin, a protein that binds to excess iron in red blood cells - Elevated levels of serum ferritin-binding globulin, another protein that binds to excess iron in red blood cells - Elevated levels of serum transferrin saturation, a measure of how much iron is bound to red blood cells - Elevated levels of serum alpha-globulin, a protein found in red blood cells - Elevated levels of serum beta-hemoglobin, a protein produced by abnormal hemoglobin E gene mutations - Elevated levels of serum bilirubin",14.345448034999208
What is the outlook for Friedreich's Ataxia ?,"Generally, within 15 to 20 years after the appearance of the first symptoms, the person is confined to a wheelchair, and in later stages of the disease, individuals may become completely incapacitated. Friedreich's ataxia can shorten life expectancy; heart disease is the most common cause of death. Many individuals with Friedreich's ataxia die in early adulthood, but some people with less severe symptoms live into their 60s, 70s, or longer.","The average life expectancy of people with FA is 20 to 30 years. The disease progresses slowly, and most individuals are able to live a normal lifespan until late adulthood. However, many people with FA have difficulty walking and may require assistance from others in later stages of the disease.",3.4091806359992916
What are the symptoms of Atrial septal defect ostium primum ?,"What are the signs and symptoms of Atrial septal defect ostium primum? The Human Phenotype Ontology provides the following list of signs and symptoms for Atrial septal defect ostium primum. If the information is available, the table below includes how often the symptom is seen in people with this condition. You can use the MedlinePlus Medical Dictionary to look up the definitions for these medical terms. Signs and Symptoms Approximate number of patients (when available) Atria septal defect - The Human Phenotype Ontology (HPO) has collected information on how often a sign or symptom occurs in a condition. Much of this information comes from Orphanet, a European rare disease database. The frequency of a sign or symptom is usually listed as a rough estimate of the percentage of patients who have that feature. The frequency may also be listed as a fraction. The first number of the fraction is how many people had the symptom, and the second number is the total number of people who were examined in one study. For example, a frequency of 25/25 means that in a study of 25 people all patients were found to have that symptom. Because these frequencies are based on a specific study, the fractions may be different if another group of patients are examined. Sometimes, no information on frequency is available. In these cases, the sign or symptom may be rare or common.","What are the signs and symptoms of Atrial septal defect ostium primum? The Human Phenotype Ontology provides the following list of signs and symptoms for Atrial septal defect ostium primum. If the information is available, the table below includes how often the symptom is seen in people with this condition. You can use the MedlinePlus Medical Dictionary to look up the definitions for these medical terms. Signs and Symptoms Approximate number of patients (when available) Atrioventricular canal defect 90% Patent ductus arteriosus 90% Ventricular septal defect 90% Abnormality of cardiac conduction system 50% Congestive heart failure 50% Hypertrophic cardiomyopathy 50% Pulmonary hypertension 50% Tetralogy of Fallot 50% Atrial septal defect ostium primum - Autosomal dominant inheritance - Bicuspid aortic valve - Cerebral ischemia - Cyanosis - Dilated cardiomyopathy - Failure to thrive - Heart murmur - Hypertension - Hypoplasia of the pulmonary artery - Patent ductus arteriosus - Pulmonary regurgitation - Recurrent respiratory infections - Short stature - Ventricular hypertrophy",14.427845850999802
What causes Mitochondrial genetic disorders ?,"What causes mitochondrial genetic disorders? Mitochondrial genetic disorders can be caused by changes (mutations) in either the mitochondrial DNA or nuclear DNA that lead to dysfunction of the mitochondria. Most DNA (hereditary material that is passed from parent to child) is packaged within the nucleus of each cell (known as nuclear DNA). However, mitochondria (the structures in each cell that produce energy) contain a small amount of their own DNA, which is known as mitochondrial DNA. When the mitochondria are not working properly, the body does not have enough energy to carry out its normal functions. This can lead to the variety of health problems associated with mitochondrial genetic disorders.","What causes mitochondrial genetic disorders? Mitochondria are the energy-producing centers of cells. They contain their own DNA, which is passed from mother to child in mitochondria. The genes that make up this DNA provide instructions for making proteins and enzymes that help produce ATP (adenosine triphosphate), a molecule used by cells as an energy source. Mutations in these genes can cause problems with the production of ATP or other cellular processes. These mutations may be inherited from one parent or occur spontaneously during cell division. In some cases, it's not clear how the mutation leads to the signs and symptoms of the disorder.",6.959930588000134
What causes Felty's syndrome ?,"What causes Felty's syndrome? The exact cause of Felty's syndrome is unknown, although several causes and risk factors have been proposed. Some experts believe it may be an autoimmune disorder, and that it may sometimes be inherited in an autosomal dominant manner. Other proposed risk factors have included: RF (rheumatoid factor) positivity - being positive for a test used to help diagnose rheumatoid arthritis Long-term rheumatoid arthritis Aggressive and erosive synovitis (inflammation of the tissue that lines the joints) HLA-DR4 positivity (having a specific gene for the immune system that is associated with RA) and DR4 homozygosity (having 2 identical copies of this gene) Extra-articular RA manifestations (symptoms that are not joint-related)","What causes Felty's syndrome? The exact cause of Felty's syndrome is unknown. However, it has been suggested that the condition may be associated with an autoimmune disorder in which the immune system mistakenly attacks healthy cells and tissues in the body. In this case, the immune system would attack white blood cells (leukocytes) in the bone marrow, leading to a decrease in these cells. It is also possible that other factors such as infection or inflammation could trigger the development of Felty's syndrome.",5.705074784000317
What are the treatments for oculopharyngeal muscular dystrophy ?,These resources address the diagnosis or management of oculopharyngeal muscular dystrophy: - Gene Review: Gene Review: Oculopharyngeal Muscular Dystrophy - Genetic Testing Registry: Oculopharyngeal muscular dystrophy - MedlinePlus Encyclopedia: Ptosis These resources from MedlinePlus offer information about the diagnosis and management of various health conditions: - Diagnostic Tests - Drug Therapy - Surgery and Rehabilitation - Genetic Counseling - Palliative Care,These resources address the diagnosis or management of oculopharyngeal muscular dystrophy: - Genetic Testing Registry: Oculopharyngeal muscular dystrophy These resources from MedlinePlus offer information about the care and treatment of various health conditions: - Health Care Provider's Guide to Consumer Health - Patient's Guide to Health Care - Patient's Guide to Rehabilitation These resources from MedlinePlus offer additional information about the diagnosis and management of various health conditions: - Diagnostic Tests - Drug Therapy - Surgery and Rehabilitation - Genetic Counseling - Palliative Care,6.136052541998652
What is the outlook for Gestational Trophoblastic Disease ?,"Certain factors affect prognosis (chance of recovery) and treatment options. Gestational trophoblastic disease usually can be cured. Treatment and prognosis depend on the following: - The type of GTD. - Whether the tumor has spread to the uterus, lymph nodes, or distant parts of the body. - The number of tumors and where they are in the body. - The size of the largest tumor. - The level of -hCG in the blood. - How soon the tumor was diagnosed after the pregnancy began. - Whether GTD occurred after a molar pregnancy, miscarriage, or normal pregnancy. - Previous treatment for gestational trophoblastic neoplasia. Treatment options also depend on whether the woman wishes to become pregnant in the future.","GTD can be cured with chemotherapy. The prognosis depends on the type of GTD and how well it responds to treatment. For example, a woman who has had one or more previous pregnancies may have a better chance of surviving than a woman who has never been pregnant.",3.0490836320004746
Is Gillespie syndrome inherited ?,"In some cases, including those in which Gillespie syndrome is caused by PAX6 gene mutations, the condition occurs in an autosomal dominant pattern, which means one copy of the altered gene in each cell is sufficient to cause the disorder. Some affected individuals inherit the mutation from one affected parent. Other cases result from new mutations in the gene and occur in people with no history of the disorder in their family. Gillespie syndrome can also be inherited in an autosomal recessive pattern, which means both copies of a gene in each cell have mutations. The gene or genes involved in these cases are unknown. The parents of an individual with an autosomal recessive condition each carry one copy of the mutated gene, but they typically do not show signs and symptoms of the condition.","This condition is inherited in an autosomal recessive pattern, which means both copies of the gene in each cell have mutations. The parents of an individual with an autosomal recessive condition each carry one copy of the mutated gene, but they typically do not show signs and symptoms of the condition.",3.313376171001437
How many people are affected by type 1 diabetes ?,"Type 1 diabetes occurs in 10 to 20 per 100,000 people per year in the United States. By age 18, approximately 1 in 300 people in the United States develop type 1 diabetes. The disorder occurs with similar frequencies in Europe, the United Kingdom, Canada, and New Zealand. Type 1 diabetes occurs much less frequently in Asia and South America, with reported incidences as low as 1 in 1 million per year. For unknown reasons, during the past 20 years the worldwide incidence of type 1 diabetes has been increasing by 2 to 5 percent each year. Type 1 diabetes accounts for 5 to 10 percent of cases of diabetes worldwide. Most people with diabetes have type 2 diabetes, in which the body continues to produce insulin but becomes less able to use it.","Type 1 diabetes is the most common form of diabetes in children and adolescents. It affects about 2 million Americans, including more than 500,000 children younger than age 18. Type 1 diabetes occurs worldwide but is more common among Caucasians than other ethnic groups. The prevalence of type 1 diabetes has increased over time; it was estimated to affect 4 per 100,000 persons in 1970 and now affects approximately 10 per 100,000 persons.",6.504057756999828
what research (or clinical trials) is being done for Leukemia ?,"Researchers are conducting clinical trials in many parts of the country. Clinical trials test an intervention such as a drug, therapy, medical device, or behavior in many people to see if it is safe and effective. Clinical trials already have led to advances, and researchers continue to search for more effective ways to treat and diagnose leukemia. They are studying various drugs, immunotherapy, targeted therapies, and other types of treatments. They are also studying the effectiveness of using combinations of treatments. Most importantly, researchers are gaining a greater understanding of the genes that are mutated in many types of leukemia and are developing targeted treatments to directly attack the mutations. One prime example is in acute myeloid leukemia (AML) where researchers have identified several genes that predict better or worse outcomes and are working to develop drugs targeted at these genes. Drug Research The drug imatinib (Gleevec) is important in the treatment of chronic myeloid leukemia. Imatinib targets an abnormal protein that is present in most leukemia cells. By blocking the abnormal protein, imatinib kills the leukemia cells, but it does not kill normal cells. However, imatinib stops working in some people with leukemia because the cells become resistant. Fortunately, two drugs, dasatinib (Sprycel) and nilotinib (Tasigna), are now used to treat people who stop responding to imatinib. These drugs work against the same abnormal protein targeted by imatinib, but in different ways. Immunotherapy Immunotherapy is a treatment that uses immune cells or antibodies to fight leukemia or stop it from getting worse. The idea is to zero in on leukemia cells so the treatment is less toxic to normal cells. Recently developed immunotherapies are showing real promise in a number of forms of leukemia. Vaccine Research Leukemia vaccines are not vaccines in the way that most people think of them. Unlike most vaccines, which help prevent diseases, leukemia vaccines are used to treat someone who already has cancer. A vaccine introduces a molecule called an antigen into the body. The immune system recognizes the antigen as a foreign invader and attacks it. Gene Therapy Gene therapy -- replacing, manipulating, or supplementing nonfunctional genes with healthy genes -- is being explored for treatment of leukemia. It is being studied as a way to stimulate a patient's immune system to kill leukemia cells and also to interfere with the production of proteins that cause cells to become cancerous. Learn more about ongoing leukemia research.","The National Cancer Institute's (NCI)'s mission is to lead the fight against cancer. The NCI conducts and supports a wide range of research on leukemia, including basic research that explores how cells develop into tumors and studies ways to prevent, detect, diagnose, treat, and ultimately cure leukemia. Clinical trials are studies that test new treatments in people with cancer. These studies help researchers learn whether their treatment works better than current standard treatments or if it causes fewer side effects. Clinical trials also provide information about how patients should be treated after they have finished therapy. Clinical trials may include participants who have already been diagnosed with cancer and others who have not. For more information about clinical trials, visit: http://www.cancer.gov/clinicaltrials/about-clinical-trials NIH Office of Communications and Public Liaison 31 Center Drive, Suite 402 MSC 0578 Bethesda, MD 20892-0578 Telephone: 301-496-4234 Fax: 301-496-5716 Email: publicaffairs@cc.nih.gov",13.144005419999303
What is (are) Shaken Baby Syndrome ?,"Shaken baby syndrome is a type of inflicted traumatic brain injury that happens when a baby is violently shaken. A baby has weak neck muscles and a large, heavy head. Shaking makes the fragile brain bounce back and forth inside the skull and causes bruising, swelling, and bleeding, which can lead to permanent, severe brain damage or death. The characteristic injuries of shaken baby syndrome are subdural hemorrhages (bleeding in the brain), retinal hemorrhages (bleeding in the retina), damage to the spinal cord and neck, and fractures of the ribs and bones. These injuries may not be immediately noticeable. Symptoms of shaken baby syndrome include extreme irritability, lethargy, poor feeding, breathing problems, convulsions, vomiting, and pale or bluish skin. Shaken baby injuries usually occur in children younger than 2 years old, but may be seen in children up to the age of 5.","Shaken baby syndrome (SBS) occurs when a child's head and body are violently shaken, causing brain damage. The shaking can be done by hand or with the help of another person. SBS usually happens to infants under 1 year old who have been abused. Symptoms include - Bleeding in the brain - Seizures - Loss of consciousness - Headaches - Vision problems - Hearing loss - Learning disabilities - Sleep disturbances - Developmental delays - Inability to walk - Problems with speech - Hallucinations - Delusions - Depression - Suicidal thoughts - Death",6.527722721000828
What are the complications of Neurological Complications of AIDS ?,"AIDS is primarily an immune system disorder caused by the human immunodeficiency virus (HIV), but it can also affect the nervous system. HIV does not appear to directly invade nerve cells but it jeopardizes their health and function, causing symptoms such as confusion, forgetfulness, behavioral changes, headaches, progressive weakness and loss of sensation in the arms and legs, cognitive motor impairment, or damage to the peripheral nerves. Other complications that can occur as a result of HIV infection or the drugs used to treat it include pain, seizures, shingles, spinal cord problems, lack of coordination, difficult or painful swallowing, anxiety disorder, depression, fever, vision loss, gait disorders, destruction of brain tissue, and coma. Other AIDS-related nervous system disorders may be caused by certain cancers or by illnesses that would not otherwise affect people with healthy immune systems. Among the most common neurological complications are: AIDS dementia complex, causing symptoms such as encephalitis (inflammation of the brain), behavioral changes, and a gradual decline in cognitive function; central nervous system lymphomas, cancerous tumors that either begin in the brain or result from a cancer that has spread from another site in the body; cryptococcal meningitis; cytomegalovirus infections; herpes virus infections; neuropathy; neurosyphilis; progressive multifocal leukoencephalopathy (PML); and psychological and neuropsychiatric disorders.","Neurological complications of HIV infection can be life-threatening. The most serious complication is opportunistic infections, which occur when a person's immune system becomes weakened and cannot fight off certain diseases or infections that would not normally affect people with healthy immune systems. Opportunistic infections include tuberculosis, toxoplasmosis, cytomegalovirus (CMV), Pneumocystis jirovecii pneumonia (PCP), and cryptococcal meningitis. Other neurological complications of HIV infection include peripheral neuropathy, encephalopathy, and myelopathy. Peripheral neuropathy occurs when nerve fibers in the body's extremities become damaged by HIV infection. Encephalopathy refers to brain dysfunction caused by HIV infection. Myelopathy describes damage to the spinal cord due to HIV infection.",9.231643667999379
What is (are) CHMP2B-related frontotemporal dementia ?,"CHMP2B-related frontotemporal dementia is a progressive brain disorder that affects personality, behavior, and language. The symptoms of this disorder usually become noticeable in a person's fifties or sixties, and affected people survive about 3 to 21 years after the appearance of symptoms. Changes in personality and behavior are the most common early signs of CHMP2B-related frontotemporal dementia. These changes include inappropriate emotional responses, restlessness, loss of initiative, and neglect of personal hygiene. Affected individuals may overeat sweet foods or place non-food items into their mouths (hyperorality). Additionally, it may become difficult for affected individuals to interact with others in a socially appropriate manner. They increasingly require help with personal care and other activities of daily living. Many people with CHMP2B-related frontotemporal dementia develop progressive problems with speech and language (aphasia). They may have trouble speaking, although they can often understand others' speech and written text. Affected individuals may also have difficulty using numbers (dyscalculia). In the later stages of the disease, many completely lose the ability to communicate. Several years after signs and symptoms first appear, some people with CHMP2B-related frontotemporal dementia develop problems with movement. These movement abnormalities include rigidity, tremors, uncontrolled muscle tensing (dystonia), and involuntary muscle spasms (myoclonus). As the disease progresses, most affected individuals become unable to walk.","CHMP2B-related frontotemporal dementia is a condition that causes progressive loss of nerve cells in the brain, particularly those involved with behavior and language. The signs and symptoms of this disorder usually begin in mid-adulthood. Affected individuals may have difficulty controlling their emotions or understanding others' feelings; they may also experience changes in personality, such as becoming more suspicious, aggressive, or selfish. They may develop problems with planning and organizing tasks, including paying bills, managing finances, and performing other daily activities. Some people with CHMP2B-related frontotemporal dementia have trouble speaking clearly, repeating words, or using appropriate social behaviors. Other features of this condition include involuntary jerking movements of the arms and legs (choreoathetoid movements), muscle stiffness (rigidity), and abnormal postures. These movement disorders are often present from early childhood.",10.095497320000504
How to diagnose Gerstmann-Straussler-Scheinker disease ?,"How is Gerstmann-Straussler-Scheinker disease diagnosed? The diagnosis of Gerstmann-Straussler-Scheinker disease (GSS) is based on a combination of the following: Characteristic signs and symptoms Nervous system findings including multiple amyloid plaques (clumps which form in the brain and cause the death of nerve cells and the progressive symptoms of the disease) A family history consistent with autosomal dominant inheritance Identification of a disease-causing mutation of the PRNP gene Genetic testing for at-risk relatives who do not yet have symptoms of GSS is possible if the disease-causing mutation in the family is known. This testing is not useful in predicting age of onset, severity, type of symptoms, or rate of progression. Testing for the disease-causing mutation in the absence of definite symptoms of the disease is called predictive testing.","What is the diagnosis of Gerstmann-Straussler-Scheinker disease? The diagnosis of GSS can be suspected in a person with symptoms such as: - difficulty learning new information or remembering things (dementia) - slurred speech - trouble writing and drawing - muscle weakness, especially in the legs - problems with coordination and balance - personality changes - abnormal eye movements A definitive diagnosis requires genetic testing.",4.693942074000006
What causes Prevent diabetes problems: Keep your heart and blood vessels healthy ?,"Narrowed blood vessels leave a smaller opening for blood to flow through. Having narrowed blood vessels is like turning on a garden hose and holding your thumb over the opening. The smaller opening makes the water shoot out with more pressure. In the same way, narrowed blood vessels lead to high blood pressure. Other factors, such as kidney problems and being overweight, also can lead to high blood pressure. Many people with diabetes also have high blood pressure. If you have heart, eye, or kidney problems from diabetes, high blood pressure can make them worse. You will see your blood pressure written with two numbers separated by a slash. For example, your reading might be 120/70, said as ""120 over 70."" For most people with diabetes, the target is to keep the first number below 140 and the second number below 80, unless their doctor sets a different target. If you have high blood pressure, ask your doctor how to lower it. Your doctor may ask you to take blood pressure medicine every day. Some types of blood pressure medicine can also help keep your kidneys healthy. You may also be able to control your blood pressure by - eating more fruits and vegetables - eating less salt and high-sodium foods - losing weight if you need to - being physically active - not smoking - limiting alcoholic drinks","The most common cause of heart disease is coronary artery disease (CAD). CAD occurs when plaque builds up in the walls of the arteries that supply oxygen-rich blood to the heart. Plaque is made up of fat, cholesterol, calcium, and other substances found in the blood. Over time, plaque hardens and narrows the arteries. This can reduce or block the flow of oxygen-rich blood to the heart muscle. If a clot forms on top of the plaque, it can completely block the flow of blood through an artery. When this happens, a heart attack may occur. Heart attacks are often caused by CAD. Other risk factors for heart disease include smoking, high blood pressure, high levels of triglycerides, obesity, physical inactivity, and uncontrolled diabetes. Coronary Artery Disease The most common type of heart disease is called coronary artery disease (CAD), also known as coro-nary heart disease. In CAD, plaque builds up inside the coronary arteries. These arteries carry oxygen-rich blood from the heart's main pumping chamber (the left ventricle) to the rest of the body. As the plaque builds up, the arteries narrow. Narrowed arteries cannot deliver enough oxygen-rich blood to the heart muscle. If the plaque ruptures, it can trigger a",14.35787273799906
Is congenital mirror movement disorder inherited ?,"In most cases, including those caused by mutations in the DCC or RAD51 gene, this condition is inherited in an autosomal dominant pattern, which means one copy of the altered gene in each cell is sufficient to cause the disorder. In most cases, an affected person has one parent with the altered gene. Some people who have the altered gene never develop the condition, a situation known as reduced penetrance. Research suggests that in rare cases, this condition may be inherited in an autosomal recessive pattern, which means both copies of the gene in each cell have mutations. The parents of an individual with an autosomal recessive condition each carry one copy of the mutated gene, but they typically do not show signs and symptoms of the condition.","This condition is inherited in an autosomal dominant pattern, which means one copy of the altered gene in each cell is sufficient to cause the disorder. In most cases, an affected person has one parent with the condition.",2.464120605000062
What are the treatments for Benign multicystic peritoneal mesothelioma ?,How might benign multicystic peritoneal mesothelioma be treated? Surgery to remove the cystic lesions is the only effective treatment for BMPM. Aggressive surgical approaches are often recommended. Hormonal therapy has also been attempted in individual cases with variable degrees of success. Most affected individuals do not undergo chemotherapy and/or radiotherapy because these tumors are usually benign.,"How is benign multicystic peritoneal mesothelioma treated? Treatment of benign multicystic peritoneal mesothelioma (BMPCM) depends on several factors, including: - The size and number of cysts - The patient's age and overall health - Whether there are any symptoms present Treatment may include surgery to remove all or part of the affected area. Surgery can also be used to drain fluid from the abdomen. In some cases, chemotherapy may be recommended after surgery.",5.647121784000774
What are the treatments for What I need to know about Kidney Failure and How Its Treated ?,The treatments for kidney failure are - hemodialysis - peritoneal dialysis - a kidney transplant - conservative management,"Kidney failure is a serious condition that requires treatment. The goal of treatment is to keep your kidneys working as well as possible so you can live longer, feel better, and avoid complications. Treatment depends on how much kidney function you have left and whether you also have diabetes or high blood pressure. If you have only a little kidney function left, you may be treated with dialysis. Dialysis uses machines outside your body to filter waste from your blood. There are two types of dialysis: hemodialysis and peritoneal dialysis. Hemodialysis involves passing your blood through a machine called a dialyzer. Peritoneal dialysis uses your abdominal cavity (the space inside your abdomen) to filter your blood. You will learn more about these treatments in later sections. If you have no kidney function left, you may need a transplant. A kidney transplant replaces an unhealthy kidney with one from another person. The new kidney begins filtering your blood right away. However, it takes time for your body to accept the new organ. Your doctor will give you medicines to help your body accept the new kidney. You must take these medicines for life.",12.844945038999867
What are the symptoms of Bell's palsy ?,What are the symptoms of Bell's palsy?,"What are the signs and symptoms of Bell's palsy? The most common symptom of Bell's palsy is facial weakness or paralysis. This can range from mild to severe, depending on how much nerve damage has occurred in the facial muscles. Facial weakness may affect one side of your face only, but it can also involve both sides. Other symptoms include: Dry eye Discharge from the eyes Redness of the whites of the eyes Watery eyes Inability to close eyelids Properly on the affected side Drooling Difficulty smiling or frowning Problems with taste Loss of sense of smell (olfaction) Numbness around the mouth and nose",7.162442850998559
How many people are affected by Sandhoff disease ?,"Sandhoff disease is a rare disorder; its frequency varies among populations. This condition appears to be more common in the Creole population of northern Argentina; the Metis Indians in Saskatchewan, Canada; and people from Lebanon.",Sandhoff disease is a rare disorder; its prevalence is unknown. Approximately 100 cases have been reported worldwide.,1.4365966330005904
What causes Congenitally corrected transposition of the great arteries ?,"What causes congenitally corrected transposition of the great arteries? Currently the cause of congenitally corrected transposition of the great arteries is not known. Limited data suggests that air pollutants and hair dye may act as environmental risk factors for this rare defect. Also, having a family history of this heart defect is a risk factor. It has been estimated that the recurrence risk in siblings is around 3% to 5%.","What causes congenital heart defects? The exact cause of most congenital heart defects is unknown. However, researchers have identified a number of factors that may increase the risk for these conditions: Genetic syndromes Environmental toxins Premature birth Maternal age (under 18 or over 35) Smoking Infections during pregnancy (such as rubella and cytomegalovirus)",4.368698199999926
How to diagnose Atrial Fibrillation ?,"Atrial fibrillation (AF) is diagnosed based on your medical and family histories, a physical exam, and the results from tests and procedures. Sometimes AF doesn't cause signs or symptoms. Thus, it may be found during a physical exam or EKG (electrocardiogram) test done for another purpose. If you have AF, your doctor will want to find out what is causing it. This will help him or her plan the best way to treat the condition. Specialists Involved Primary care doctors often are involved in the diagnosis and treatment of AF. These doctors include family practitioners and internists. Doctors who specialize in the diagnosis and treatment of heart disease also may be involved, such as: Cardiologists. These are doctors who diagnose and treat heart diseases and conditions. Electrophysiologists. These are cardiologists who specialize in arrhythmias. Medical and Family Histories Your doctor will likely ask questions about your: Signs and symptoms. What symptoms are you having? Have you had palpitations? Are you dizzy or short of breath? Are your feet or ankles swollen (a possible sign of heart failure)? Do you have any chest pain? Medical history. Do you have other health problems, such as a history of heart disease, high blood pressure, lung disease, diabetes, or thyroid problems? Family's medical history. Does anyone in your family have a history of AF? Has anyone in your family ever had heart disease or high blood pressure? Has anyone had thyroid problems? Does your family have a history of other illnesses or health problems? Health habits. Do you smoke or use alcohol or caffeine? Physical Exam Your doctor will do a complete cardiac exam. He or she will listen to the rate and rhythm of your heartbeat and take your pulse and blood pressure reading. Your doctor will likely check for any signs of heart muscle or heart valve problems. He or she will listen to your lungs to check for signs of heart failure. Your doctor also will check for swelling in your legs or feet and look for an enlarged thyroid gland or other signs of hyperthyroidism (too much thyroid hormone). Diagnostic Tests and Procedures EKG An EKG is a simple, painless test that records the heart's electrical activity. It's the most useful test for diagnosing AF. An EKG shows how fast your heart is beating and its rhythm (steady or irregular). It also records the strength and timing of electrical signals as they pass through your heart. A standard EKG only records the heartbeat for a few seconds. It won't detect AF that doesn't happen during the test. To diagnose paroxysmal AF, your doctor may ask you to wear a portable EKG monitor that can record your heartbeat for longer periods. The two most common types of portable EKGs are Holter and event monitors. Holter and Event Monitors A Holter monitor records the heart's electrical activity for a full 24- or 48-hour period. You wear small patches called electrodes on your chest. Wires connect these patches to a small, portable recorder. The recorder can be clipped to a belt, kept in a pocket, or hung around your neck. You wear the Holter monitor while you do your normal daily activities. This allows the monitor to record your heart for a longer time than a standard EKG. An event monitor is similar to a Holter monitor. You wear an event monitor while doing your normal activities. However, an event monitor only records your heart's electrical activity at certain times while you're wearing it. For many event monitors, you push a button to start the monitor when you feel symptoms. Other event monitors start automatically when they sense abnormal heart rhythms. You can wear an event monitor for weeks or until symptoms occur. Stress Test Some heart problems are easier to diagnose when your heart is working hard and beating fast. During stress testing, you exercise to make your heart work hard and beat fast while heart tests are done. If you can't exercise, you may be given medicine to make your heart work hard and beat fast. Echocardiography Echocardiography (echo) uses sound waves to create a moving picture of your heart. The test shows the size and shape of your heart and how well your heart chambers and valves are working. Echo also can identify areas of poor blood flow to the heart, areas of heart muscle that aren't contracting normally, and previous injury to the heart muscle caused by poor blood flow. This test sometimes is called transthoracic (trans-thor-AS-ik) echocardiography. It's painless and noninvasive (no instruments are inserted into the body). For the test, a device called a transducer is moved back and forth over your chest. The device sends special sound waves through your chest wall to your heart. The sound waves bounce off the structures of your heart, and a computer converts them into pictures on a screen. Transesophageal Echocardiography Transesophageal (trans-e-SOF-ah-ge-al) echo, or TEE, uses sound waves to take pictures of your heart through the esophagus. The esophagus is the passage leading from your mouth to your stomach. Your heart's upper chambers, the atria, are deep in your chest. They often can't be seen very well using transthoracic echo. Your doctor can see the atria much better using TEE. During this test, the transducer is attached to the end of a flexible tube. The tube is guided down your throat and into your esophagus. You'll likely be given medicine to help you relax during the procedure. TEE is used to detect blood clots that may be forming in the atria because of AF. Chest X Ray A chest x ray is a painless test that creates pictures of the structures in your chest, such as your heart and lungs. This test can show fluid buildup in the lungs and signs of other AF complications. Blood Tests Blood tests check the level of thyroid hormone in your body and the balance of your body's electrolytes. Electrolytes are minerals that help maintain fluid levels and acid-base balance in the body. They're essential for normal health and functioning of your body's cells and organs.","A doctor diagnoses atrial fibrillation (AF) based on a medical history, physical exam, and test results. The doctor will ask about your symptoms, risk factors for AF, and any other health problems you have. Your doctor may also recommend tests to check the heart's electrical activity and structure. Medical History During an office visit, your doctor will ask about: - Your age and gender. - Your medical history, including past or present heart disease, high blood pressure, diabetes, thyroid disorders, and asthma. - Any medications you take, including over-the-counter drugs and supplements. - Whether you smoke, drink alcohol, or use illegal drugs. - Your family history of heart disease, stroke, or AF. Physical Exam During a physical exam, your doctor will listen to your heart with a stethoscope. He or she will also check your pulse and watch your face, lips, and skin for signs of cyanosis (bluish discoloration). Cyanosis occurs when there is not enough oxygen in the blood. Tests To Check Heart Function If you have AF, your doctor may order one or more tests to check how well your heart is working. These tests include: Echocardiogram An echocardiogram uses sound waves to create pictures of the heart.",14.342174630000954
What are the symptoms of Deafness with labyrinthine aplasia microtia and microdontia (LAMM) ?,"What are the signs and symptoms of Deafness with labyrinthine aplasia microtia and microdontia (LAMM)? The Human Phenotype Ontology provides the following list of signs and symptoms for Deafness with labyrinthine aplasia microtia and microdontia (LAMM). If the information is available, the table below includes how often the symptom is seen in people with this condition. You can use the MedlinePlus Medical Dictionary to look up the definitions for these medical terms. Signs and Symptoms Approximate number of patients (when available) Abnormality of the cranial nerves 90% Microdontia 90% Abnormality of the nares 50% Long face 50% Pointed chin 50% Wide nasal bridge 50% Abnormal nasal morphology 7.5% Anterior creases of earlobe 7.5% Hypermetropia 7.5% Hypertelorism 7.5% Increased number of teeth 7.5% Preauricular skin tag 7.5% Reduced number of teeth 7.5% Strabismus 7.5% Synophrys 7.5% Tall stature 7.5% Anteverted ears - Aplasia of the inner ear - Autosomal recessive inheritance - Conical tooth - Delayed gross motor development - Microtia, first degree - Profound sensorineural hearing impairment - Skin tags - Widely spaced teeth - The Human Phenotype Ontology (HPO) has collected information on how often a sign or symptom occurs in a condition. Much of this information comes from Orphanet, a European rare disease database. The frequency of a sign or symptom is usually listed as a rough estimate of the percentage of patients who have that feature. The frequency may also be listed as a fraction. The first number of the fraction is how many people had the symptom, and the second number is the total number of people who were examined in one study. For example, a frequency of 25/25 means that in a study of 25 people all patients were found to have that symptom. Because these frequencies are based on a specific study, the fractions may be different if another group of patients are examined. Sometimes, no information on frequency is available. In these cases, the sign or symptom may be rare or common.","What are the signs and symptoms of Deafness with labyrinthine aplasia microtia and microdontia (LAMM)? The Human Phenotype Ontology provides the following list of signs and symptoms for Deafness with labyrinthine aplasia microtia and microdontia (LAMM). If the information is available, the table below includes how often the symptom is seen in people with this condition. You can use the MedlinePlus Medical Dictionary to look up the definitions for these medical terms. Signs and Symptoms Approximate number of patients (when available) Abnormality of the auditory system 90% Aplasia/Hypoplasia of the middle ear 90% Hearing impairment 90% Labyrinthine aplasia 90% Microtia 90% Microdontia 90% Sensorineural hearing impairment 90% Abnormality of the pinna 50% Anteverted nares 50% Cleft palate 50% Craniofacial hypoplasia 50% Facial asymmetry 50% Hypertelorism 50% Low-set, posteriorly rotated ears 50% Muscular hypotonia 50% Narrow mouth",14.343324766001388
What are the genetic changes related to spondyloperipheral dysplasia ?,"Spondyloperipheral dysplasia is one of a spectrum of skeletal disorders caused by mutations in the COL2A1 gene. This gene provides instructions for making a protein that forms type II collagen. This type of collagen is found mostly in the clear gel that fills the eyeball (the vitreous) and in cartilage. Cartilage is a tough, flexible tissue that makes up much of the skeleton during early development. Most cartilage is later converted to bone, except for the cartilage that continues to cover and protect the ends of bones and is present in the nose and external ears. Type II collagen is essential for the normal development of bones and other connective tissues that form the body's supportive framework. Mutations in the COL2A1 gene interfere with the assembly of type II collagen molecules, reducing the amount of this type of collagen in the body. Instead of forming collagen molecules, the abnormal COL2A1 protein builds up in cartilage cells (chondrocytes). These changes disrupt the normal development of bones and other connective tissues, leading to the signs and symptoms of spondyloperipheral dysplasia.","Spondyloperipheral dysplasia is caused by mutations in the COL1A2 gene. This gene provides instructions for making a protein called type II collagen, which forms part of the extracellular matrix (ECM). The ECM is a network of proteins and other molecules that gives structure and strength to cells and tissues throughout the body. Type II collagen is found in many parts of the body, including bones, tendons, ligaments, skin, and cartilage. It plays an important role in maintaining the normal shape and function of these structures. Mutations in the COL1A2 gene reduce or eliminate the amount of type II collagen produced from this gene. As a result, there is less ECM available to support bone growth and development. A shortage of this structural component leads to the skeletal abnormalities characteristic of spondyloperipheral dysplasia.",9.796684195000125
Is Anaplastic astrocytoma inherited ?,"Are anaplastic astrocytomas inherited? Anaplastic astrocytomas are usually not inherited. These tumors typically occur sporadically, in people with no family history of astrocytomas. In most cases, the exact cause is unknown. Familial cases of isolated astrocytomas have been reported but are very rare. Astrocytomas can have a genetic link when they are associated with a few rare, inherited disorders. These include neurofibromatosis type I, Li-Fraumeni syndrome, Turcot syndrome, and tuberous sclerosis. Astrosytomas occur more frequently in people with one of these disorders. Like many other cancers, it is believed that isolated astrocytomas may occur due to a combination of genetic and environmental factors. This means that a person may carry a gene (or a combination of genes) that predisposes them to developing an astrocytoma, but it may not develop unless it is ""triggered"" by an environmental factor.","How is anaplastic astrocytoma inherited? Most cases of anaplastic astrocytoma are sporadic, which means they occur in people with no history of the condition in their family. In rare instances, a person may inherit an altered gene that increases the risk for developing this type of brain tumor. These genetic conditions include: - Li-Fraumeni syndrome (also known as p53 deficiency) - Neurofibromatosis type 1 (NF1) - Von Hippel-Lindau disease (VHL)",6.200387052998849
How many people are affected by Charcot-Marie-Tooth disease ?,"Charcot-Marie-Tooth disease is the most common inherited disorder that involves the peripheral nerves, affecting an estimated 150,000 people in the United States. It occurs in populations worldwide with a prevalence of about 1 in 2,500 individuals.","The prevalence of CMT is estimated to be 1 in 2,500 to 3,000 individuals worldwide. The condition occurs more frequently among Native Americans and Inuit populations than in other ethnic groups.",2.658538502999363
What are the symptoms of Papillon Lefevre syndrome ?,"What are the signs and symptoms of Papillon Lefevre syndrome? The Human Phenotype Ontology provides the following list of signs and symptoms for Papillon Lefevre syndrome. If the information is available, the table below includes how often the symptom is seen in people with this condition. You can use the MedlinePlus Medical Dictionary to look up the definitions for these medical terms. Signs and Symptoms Approximate number of patients (when available) Abnormality of the fingernails 90% Gingivitis 90% Palmoplantar keratoderma 90% Periodontitis 90% Premature loss of primary teeth 90% Pustule 90% Reduced number of teeth 90% Cerebral calcification 50% Recurrent respiratory infections 50% Skin ulcer 50% Arachnodactyly 7.5% Hypertrichosis 7.5% Hypopigmented skin patches 7.5% Liver abscess 7.5% Melanoma 7.5% Neoplasm of the skin 7.5% Osteolysis 7.5% Atrophy of alveolar ridges - Autosomal recessive inheritance - Choroid plexus calcification - Palmoplantar hyperkeratosis - Premature loss of teeth - Severe periodontitis - The Human Phenotype Ontology (HPO) has collected information on how often a sign or symptom occurs in a condition. Much of this information comes from Orphanet, a European rare disease database. The frequency of a sign or symptom is usually listed as a rough estimate of the percentage of patients who have that feature. The frequency may also be listed as a fraction. The first number of the fraction is how many people had the symptom, and the second number is the total number of people who were examined in one study. For example, a frequency of 25/25 means that in a study of 25 people all patients were found to have that symptom. Because these frequencies are based on a specific study, the fractions may be different if another group of patients are examined. Sometimes, no information on frequency is available. In these cases, the sign or symptom may be rare or common.","What are the signs and symptoms of Papillon Lefevre syndrome? The Human Phenotype Ontology provides the following list of signs and symptoms for Papillon-Lefevre syndrome. If the information is available, the table below includes how often the symptom is seen in people with this condition. You can use the MedlinePlus Medical Dictionary to look up the definitions for these medical terms. Signs and Symptoms Approximate number of patients (when available) Abnormality of the genital system 90% Aplasia/Hypoplasia of the corpus callosum 90% Cleft palate 90% Cognitive impairment 90% Depressed nasal bridge 90% Epicanthus 90% Hypertelorism 90% Low-set, posteriorly rotated ears 90% Muscular hypotonia 90% Narrow chest 90% Nystagmus 90% Optic atrophy 90% Short stature 90% Strabismus 90% Ventricular septal defect 90% Wide mouth 90% Abdominal hernia 50% Abnormality of the aortic valve 50% Abnormality of the femur",14.251791348999177
What is (are) Diabetic Kidney Disease ?,"Diabetic kidney disease, also called diabetic nephropathy, is kidney disease caused by diabetes. Even when well controlled, diabetes can lead to chronic kidney disease (CKD) and kidney failure, described as end-stage kidney disease or ESRD when treated with a kidney transplant or blood-filtering treatments called dialysis. Diabetes affects 25.8 million people of all ages in the United States.1 As many as 40 percent of people who have diabetes are expected to develop CKD.2 Diabetes, the most common cause of kidney failure in the United States, accounts for nearly 44 percent of new cases of kidney failure, as illustrated in Figure 1.3","Diabetes is a disease in which the blood glucose, or sugar, level is too high. Over time, high blood glucose levels can damage many parts of the body, including the heart, brain, eyes, kidneys and nerves. Diabetes is one of the leading causes of kidney failure in the United States. The kidneys are two bean-shaped organs located just below the rib cage, one on each side of the spine. They filter blood to remove waste products and make urine. Each kidney has about a million tiny filters called nephrons. Nephrons filter wastes from the blood into the bladder through tubes called ureters. When you urinate, your body gets rid of the wastes and extra water. If you have diabetes, over time, high blood glucose levels can cause nephropathy, or kidney disease. This occurs when the nephrons become damaged and stop working properly. As more nephrons fail, your kidneys lose their ability to clean your blood and remove wastes. Eventually, this leads to kidney failure. If left untreated, kidney failure means that your kidneys cannot work properly anymore. You may need dialysis or a transplant to survive.",12.768268091000209
What is (are) Medium-chain acyl-coenzyme A dehydrogenase deficiency ?,"Medium-chain acyl-coenzyme A dehydrogenase deficiency (MCADD) is an inherited metabolic disorder that prevents the body from converting certain fats to energy, particularly during periods without food (fasting). Normally, through a process called fatty acid oxidation, several enzymes work in a step-wise fashion to break down (metabolize) fats and convert them to energy. People with MCADD do not have enough of an enzyme needed for the step that metabolizes a group of fats called medium-chain fatty acids. MCADD is caused by mutations in the ACADM gene and is inherited in an autosomal recessive manner. Treatment includes avoidance of fasting and of medium chain triglycerides in the diet.","Medium-chain acyl-CoA dehydrogenase (MCAD) deficiency is a disorder that affects the body's ability to use fats for energy. MCAD deficiency can be caused by mutations in any of several genes, including ACADM and ACADL. The signs and symptoms of this condition vary widely among affected individuals. Some people with MCAD deficiency have no apparent health problems; others may experience muscle weakness or exercise intolerance, which usually worsens over time. In some cases, the first sign of MCAD deficiency is an episode of severe vomiting called pancreatitis, which occurs when fat enters the bloodstream too quickly. Other features of MCAD deficiency include liver disease, kidney failure, heart abnormalities, seizures, developmental delay, and intellectual disability. Most people with MCAD deficiency survive into adulthood.",8.920847276000131
What are the genetic changes related to X-linked infantile spasm syndrome ?,"X-linked infantile spasm syndrome is caused by mutations in either the ARX gene or the CDKL5 gene. The proteins produced from these genes play a role in the normal functioning of the brain. The ARX protein is involved in the regulation of other genes that contribute to brain development. The CDKL5 protein is thought to regulate the activity of at least one protein that is critical for normal brain function. Researchers are working to determine how mutations in either of these genes lead to seizures and intellectual disability. Infantile spasms can have nongenetic causes, such as brain malformations, other disorders that affect brain function, or brain damage. In addition, changes in genes that are not located on the X chromosome cause infantile spasms in rare cases.","X-linked infantile spasm syndrome is caused by mutations in the SCN1A gene. This gene provides instructions for making a protein called sodium channel alpha-1 subunit 1 (SCN1A). The SCN1A protein is found in nerve cells throughout the body, but it plays an especially important role in brain cells that control movement and behavior. These cells use the SCN1A protein to transmit electrical signals within the nervous system. Mutations in the SCN1A gene alter the structure of the SCN1A protein or reduce its activity. It is unclear how these changes lead to the signs and symptoms of X-linked infantile spasm syndrome.",7.470039644998906
How many people are affected by age-related macular degeneration ?,"Age-related macular degeneration has an estimated prevalence of 1 in 2,000 people in the United States and other developed countries. The condition currently affects several million Americans, and the prevalence is expected to increase over the coming decades as the proportion of older people in the population increases. For reasons that are unclear, age-related macular degeneration affects individuals of European descent more frequently than African Americans in the United States.","Age-related macular degeneration is the most common cause of vision loss in older adults. Approximately 1 million Americans have this condition, and it affects more than 20 percent of individuals over age 75.",2.5292899979995127
What are the genetic changes related to myotonia congenita ?,"Mutations in the CLCN1 gene cause myotonia congenita. The CLCN1 gene provides instructions for making a protein that is critical for the normal function of skeletal muscle cells. For the body to move normally, skeletal muscles must tense (contract) and relax in a coordinated way. Muscle contraction and relaxation are controlled by the flow of charged atoms (ions) into and out of muscle cells. Specifically, the protein produced from the CLCN1 gene forms a channel that controls the flow of negatively charged chlorine atoms (chloride ions) into these cells. The main function of this channel is to stabilize the cells' electrical charge, which prevents muscles from contracting abnormally. Mutations in the CLCN1 gene alter the usual structure or function of chloride channels. The altered channels cannot properly regulate ion flow, reducing the movement of chloride ions into skeletal muscle cells. This disruption in chloride ion flow triggers prolonged muscle contractions, which are the hallmark of myotonia.","Mutations in the CLCN1 gene cause myotonia congenita. The protein produced from this gene is called chloride channel 1 (ClC-1). This protein plays a role in regulating the movement of chloride ions across cell membranes, which helps maintain the proper balance of electrical charges within cells and tissues. Mutations that lead to myotonia congenita change one amino acid in ClC-1 or delete part of the protein. These mutations impair the ability of ClC-1 to regulate the flow of chloride ions into muscle cells. As a result, these cells retain an excess amount of chloride ions for longer than normal. This buildup of chloride ions causes muscles to be stiff and difficult to move.",8.086071736999656
What are the treatments for congenital leptin deficiency ?,"These resources address the diagnosis or management of congenital leptin deficiency: - Eunice Kennedy Shriver National Institute of Child Health and Human Development: How Are Obesity and Overweight Diagnosed? - Genetic Testing Registry: Obesity, severe, due to leptin deficiency - Genetics of Obesity Study - National Heart, Lung, and Blood Institute: How Are Overweight and Obesity Treated? These resources from MedlinePlus offer information about the diagnosis and management of various health conditions: - Diagnostic Tests - Drug Therapy - Surgery and Rehabilitation - Genetic Counseling - Palliative Care",These resources address the diagnosis or management of congenital leptin deficiency: - Genetic Testing Registry: Congenital leptin deficiency These resources from MedlinePlus offer information about the care and management of various health conditions: - Health Management Tips - Drug Therapy - Surgery and Rehabilitation - Patient Care - Medications These resources from MedlinePlus offer additional information about the care and management of various health conditions: - Health Management Tips - Drug Therapy - Surgery and Rehabilitation - Patient Care - Medications,5.467979253999147
What are the symptoms of Tourette syndrome ?,"What are the signs and symptoms of Tourette syndrome? The early symptoms of Tourette syndrome are almost always noticed first in childhood, with the average onset between the ages of 3 and 9 years. Although the symptoms of Tourette syndrome vary from person to person and range from very mild to severe, the majority of cases fall into the mild category. The Human Phenotype Ontology provides the following list of signs and symptoms for Tourette syndrome. If the information is available, the table below includes how often the symptom is seen in people with this condition. You can use the MedlinePlus Medical Dictionary to look up the definitions for these medical terms. Signs and Symptoms Approximate number of patients (when available) Aggressive behavior - Attention deficit hyperactivity disorder - Autosomal dominant inheritance - Echolalia - Motor tics - Obsessive-compulsive behavior - Phonic tics - Self-mutilation - Sleep disturbance - The Human Phenotype Ontology (HPO) has collected information on how often a sign or symptom occurs in a condition. Much of this information comes from Orphanet, a European rare disease database. The frequency of a sign or symptom is usually listed as a rough estimate of the percentage of patients who have that feature. The frequency may also be listed as a fraction. The first number of the fraction is how many people had the symptom, and the second number is the total number of people who were examined in one study. For example, a frequency of 25/25 means that in a study of 25 people all patients were found to have that symptom. Because these frequencies are based on a specific study, the fractions may be different if another group of patients are examined. Sometimes, no information on frequency is available. In these cases, the sign or symptom may be rare or common.","What are the signs and symptoms of Tourette syndrome? The most common symptom of Tourette syndrome is tics. Tics can be simple or complex, involuntary movements that occur repeatedly for a period of time. Simple tics include eye blinking, shrugging shoulders, throat clearing, sniffing, or facial grimacing. Complex tics involve multiple muscle groups and may appear as running, jumping, or twisting motions. Other symptoms associated with Tourette syndrome include obsessive-compulsive disorder (OCD), attention deficit hyperactivity disorder (ADHD), anxiety disorders, sleep disturbances, learning disabilities, and behavioral problems. Some people with Tourette syndrome also have an additional condition called Gilles de la Tourette syndrome (GTS). GTS includes both motor and vocal tics. Motor tics affect muscles in the body such as twitching the arms or legs. Vocal tics involve making sounds like grunting, barking, snarling, or shouting.",10.685427563999838
What are the genetic changes related to Treacher Collins syndrome ?,"Mutations in the TCOF1, POLR1C, or POLR1D gene can cause Treacher Collins syndrome. TCOF1 gene mutations are the most common cause of the disorder, accounting for 81 to 93 percent of all cases. POLR1C and POLR1D gene mutations cause an additional 2 percent of cases. In individuals without an identified mutation in one of these genes, the genetic cause of the condition is unknown. The proteins produced from the TCOF1, POLR1C, and POLR1D genes all appear to play important roles in the early development of bones and other tissues of the face. These proteins are involved in the production of a molecule called ribosomal RNA (rRNA), a chemical cousin of DNA. Ribosomal RNA helps assemble protein building blocks (amino acids) into new proteins, which is essential for the normal functioning and survival of cells. Mutations in the TCOF1, POLR1C, or POLR1D gene reduce the production of rRNA. Researchers speculate that a decrease in the amount of rRNA may trigger the self-destruction (apoptosis) of certain cells involved in the development of facial bones and tissues. The abnormal cell death could lead to the specific problems with facial development found in Treacher Collins syndrome. However, it is unclear why the effects of a reduction in rRNA are limited to facial development.","Mutations in at least 10 genes have been identified as causes of Treacher Collins syndrome. These genes provide instructions for making proteins that play important roles in the development and function of bones, cartilage, and other tissues. Mutations in any one of these genes disrupt the normal formation or function of certain cells during early fetal development. As a result, facial structures do not develop properly, leading to the characteristic features of Treacher Collins syndrome.",5.110965542999111
What to do for Whipple Disease ?,A person with Whipple disease and malabsorption may need - a diet high in calories and protein - vitamins - nutritional supplements,"Whipple disease is a rare, chronic infection caused by the bacterium Tropheryma whipplei. The bacteria are found in the lining of the small intestine and colon. Most people with this condition have no symptoms or only mild ones. In some cases, however, it can cause serious complications such as intestinal obstruction, perforation (tearing), and peritonitis (inflammation of the abdominal cavity). The most common symptom is diarrhea. Other signs and symptoms may include fever; weight loss; fatigue; joint pain; muscle weakness; headache; and coughing up blood. Diagnosis is based on medical history, physical exam, laboratory tests, and imaging studies. Treatment involves antibiotics.",7.884669584000221
What are the genetic changes related to coloboma ?,"Coloboma arises from abnormal development of the eye. During the second month of development before birth, a seam called the optic fissure (also known as the choroidal fissure or embryonic fissure) closes to form the structures of the eye. When the optic fissure does not close completely, the result is a coloboma. The location of the coloboma depends on the part of the optic fissure that failed to close. Coloboma may be caused by changes in many genes involved in the early development of the eye, most of which have not been identified. The condition may also result from a chromosomal abnormality affecting one or more genes. Most genetic changes associated with coloboma have been identified only in very small numbers of affected individuals. The risk of coloboma may also be increased by environmental factors that affect early development, such as exposure to alcohol during pregnancy. In these cases, affected individuals usually have other health problems in addition to coloboma.","Coloboma can be caused by mutations in at least 10 genes. These genes provide instructions for making proteins that play important roles in the development of the eye and other parts of the body, including the brain and spinal cord (central nervous system). Mutations in any one of these genes disrupt the normal formation or function of structures within the developing eye. The resulting abnormalities lead to the various types of coloboma described above.",4.9653747669999575
How many people are affected by moyamoya disease ?,"Moyamoya disease was first identified in Japan, where it is most prevalent, affecting about 5 in 100,000 individuals. The condition is also relatively common in other Asian populations. It is ten times less common in Europe. In the United States, Asian Americans are four times more commonly affected than whites. For unknown reasons, moyamoya disease occurs twice as often in females as in males.","Moyamoya disease is a rare disorder; its exact prevalence is unknown. The condition occurs in about 1 in 50,000 to 200,000 newborns worldwide.",2.5080223019995174
What are the treatments for Glycogen storage disease type 4 ?,"How might glycogen storage disease type 4 be treated? Management of glycogen storage disease type 4 typically focuses on the signs and symptoms that are present in each individual. Studies have show that in some cases, strict dietary therapy can help to maintain normal levels of glucose in the blood, reduce liver size, reduce symptoms, and allow for improved growth and development. Growing evidence indicates that a high-protein diet may improve muscle function in individuals with weakness or exercise intolerance and slow disease progression. Supportive care is typically needed for complications such as liver failure, heart failure, and neurologic dysfunction. Liver transplantation may be necessary for individuals with progressive liver disease. Individuals with cardiomyopathy may require the use of certain medications.","How might glycogen storage disease type 4 be treated? There is no cure for glycogen storage disease type 4 (GSD IV). Treatment focuses on managing symptoms and complications. For example, a child with GSD IV may need to avoid foods that contain high levels of carbohydrates such as sugar or starches. This can help prevent episodes of hypoglycemia. In addition, children with GSD IV should have regular blood tests to monitor their blood glucose level. If they experience frequent hypoglycemic episodes, they may also require insulin therapy.",6.45122344399897
What is the outlook for Small Intestine Cancer ?,"Certain factors affect prognosis (chance of recovery) and treatment options.The prognosis (chance of recovery) and treatment options depend on the following: - The type of small intestine cancer. - Whether the cancer is in the inner lining of the small intestine only or has spread into or beyond the wall of the small intestine. - Whether the cancer has spread to other places in the body, such as the lymph nodes, liver, or peritoneum (tissue that lines the wall of the abdomen and covers most of the organs in the abdomen). - Whether the cancer can be completely removed by surgery. - Whether the cancer is newly diagnosed or has recurred.","The prognosis (chance of recovery) and treatment options depend on: The type, stage, and grade of the cancer. Whether or not the cancer has spread to other parts of the body. The patient's age and general health.",2.704707311000675
What causes Fecal Incontinence ?,"Fecal incontinence has many causes, including - diarrhea - constipation - muscle damage or weakness - nerve damage - loss of stretch in the rectum - childbirth by vaginal delivery - hemorrhoids and rectal prolapse - rectocele - inactivity Diarrhea Diarrhea can cause fecal incontinence. Loose stools fill the rectum quickly and are more difficult to hold than solid stools. Diarrhea increases the chance of not reaching a bathroom in time. Constipation Constipation can lead to large, hard stools that stretch the rectum and cause the internal sphincter muscles to relax by reflex. Watery stool builds up behind the hard stool and may leak out around the hard stool, leading to fecal incontinence. The type of constipation that is most likely to lead to fecal incontinence occurs when people are unable to relax their external sphincter and pelvic floor muscles when straining to have a bowel movement, often mistakenly squeezing these muscles instead of relaxing them. This squeezing makes it difficult to pass stool and may lead to a large amount of stool in the rectum. This type of constipation, called dyssynergic defecation or disordered defecation, is a result of faulty learning. For example, children or adults who have pain when having a bowel movement may unconsciously learn to squeeze their muscles to delay the bowel movement and avoid pain. Muscle Damage or Weakness Injury to one or both of the sphincter muscles can cause fecal incontinence. If these muscles, called the external and internal anal sphincter muscles, are damaged or weakened, they may not be strong enough to keep the anus closed and prevent stool from leaking. Trauma, childbirth injuries, cancer surgery, and hemorrhoid surgery are possible causes of injury to the sphincters. Hemorrhoids are swollen blood vessels in and around the anus and lower rectum. Nerve Damage The anal sphincter muscles wont open and close properly if the nerves that control them are damaged. Likewise, if the nerves that sense stool in the rectum are damaged, a person may not feel the urge to go to the bathroom. Both types of nerve damage can lead to fecal incontinence. Possible sources of nerve damage are childbirth; a long-term habit of straining to pass stool; spinal cord injury; and diseases, such as diabetes and multiple sclerosis, that affect the nerves that go to the sphincter muscles and rectum. Brain injuries from stroke, head trauma, or certain diseases can also cause fecal incontinence. Loss of Stretch in the Rectum Normally, the rectum stretches to hold stool until a person has a bowel movement. Rectal surgery, radiation treatment, and inflammatory bowel diseaseschronic disorders that cause irritation and sores on the lining of the digestive systemcan cause the rectal walls to become stiff. The rectum then cant stretch as much to hold stool, increasing the risk of fecal incontinence. Childbirth by Vaginal Delivery Childbirth sometimes causes injuries to muscles and nerves in the pelvic floor. The risk is greater if forceps are used to help deliver the baby or if an episiotomya cut in the vaginal area to prevent the babys head from tearing the vagina during birthis performed. Fecal incontinence related to childbirth can appear soon after delivery or many years later. Hemorrhoids and Rectal Prolapse External hemorrhoids, which develop under the skin around the anus, can prevent the anal sphincter muscles from closing completely. Rectal prolapse, a condition that causes the rectum to drop down through the anus, can also prevent the anal sphincter muscles from closing well enough to prevent leakage. Small amounts of mucus or liquid stool can then leak through the anus. Rectocele Rectocele is a condition that causes the rectum to protrude through the vagina. Rectocele can happen when the thin layer of muscles separating the rectum from the vagina becomes weak. For women with rectocele, straining to have a bowel movement may be less effective because rectocele reduces the amount of downward force through the anus. The result may be retention of stool in the rectum. More research is needed to be sure rectocele increases the risk of fecal incontinence. Inactivity People who are inactive, especially those who spend many hours a day sitting or lying down, have an increased risk of retaining a large amount of stool in the rectum. Liquid stool can then leak around the more solid stool. Frail, older adults are most likely to develop constipation-related fecal incontinence for this reason.","Fecal incontinence can be caused by many different conditions. Some of the most common ones include - Irritable bowel syndrome (IBS) - Diarrhea-predominant irritable bowel syndrome (DPIBS) - Chronic constipation - Inflammatory bowel disease, such as Crohns disease and ulcerative colitis - Surgery - Pelvic floor muscle damage or weakness - Neurological disorders, such as multiple sclerosis, stroke, spinal cord injury, Parkinson's disease, and Alzheimer's disease - Hormonal changes during pregnancy, menopause, or after surgery - Medications, including antidepressants, antipsychotics, blood pressure medications, and some heartburn medications - Side effects from radiation therapy for cancer - Stress - Emotional distress - Anxiety - Depression",8.59306916300011
How many people are affected by hypochondrogenesis ?,"Hypochondrogenesis and achondrogenesis, type 2 (a similar skeletal disorder) together affect 1 in 40,000 to 60,000 newborns.",Hypochondrogenesis is a rare disorder; its prevalence is unknown.,0.8898183669989521
What is (are) Alzheimer's Disease ?,"Dementia is a loss of thinking, remembering, and reasoning skills that interferes with a persons daily life and activities. Alzheimers disease is the most common cause of dementia among older people. Dementia ranges in severity from the mild stage, when it is just beginning to affect a persons functioning, to the severe stage, when the person must depend completely on others for care.","Alzheimer's disease is a progressive brain disorder that causes memory loss and changes in thinking, behavior, and personality. It usually develops slowly over time and gets worse as the years go by. The exact cause of Alzheimer's disease is unknown. However, it may be caused by a combination of genetic and environmental factors. There are two types of Alzheimer's disease: early-onset and late-onset. Early-onset Alzheimer's disease occurs before age 65. Late-onset Alzheimer's disease occurs after age 65. In both cases, there is no cure for the disease. However, medications can help slow its progression. NIH: National Institute on Aging",7.460402951001015
Who is at risk for Endometrial Cancer? ?,"Key Points - Avoiding risk factors and increasing protective factors may help prevent cancer. - The following risk factors increase the risk of endometrial cancer: - Endometrial hyperplasia - Estrogen - Tamoxifen - Obesity, weight gain, metabolic syndrome, and diabetes - Genetic factors - The following protective factors decrease the risk of endometrial cancer: - Pregnancy and breast-feeding - Combination oral contraceptives - Physical activity - Cigarette smoking - It is not known if the following factors affect the risk of endometrial cancer: - Weight loss - Fruits, vegetables, and vitamins - Cancer prevention clinical trials are used to study ways to prevent cancer. - New ways to prevent endometrial cancer are being studied in clinical trials. Avoiding risk factors and increasing protective factors may help prevent cancer. Avoiding cancer risk factors may help prevent certain cancers. Risk factors include smoking, being overweight, and not getting enough exercise. Increasing protective factors such as quitting smoking and exercising may also help prevent some cancers. Talk to your doctor or other health care professional about how you might lower your risk of cancer. The following risk factors increase the risk of endometrial cancer: Endometrial hyperplasia Endometrial hyperplasia is an abnormal thickening of the endometrium (lining of the uterus). It is not cancer, but in some cases, it may lead to endometrial cancer. Estrogen Estrogen is a hormone made by the body. It helps the body develop and maintain female sex characteristics. Estrogen can affect the growth of some cancers, including endometrial cancer. A woman's risk of developing endometrial cancer is increased by being exposed to estrogen in the following ways: - Estrogen-only hormone replacement therapy: Estrogen may be given to replace the estrogen no longer produced by the ovaries in postmenopausal women or women whose ovaries have been removed. This is called hormone replacement therapy (HRT), or hormone therapy (HT). The use of HRT that contains only estrogen increases the risk of endometrial cancer and endometrial hyperplasia. For this reason, estrogen therapy alone is usually prescribed only for women who do not have a uterus. HRT that contains only estrogen also increases the risk of stroke and blood clots. When estrogen is combined with progestin (another hormone), it is called combination estrogen-progestin replacement therapy. For postmenopausal women, taking estrogen in combination with progestin does not increase the risk of endometrial cancer, but it does increase the risk of breast cancer. (See the Breast Cancer Prevention summary for more information.) - Early menstruation: Beginning to have menstrual periods at an early age increases the number of years the body is exposed to estrogen and increases a woman's risk of endometrial cancer. - Late menopause: Women who reach menopause at an older age are exposed to estrogen for a longer time and have an increased risk of endometrial cancer. - Never being pregnant: Because estrogen levels are lower during pregnancy, women who have never been pregnant are exposed to estrogen for a longer time than women who have been pregnant. This increases the risk of endometrial cancer. Tamoxifen Tamoxifen is one of a group of drugs called selective estrogen receptor modulators, or SERMs. Tamoxifen acts like estrogen on some tissues in the body, such as the uterus, but blocks the effects of estrogen on other tissues, such as the breast. Tamoxifen is used to prevent breast cancer in women who are at high risk for the disease. However, using tamoxifen for more than 2 years increases the risk of endometrial cancer. This risk is greater in postmenopausal women. Raloxifene is a SERM that is used to prevent bone weakness in postmenopausal women. However, it does not have estrogen-like effects on the uterus and has not been shown to increase the risk of endometrial cancer. Obesity, weight gain, metabolic syndrome, and diabetes Obesity, gaining weight as an adult, or having metabolic syndrome increases the risk of endometrial cancer. Obesity is related to other risk factors such as high estrogen levels, having extra fat around the waist, polycystic ovary syndrome, and lack of physical activity. Having metabolic syndrome increases the risk of endometrial cancer. Metabolic syndrome is a condition that includes extra fat around the waist, high blood sugar, high blood pressure, and high levels of triglycerides (a type of fat) in the blood. Genetic factors Hereditary nonpolyposis colon cancer (HNPCC) syndrome (also known as Lynch Syndrome) is an inherited disorder caused by changes in certain genes. Women who have HNPCC syndrome have a much higher risk of developing endometrial cancer than women who do not have HNPCC syndrome. Polycystic ovary syndrome (a disorder of the hormones made by the ovaries), and Cowden syndrome are inherited conditions that are linked to an increased risk of endometrial cancer. Women with a family history of endometrial cancer in a first-degree relative (mother, sister, or daughter) are also at increased risk of endometrial cancer. It is not known if the following factors affect the risk of endometrial cancer: Weight loss It is not known if losing weight decreases the risk of endometrial cancer. Fruits, vegetables, and vitamins A diet that includes, fruits, vegetables, phytoestrogen, soy, and vitamin D has not been found to affect the risk of endometrial cancer. Taking multivitamins has little or no effect on the risk of common cancers, including endometrial cancer.","Endometrial cancer occurs most often in women who have had: - Never been pregnant. - Had a full-term pregnancy (a pregnancy lasting 9 months). - Had more than one child. - Started menstruating before age 12 or stopped having menstrual periods after age 50. - Used estrogen alone without progesterone. - Had diabetes, obesity, high blood pressure, or high cholesterol levels. - Had breast cancer. - Had endometriosis. - Had polycystic ovary syndrome. - Had an abnormal uterine lining that was not cleared by the body during menopause. - Had never used hormone replacement therapy (HRT) with estrogen and progestin. - Had a history of pelvic radiation therapy. Women who smoke are also at increased risk for endometrial cancer.",9.244754338998973
What is (are) Mntriers Disease ?,"Mntriers disease causes the ridges along the inside of the stomach wallcalled rugaeto enlarge, forming giant folds in the stomach lining. The rugae enlarge because of an overgrowth of mucous cells in the stomach wall. In a normal stomach, mucous cells in the rugae release protein-containing mucus. The mucous cells in enlarged rugae release too much mucus, causing proteins to leak from the blood into the stomach. This shortage of protein in the blood is known as hypoproteinemia. Mntriers disease also reduces the number of acid-producing cells in the stomach, which decreases stomach acid. Mntriers disease is also called Mntrier disease or hypoproteinemic hypertrophic gastropathy.","Mntriers disease, also known as mucopolysaccharidosis type I, is a genetic disorder that affects the body's ability to break down certain complex carbohydrates called glycosaminoglycans. These molecules are found in many tissues and organs of the body, including the joints, bones, heart, liver, lungs, eyes, and skin. The buildup of these molecules causes progressive damage to affected tissues and organs. Symptoms usually begin between ages 3 and 10 years. They include joint pain and stiffness; short stature; enlarged liver and spleen; rough, thickened skin; hearing loss; vision problems; and respiratory problems. There is no cure for Mntriers disease. Treatment focuses on relieving symptoms and preventing complications.",8.498952042999008
Do you have information about Bowel Movement,"Summary : A bowel movement is the last stop in the movement of food through your digestive tract. Your stool passes out of your body through the rectum and anus. Another name for stool is feces. It is made of what is left after your digestive system (stomach, small intestine, and colon) absorbs nutrients and fluids from what you eat and drink. Sometimes a bowel movement isn't normal. Diarrhea happens when stool passes through the large intestine too quickly. Constipation occurs when stool passes through the large intestine too slowly. Bowel incontinence is a problem controlling your bowel movements. Other abnormalities with bowel movements may be a sign of a digestive problem. NIH: National Institute of Diabetes and Digestive and Kidney Diseases","Summary : The large intestine, also called the colon, is part of your digestive system. It's a long tube that connects your small intestine to your rectum and anus. Your stool moves through it from top to bottom. The first part of the colon - the cecum - receives food residue after digestion in the small intestine. As the stool passes through the cecum, water and some electrolytes are absorbed into the body. The remaining waste material then enters the descending colon. From there, the stool travels up the ascending colon to the transverse colon. Then it goes down the sigmoid colon before entering the rectum. When you're ready to defecate, the muscles in the rectum contract and push the stool out of the body through the anus.",8.749763591998999
What causes Hereditary fructose intolerance ?,"What causes hereditary fructose intolerance (HFI)? HFI is caused by alterations (mutations) in the ALDOB gene. This gene provides instructions for making an enzyme called aldolase B. This enzyme is primarily found in the liver and is involved in the breakdown of fructose into energy. Mutations in the ALDOB gene reduce the function of the enzyme, impairing its ability to metabolize fructose. This causes a toxic buildup of fructose-1-phosphate in liver cells, which results in the death of liver cells over time.","What causes hereditary fructose intolerance? Hereditary fructose intolerance (HFI) is caused by a deficiency of the enzyme aldolase B. Aldolase B is an enzyme that breaks down glucose and fructose into pyruvate, which can be used for energy production in cells. In people with HFI, this process does not occur properly because they lack the enzyme to break down these sugars. As a result, the body cannot use them for energy, leading to symptoms of the condition.",5.820411304999652
How many people are affected by hypochondroplasia ?,"The incidence of hypochondroplasia is unknown. Researchers believe that it may be about as common as achondroplasia, which occurs in 1 in 15,000 to 40,000 newborns. More than 200 people worldwide have been diagnosed with hypochondroplasia.","The prevalence of hypochondroplasia is unknown. It has been estimated to occur in 1 in 50,000 newborns worldwide.",1.8637422749998223
What is (are) Lafora disease ?,"Lafora disease is an inherited, severe form of progressive myoclonus epilepsy. The condition most commonly begins with epileptic seizures in late childhood or adolescence. Other signs and symptoms include difficulty walking, muscle spasms (myoclonus) and dementia. Affected people also experience rapid cognitive deterioration that begins around the same time as the seizures. The condition is often fatal within 10 years of onset. Most cases are caused by changes (mutations) in either the EPM2A gene or the NHLRC1 gene and are inherited in an autosomal recessive manner. Treatment is based on the signs and symptoms present in each person.","Lafora disease is a disorder that affects the nervous system and other organs. The signs and symptoms of this condition vary widely among affected individuals, even within families. Most people with Lafora disease have seizures in early childhood; these may be simple or complex partial seizures, which can include staring spells, involuntary jerking movements, or loss of consciousness. Some people with Lafora disease also develop progressive muscle weakness and wasting (dystonia), difficulty walking (gait disturbance), and problems with coordination (ataxia). Other features of this condition include vision impairment, blindness, kidney failure, heart abnormalities, liver dysfunction, and diabetes mellitus. In some cases, individuals with Lafora disease do not have any of these signs and symptoms. Researchers believe that most people with Lafora disease are born without the characteristic brain changes seen in the disorder. These changes typically begin to appear during adolescence or adulthood.",10.415425686000162
what research (or clinical trials) is being done for Ovarian Germ Cell Tumors ?,"New types of treatment are being tested in clinical trials. This summary section describes treatments that are being studied in clinical trials. It may not mention every new treatment being studied. Information about clinical trials is available from the NCI website. High-dose chemotherapy with bone marrow transplant High-dose chemotherapy with bone marrow transplant is a method of giving very high doses of chemotherapy and replacing blood -forming cells destroyed by the cancer treatment. Stem cells (immature blood cells) are removed from the bone marrow of the patient or a donor and are frozen and stored. After the chemotherapy is completed, the stored stem cells are thawed and given back to the patient through an infusion. These reinfused stem cells grow into (and restore) the bodys blood cells. New treatment options Combination chemotherapy (the use of more than one anticancer drug) is being tested in clinical trials. Patients may want to think about taking part in a clinical trial. For some patients, taking part in a clinical trial may be the best treatment choice. Clinical trials are part of the cancer research process. Clinical trials are done to find out if new cancer treatments are safe and effective or better than the standard treatment. Many of today's standard treatments for cancer are based on earlier clinical trials. Patients who take part in a clinical trial may receive the standard treatment or be among the first to receive a new treatment. Patients who take part in clinical trials also help improve the way cancer will be treated in the future. Even when clinical trials do not lead to effective new treatments, they often answer important questions and help move research forward. Patients can enter clinical trials before, during, or after starting their cancer treatment. Some clinical trials only include patients who have not yet received treatment. Other trials test treatments for patients whose cancer has not gotten better. There are also clinical trials that test new ways to stop cancer from recurring (coming back) or reduce the side effects of cancer treatment. Clinical trials are taking place in many parts of the country. See the Treatment Options section that follows for links to current treatment clinical trials. These have been retrieved from NCI's listing of clinical trials.","The National Cancer Institute's Surveillance, Epidemiology, and End Results Program maintains a database of cancer incidence rates in the United States. This information can be used to determine trends in ovarian germ cell tumors over time.",2.402079991001301
What is (are) Loin pain hematuria syndrome ?,"Loin pain hematuria syndrome (LPHS) is a condition that is characterized by persistent or recurrent loin pain and hematuria (blood in the urine). Other signs and symptoms include nausea and vomiting; a low-grade fever (up to 101F); and/or dysuria during episodes of pain. The exact underlying cause of LPHS is currently unknown; however, scientists suspect that it may be due to abnormalities of the glomerular basement membranes (the tissues in the kidney that filter blood); bleeding disorders; or crystal and/or stone formation in the kidneys. Treatment is symptomatic and usually consists of pain management.","Loin pain hematuria syndrome is a condition characterized by recurrent episodes of loin pain and blood in the urine. The exact cause of this disorder is unknown, although it has been suggested that it may be related to an abnormality in the kidneys or urinary tract. In some cases, the condition appears to run in families; however, most people with loin pain hematuria syndrome do not have any family history of the disorder.",4.884237095000572
What to do for What I need to know about Hepatitis B ?,"- Hepatitis B is a virus, or infection, that causes liver disease and inflammation of the liver. - Anyone can get hepatitis B, but some people are more likely to than others. - You could get hepatitis B through contact with an infected persons blood, semen, or other body fluid. - Most people do not have any symptoms of hepatitis B. Adults and children ages 5 and older may have symptoms. - See a doctor right away if you or a child in your care has symptoms of hepatitis B. - Acute hepatitis B is a short-term infection with the hepatitis B virus. - Chronic hepatitis B is a long-lasting infection with the hepatitis B virus. Chronic hepatitis B occurs when the body cant get rid of the hepatitis B virus. - Children, especially infants, are more likely to get chronic hepatitis B. - A blood test will show if you have hepatitis B. - If you are at higher risk of getting hepatitis B, get tested. If you are pregnant, you should also get tested. - Many people with hepatitis B do not know they are infected. Early diagnosis and treatment can help prevent liver damage. - Hepatitis B is usually not treated unless it becomes chronic. Chronic hepatitis B is treated with medicines that slow or stop the virus from damaging the liver. - You can avoid getting hepatitis B by receiving the hepatitis B vaccine. - Tell your doctor and your dentist if you have hepatitis B. - If you are pregnant and have hepatitis B, tell the doctor and staff who deliver your baby. - See your doctor right away if you think you have been in contact with the hepatitis B virus.","- Hepatitis B is a disease of the liver. - The hepatitis B virus (HBV) causes hepatitis B infection. - HBV can be passed from mother to child at birth or through sexual contact, sharing needles and other blood products with an infected person. - People who have had hepatitis B are more likely to develop chronic hepatitis B than those who have not been exposed to the virus. - Chronic hepatitis B may lead to cirrhosis, liver cancer, or liver failure. - There are two types of hepatitis B: acute and chronic. - Acute hepatitis B occurs when you get the hepatitis B virus for the first time. - Chronic hepatitis B lasts longer than six months. - You cannot catch hepatitis B from casual contact such as hugging, shaking hands, coughing, sneezing, or eating together with someone who has hepatitis B. - If you think you might have hepatitis B, see your health care provider right away. - Your health care provider will diagnose you by taking a sample of your blood. - Treatment depends on whether you have acute or chronic hepatitis B. - Vaccines are available to prevent hepatitis B in people who have not yet been infected. - If you have chronic hepatitis B, treatment may include medicines that help control the virus and reduce",14.400197491000654
How many people are affected by Opitz G/BBB syndrome ?,"X-linked Opitz G/BBB syndrome is thought to affect 1 in 10,000 to 50,000 males, although it is likely that this condition is underdiagnosed. The incidence of autosomal dominant Opitz G/BBB syndrome is unknown. It is part of a larger condition known as 22q11.2 deletion syndrome, which is estimated to affect 1 in 4,000 people.",The prevalence of Opitz G/BBB syndrome is unknown. Approximately 100 cases have been reported in the medical literature.,1.5884096010013309
How many people are affected by hereditary spherocytosis ?,"Hereditary spherocytosis occurs in 1 in 2,000 individuals of Northern European ancestry. This condition is the most common cause of inherited anemia in that population. The prevalence of hereditary spherocytosis in people of other ethnic backgrounds is unknown, but it is much less common.",Hereditary spherocytosis is a rare disorder; its exact prevalence is unknown.,1.057489099999657
What are the symptoms of Skin Cancer ?,"Early Detection is Important When skin cancer is found early, it is more likely to be treated successfully. Therefore, it is important to know how to recognize the signs of skin cancer in order to improve the chances of early diagnosis. Most non-melanoma skin cancers (basal cell carcinoma and squamous cell carcinoma) can be cured if found and treated early. Skin Changes A change on the skin is the most common sign of skin cancer. This may be a new growth, a sore that doesn't heal, or a change in an old growth. Not all skin cancers look the same. Sometimes skin cancer is painful, but usually it is not. Checking your skin for new growths or other changes is a good idea. Keep in mind that changes are not a sure sign of skin cancer. Still, you should report any changes to your health care provider right away. You may need to see a dermatologist, a doctor who has special training in the diagnosis and treatment of skin problems. A Mole That is Bleeding Also see a doctor if a mole is bleeding or if more moles appear around the first one. Most of the time, these signs are not cancer. Sometimes, it is not even a mole. Still, it is important to check with a doctor so that any problems can be diagnosed and treated as early as possible. Don't ignore your symptoms because you think they are not important or because you believe they are normal for your age. Signs of Melanoma Melanoma skin cancer is more difficult to treat, so it is important to check for signs and seek treatment as soon as possible. Use the following ABCDE rule to remember the symptoms of melanoma. See a doctor if you have a mole, birthmark, or other pigmented area of skin with A = Asymmetry. One half of the mole looks different than the other half. (top left image) B = Border. The edges are often ragged, notched, or blurred in outline. The pigment may spread into the surrounding skin. (top right image) C = Color. The mole is more than one color. Shades of black, brown, and tan may be present. Areas of white, gray, red, pink, or blue may also be seen.(bottom left image) D = Diameter.There is a change in size, usually an increase. Melanomas can be tiny, but most are larger than the size of a pea (larger than 6 millimeters or about 1/4 inch). (bottom right image) E = Evolving. The mole has changed over the past few weeks or months.","Skin cancer can be detected early and treated successfully. The most common type of skin cancer is basal cell carcinoma (BCC). Basal cell carcinomas usually appear as a small, flesh-colored or pearly bump on sun-exposed areas such as the face, neck, ears, scalp, back of hands, and arms. They may also occur in other parts of the body. Basal cell carcinomas rarely spread to other parts of the body. If left untreated, they may grow large enough to damage surrounding tissues or even invade nearby structures. Basal cell carcinomas often do not cause pain. However, if they grow large enough to press against nerves, blood vessels, or tendons, they may cause discomfort. Basal cell carcinomas are almost always curable with surgery. Other types of skin cancers include squamous cell carcinoma (SCC), melanoma, and Kaposi sarcoma. These cancers develop from different kinds of cells than basal cell carcinomas. Squamous cell carcinomas usually appear as scaly patches or sores that don't heal. They may itch, bleed, or form crusts. Squamous cell carcinomas are more likely to spread to lymph nodes and distant organs than basal cell carcinomas. Melanoma is a fast-growing cancer that",14.470119026000248
What are the symptoms of Urinary Tract Infections ?,"Symptoms of a UTI in the bladder may include - cloudy, bloody, or foul-smelling urine - pain or burning during urination - strong and frequent need to urinate, even right after emptying the bladder - a mild fever below 101 degrees Fahrenheit in some people. cloudy, bloody, or foul-smelling urine pain or burning during urination strong and frequent need to urinate, even right after emptying the bladder a mild fever below 101 degrees Fahrenheit in some people. If the UTI spreads to the kidneys, symptoms may include - chills and shaking - night sweats - feeling tired or generally ill - fever above 101 degrees Fahrenheit - pain in the side, back, or groin - flushed, warm, or reddened skin - mental changes or confusion - nausea and vomiting - very bad abdominal pain in some people. chills and shaking night sweats feeling tired or generally ill fever above 101 degrees Fahrenheit pain in the side, back, or groin flushed, warm, or reddened skin mental changes or confusion nausea and vomiting very bad abdominal pain in some people. Symptoms may differ depending on age, gender, and catheter use. In some elderly people, mental changes and confusion may be the only signs of a UTI. Older women and men with a UTI are more likely to be tired, shaky, and weak. They are also more likely to have muscle aches and abdominal pain. In a person with a catheter, the only symptom may be fever that does not have another likely cause. Learn more about the signs and symptoms of urinary tract infections in adults.","Urinary tract infections (UTIs) can affect any part of the urinary system. The most common UTI is a bladder infection, which affects only the bladder and its connecting tubes. Bladder infections usually cause - Pain or burning during urination - A frequent urge to urinate - Blood in urine - Cloudy urine - Foul-smelling urine Bladder infections may spread from the bladder to the kidneys. Kidney infections occur when bacteria travel up the ureters, the tubes that connect the bladder to the kidneys. Kidney infections often cause fever, chills, back pain, nausea, vomiting, and fatigue. If left untreated, kidney infections can lead to permanent damage to the kidneys. Other types of UTIs include - Urethritis, an inflammation of the urethra - Prostatitis, an inflammation of the prostate gland - Cystitis, an inflammation of the bladder - Pelvic inflammatory disease, an infection of the female reproductive organs - Genitourinary tuberculosis, an infection caused by Mycobacterium tuberculosis, the same bacterium that causes TB in other parts of the body",12.47779845399964
What are the symptoms of Tetraamelia with ectodermal dysplasia and lacrimal duct abnormalities ?,"What are the signs and symptoms of Tetraamelia with ectodermal dysplasia and lacrimal duct abnormalities? The Human Phenotype Ontology provides the following list of signs and symptoms for Tetraamelia with ectodermal dysplasia and lacrimal duct abnormalities. If the information is available, the table below includes how often the symptom is seen in people with this condition. You can use the MedlinePlus Medical Dictionary to look up the definitions for these medical terms. Signs and Symptoms Approximate number of patients (when available) Abnormality of metabolism/homeostasis - Absent lacrimal punctum - Autosomal recessive inheritance - Bulbous nose - Constipation - Cryptorchidism - Downturned corners of mouth - Ectodermal dysplasia - High, narrow palate - Hypoplastic lacrimal duct - Hypotrichosis - Intellectual disability - Preauricular pit - Sacral dimple - Tetraamelia - Umbilical hernia - Upslanted palpebral fissure - Wide mouth - The Human Phenotype Ontology (HPO) has collected information on how often a sign or symptom occurs in a condition. Much of this information comes from Orphanet, a European rare disease database. The frequency of a sign or symptom is usually listed as a rough estimate of the percentage of patients who have that feature. The frequency may also be listed as a fraction. The first number of the fraction is how many people had the symptom, and the second number is the total number of people who were examined in one study. For example, a frequency of 25/25 means that in a study of 25 people all patients were found to have that symptom. Because these frequencies are based on a specific study, the fractions may be different if another group of patients are examined. Sometimes, no information on frequency is available. In these cases, the sign or symptom may be rare or common.","What are the signs and symptoms of Tetraamelia with ectodermal dysplasia and lacrimal duct abnormalities? The Human Phenotype Ontology provides the following list of signs and symptoms for Tetraamelia with ectodermal dysplasia and lacrimal duct abnormalities. If the information is available, the table below includes how often the symptom is seen in people with this condition. You can use the MedlinePlus Medical Dictionary to look up the definitions for these medical terms. Signs and Symptoms Approximate number of patients (when available) Abnormality of the eyelashes 90% Abnormality of the teeth 90% Aplasia/Hypoplasia of the iris 90% Cleft palate 90% Ectopic ureter 90% Lacrimation abnormality 90% Malrotation of intestines 90% Muscular hypotonia 90% Nystagmus 90% Optic nerve hypoplasia 90% Short stature 90% Strabismus 90% Ureteral atresia 90% Vertebral segmentation defect 90% Abnormality of the aortic valve 50% Ab",14.33389908099889
What is (are) Chronic Eosinophilic Leukemia ?,"Key Points - Chronic eosinophilic leukemia is a disease in which too many white blood cells (eosinophils) are made in the bone marrow. - Signs and symptoms of chronic eosinophilic leukemia include fever and feeling very tired. Chronic eosinophilic leukemia is a disease in which too many white blood cells (eosinophils) are made in the bone marrow. Eosinophils are white blood cells that react to allergens (substances that cause an allergic response) and help fight infections caused by certain parasites. In chronic eosinophilic leukemia, there are too many eosinophils in the blood, bone marrow, and other tissues. Chronic eosinophilic leukemia may stay the same for many years or it may progress quickly to acute leukemia.","Chronic eosinophilic leukemia (CEL) is a type of blood cancer that causes an overproduction and accumulation of eosinophils, which are white blood cells. The body normally has about 100,000 to 350,000 eosinophils per cubic millimeter of blood. In CEL, the number of eosinophils in the blood increases to more than 200,000 per cubic millimeter. Eosinophils help fight off parasites such as worms and other foreign invaders. They also play a role in allergic reactions and asthma.",7.085278366999773
What are the genetic changes related to actin-accumulation myopathy ?,"Actin-accumulation myopathy is caused by a mutation in the ACTA1 gene. This gene provides instructions for making a protein called skeletal alpha ()-actin, which is a member of the actin protein family found in skeletal muscles. Actin proteins are important for cell movement and the tensing of muscle fibers (muscle contraction). Thin filaments made up of actin molecules and thick filaments made up of another protein called myosin are the primary components of muscle fibers and are important for muscle contraction. Attachment (binding) and release of the overlapping thick and thin filaments allows them to move relative to each other so that the muscles can contract. ACTA1 gene mutations that cause actin-accumulation myopathy may affect the way the skeletal -actin protein binds to ATP. ATP is a molecule that supplies energy for cells' activities, and is important in the formation of thin filaments from individual actin molecules. Dysfunctional actin-ATP binding may result in abnormal thin filament formation and impair muscle contraction, leading to muscle weakness and the other signs and symptoms of actin-accumulation myopathy. In some people with actin-accumulation myopathy, no ACTA1 gene mutations have been identified. The cause of the disorder in these individuals is unknown.","Mutations in the ACTA1 gene cause actin-accumulation myopathy. The protein produced from this gene is a major component of muscle fibers called sarcomeres, which are the basic units of muscle contraction and relaxation. Sarcomeres contain actin filaments that interact with other proteins to generate force during muscle contractions. Mutations in the ACTA1 gene reduce or eliminate the amount of functional actin available for muscle contraction. As a result, muscles become stiff (hypotonia) and weak. In some cases, mutations in the ACTA1 gene prevent the production of any functional actin. Without enough functional actin, muscle cells cannot contract normally, resulting in muscle weakness.",7.967749579998781
What are the treatments for Ollier disease ?,"How might Ollier disease be treated? There is no specific medical treatment for Ollier disease. Surgery is indicated in cases where complications (pathological fractures, growth defect, malignant transformation) arise.","How might ollier disease be treated? There is no cure for Ollier disease. Treatment focuses on controlling symptoms and preventing complications. Surgery may be needed to remove tumors or other abnormalities that interfere with normal function of a joint, nerve, blood vessel, or organ. In some cases, surgery can also help prevent further bone growth in an affected area. Medications such as corticosteroids (e.g., prednisone) may be used to reduce pain and inflammation. Other medications may be prescribed to treat specific conditions associated with Ollier disease, including hyperparathyroidism, diabetes mellitus, hypertension, and/or osteoporosis.",7.616946656000437
What to do for Nutrition for Early Chronic Kidney Disease in Adults ?,"- Controlling blood glucose and blood pressure through healthy food choices is an important step toward slowing or stopping the progression of chronic kidney disease (CKD). - The kidneys remove wastes and extra water from the blood and make urine. - Millions of Americans are at risk for developing CKD because they have diabetes, high blood pressure, or both. - People with either type 1 or type 2 diabetes must choose foods carefully to control their blood glucose. Following a meal plan to keep blood glucose at a healthy level may prevent CKD from developing. - Controlling blood pressure through healthy food choices and regular physical activity can delay or prevent the development of CKD. People with CKD should try to keep their blood pressure below 140/90 mmHg. - Medical nutrition therapy (MNT) is the use of counseling by a registered dietitian to help promote a medical or health goal. - Dietitians who specialize in helping people with CKD are called renal dietitians. - Learning how to read and understand lab reports lets a person see how different foods can affect the kidneys. Patients can ask their doctor for copies of their lab reports and ask to have them explained, noting any results out of the normal range.","- CKD is a progressive disease that gets worse over time. - The goal of nutrition therapy for people with CKD is to maintain normal body weight and prevent malnutrition, which can lead to complications such as infections, anemia, or heart failure. - A registered dietitian (RD) can help you plan meals that are nutritious and meet your nutritional needs. - People who have CKD should eat foods high in protein, potassium, phosphorus, calcium, and vitamin D. - Foods low in protein, potassium, phosphorus, calcium, and vitamin D include fruits, vegetables, dairy products, meat, poultry, fish, eggs, nuts, seeds, oils, and sugar-sweetened beverages. - You may need to limit the amount of protein, potassium, phosphorus, calcium, and vitamin D in your diet if you have CKD stage 5 or kidney failure. - Your RD will recommend how much protein, potassium, phosphorus, calcium, and vitamin D you should consume each day based on your health status and other factors. - If you have CKD stage 3a, you may be able to eat more protein than recommended by your RD. - If you have CKD stage 4 or kidney failure, you must follow a special diet called",14.288343211999745
what research (or clinical trials) is being done for Ovarian Low Malignant Potential Tumors ?,"New types of treatment are being tested in clinical trials. Information about clinical trials is available from the NCI Web site. Patients may want to think about taking part in a clinical trial. For some patients, taking part in a clinical trial may be the best treatment choice. Clinical trials are part of the medical research process. Clinical trials are done to find out if new treatments are safe and effective or better than the standard treatment. Many of today's standard treatments for disease are based on earlier clinical trials. Patients who take part in a clinical trial may receive the standard treatment or be among the first to receive a new treatment. Patients who take part in clinical trials also help improve the way diseases will be treated in the future. Even when clinical trials do not lead to effective new treatments, they often answer important questions and help move research forward. Patients can enter clinical trials before, during, or after starting their treatment. Some clinical trials only include patients who have not yet received treatment. Other trials test treatments for patients whose disease has not gotten better. There are also clinical trials that test new ways to stop a disease from recurring (coming back) or reduce the side effects of treatment. Clinical trials are taking place in many parts of the country. See the Treatment Options section that follows for links to current treatment clinical trials. These have been retrieved from NCI's clinical trials database.","The NCI's Division of Cancer Control and Population Sciences supports a number of studies on ovarian cancer, including the Ovarian Cancer Prevention Trial. The goal of this trial was to determine whether oral contraceptives can reduce the risk of ovarian cancer in women who have had one or both tubes removed. The study found that taking birth control pills did not lower the risk of ovarian cancer. However, it did find that taking estrogen alone reduced the risk of ovarian cancer by 40 percent. This finding has led to new guidelines about how long women should take hormone therapy after menopause.",6.64147246200082
What is (are) familial thoracic aortic aneurysm and dissection ?,"Familial thoracic aortic aneurysm and dissection (familial TAAD) involves problems with the aorta, which is the large blood vessel that distributes blood from the heart to the rest of the body. Familial TAAD affects the upper part of the aorta, near the heart. This part of the aorta is called the thoracic aorta because it is located in the chest (thorax). Other vessels that carry blood from the heart to the rest of the body (arteries) can also be affected. In familial TAAD, the aorta can become weakened and stretched (aortic dilatation), which can lead to a bulge in the blood vessel wall (an aneurysm). Aortic dilatation may also lead to a sudden tearing of the layers in the aorta wall (aortic dissection), allowing blood to flow abnormally between the layers. These aortic abnormalities are potentially life-threatening because they can decrease blood flow to other parts of the body such as the brain or other vital organs, or cause the aorta to break open (rupture). The occurrence and timing of these aortic abnormalities vary, even within the same affected family. They can begin in childhood or not occur until late in life. Aortic dilatation is generally the first feature of familial TAAD to develop, although in some affected individuals dissection occurs with little or no aortic dilatation. Aortic aneurysms usually have no symptoms. However, depending on the size, growth rate, and location of these abnormalities, they can cause pain in the jaw, neck, chest, or back; swelling in the arms, neck, or head; difficult or painful swallowing; hoarseness; shortness of breath; wheezing; a chronic cough; or coughing up blood. Aortic dissections usually cause severe, sudden chest or back pain, and may also result in unusually pale skin (pallor), a very faint pulse, numbness or tingling (paresthesias) in one or more limbs, or paralysis. Familial TAAD may not be associated with other signs and symptoms. However, some individuals in affected families show mild features of related conditions called Marfan syndrome or Loeys-Dietz syndrome. These features include tall stature, stretch marks on the skin, an unusually large range of joint movement (joint hypermobility), and either a sunken or protruding chest. Occasionally, people with familial TAAD develop aneurysms in the brain or in the section of the aorta located in the abdomen (abdominal aorta). Some people with familial TAAD have heart abnormalities that are present from birth (congenital). Affected individuals may also have a soft out-pouching in the lower abdomen (inguinal hernia), an abnormal curvature of the spine (scoliosis), or a purplish skin discoloration (livedo reticularis) caused by abnormalities in the tiny blood vessels of the skin (dermal capillaries). However, these conditions are also common in the general population. Depending on the genetic cause of familial TAAD in particular families, they may have an increased risk of developing blockages in smaller arteries, which can lead to heart attack and stroke.","Familial thoracic aortic aneurysm and dissection (TAA/D) is a condition that affects the large blood vessels in the chest, called the aorta. The aorta carries oxygen-rich blood from the heart to the rest of the body. In people with TAA/D, the walls of the aorta become weak and stretchable over time. This weakening can cause the aorta to bulge outward, which is known as an aneurysm. If this aneurysm ruptures or tears, it causes life-threatening bleeding into the chest cavity. Aneurysms are often asymptomatic until they rupture; therefore, most affected individuals do not have any signs or symptoms associated with the disorder. However, some people with TAA/D develop aortic dissections, which occur when the inner lining of the aorta tears and slides into the wall of the tube. These tears can be caused by high blood pressure, trauma, or other factors. Aortic dissections can also result from genetic mutations that affect the structure of the aorta. Aortic dissections usually cause severe pain in the back, abdomen, chest, neck, or arms. They may also lead to sudden death due to internal bleeding.",14.119700371998988
Is X-linked thrombocytopenia inherited ?,"This condition is inherited in an X-linked pattern. The gene associated with this condition is located on the X chromosome, which is one of the two sex chromosomes. In females (who have two X chromosomes), a mutation in one of the two copies of the gene in each cell may or may not cause the disorder. In males (who have only one X chromosome), a mutation in the only copy of the gene in each cell causes the disorder. In most cases of X-linked inheritance, males experience more severe symptoms of the disorder than females. A characteristic of X-linked inheritance is that fathers cannot pass X-linked traits to their sons.","How is x-linked thrombocytopenia inherited? X-linked thrombocytopenia is an X-linked recessive condition. This means that the gene associated with this condition is located on the X chromosome, and that affected females have one altered copy of the gene in each cell (heterozygous). The other X chromosome in each cell has a normal copy of the gene. In males (who have only one X chromosome), one altered copy of the gene in each cell leads to the expression of the trait. Because females have two copies of the X chromosome, if one copy carries the altered gene it usually doesn't cause any signs or symptoms of the disorder. However, some females who are heterozygous for mutations in the ITGB2 gene may develop mild thrombocytopenia. Females can also be carriers of an X-linked recessive genetic condition without showing any signs or symptoms of the condition themselves. These females are called mosaic carriers. Mosaic carriers typically have fewer cells than usual that carry the mutation compared to their non-carrier counterparts.",12.218411279000065
What are the symptoms of Gangliocytoma ?,"What are the signs and symptoms of gangliocytomas? Signs and symptoms caused by the presence of a gangliocytoma can vary depending on the tumor's location. Seizures are the most common symptom. Other symptoms may include increased brain pressure, endocrine disorders, and focal symptoms. Gangliocytomas can also be asymptomatic (cause no symptoms) and may be diagnosed incidentally on imaging studies.","What are the signs and symptoms of gangliocytoma? The Human Phenotype Ontology provides the following list of signs and symptoms for gangliocytoma. If the information is available, the table below includes how often the symptom is seen in people with this condition. You can use the MedlinePlus Medical Dictionary to look up the definitions for these medical terms. Signs and Symptoms Approximate number of patients (when available) Abnormality of the cerebellum 90% Aplasia/Hypoplasia of the corpus callosum 90% Cerebral cortical hyperostosis 90% Cognitive impairment 90% Epilepsy 90% Hypertonia 90% Muscular hypotonia 90% Nystagmus 90% Optic atrophy 90% Seizures 90% Visual impairment 90% Autosomal dominant inheritance - Congenital luteoma of the brainstem - Dysarthria - Hemiplegia/hemiparesis - Intellectual disability - Motor speech disorder - Oculomotor apraxia - Spastic diplegia - Tremor - The Human Phenotype Ontology (HPO) has collected information on how often",14.347481936001714
What are the treatments for carnitine palmitoyltransferase I deficiency ?,These resources address the diagnosis or management of CPT I deficiency: - Baby's First Test - FOD (Fatty Oxidation Disorders) Family Support Group: Diagnostic Approach to Disorders of Fat Oxidation - Information for Clinicians - Gene Review: Gene Review: Carnitine Palmitoyltransferase 1A Deficiency - Genetic Testing Registry: Carnitine palmitoyltransferase I deficiency These resources from MedlinePlus offer information about the diagnosis and management of various health conditions: - Diagnostic Tests - Drug Therapy - Surgery and Rehabilitation - Genetic Counseling - Palliative Care,These resources address the diagnosis or management of CPAT1 deficiency: - Gene Review: Gene Review: Carnitine Palmitoyltransferase 1 Deficiency - Genetic Testing Registry: Carnitine palmitoyltransferase 1 deficiency These resources from MedlinePlus offer information about the care and management of various health conditions: - Health Management Tips - Drug Therapy - Surgery and Rehabilitation - Screening and Detection These resources from MedlinePlus offer additional information about the diagnosis and management of various health conditions: - Diagnostic Tests - Drug Therapy - Surgery and Rehabilitation - Screening and Detection,6.612618506000217
What is (are) Hemochromatosis ?,"Hemochromatosis is a condition in which too much iron builds up in the body (iron overload). Accumulation of iron in the organs is toxic and can result in organ failure. While many organs can be affected, it may especially affect the liver, heart, and pancreas. Symptoms of hemochromatosis tend to develop gradually and often don't appear until middle age or later. The condition may not be diagnosed until iron accumulation is excessive. Early symptoms may be vague, such as fatigue or weakness. Other symptoms or features may include joint pain, abdominal pain, loss of sex drive, arthritis, liver disease, diabetes, heart problems, and skin discoloration. Hemochromatosis may be hereditary or acquired (secondary) due to another condition such as anemia, chronic liver disease, or an infection. There is also a neonatal form. Hereditary hemochromatosis is classified by type based on age of onset, genetic cause and mode of inheritance: Hemochromotosis type 1 Hemochromatosis type 2 Hemochromatosis type 3 Hemochromatosis type 4 Treatment usually involves removing blood (phlebotomy), which prevents additional organ damage but does not reverse existing damage.","Hemochromatosis is a disorder in which too much iron builds up in the body. The excess iron can damage organs, especially the liver and heart. There are two types of hemochromatosis: primary and secondary. Primary hemochromatosis is caused by an inherited gene mutation that affects how the body absorbs or stores iron. Secondary hemochromatosis occurs when another condition causes increased absorption of iron from food. In both cases, the excess iron damages organs over time.",5.625579378000111
What are the symptoms of Intestinal Pseudo-obstruction ?,"Intestinal pseudo-obstruction symptoms may include - abdominal swelling or bloating, also called distension - abdominal pain - nausea - vomiting - constipation - diarrhea Over time, the condition can cause malnutrition, bacterial overgrowth in the intestines, and weight loss. Malnutrition is a condition that develops when the body does not get the right amount of the vitamins, minerals, and other nutrients it needs to maintain healthy tissues and organ function. Some people develop problems with their esophagus, stomach, or bladder.","Intestinal pseudo-obstruction may cause any or all of the following: - Abdominal pain and cramping - Nausea, vomiting, bloating, and constipation - Weight loss - Diarrhea - Heartburn - Fever",2.6292742519999592
What causes Problems with Smell ?,"Problems with smell happen for many reasons, some clearer than others. Loss of smell may be permanent or temporary, depending on the cause. Effects of Aging As with vision and hearing, people gradually lose their ability to smell as they get older. Smell that declines with age is called presbyosmia and is not preventable. Age is only one of the many reasons that problems with smell can occur. Most people who develop a problem with smell have recently had an illness or injury. Common Causes The common causes of smell disorders are - sinus and upper respiratory infections - aging - smoking - nasal polyps - head injury - allergies - hormonal disturbances - dental problems - exposure to certain chemicals - numerous medications - radiation for treatment of head and neck cancers - diseases of the nervous system. sinus and upper respiratory infections aging smoking nasal polyps head injury allergies hormonal disturbances dental problems exposure to certain chemicals numerous medications radiation for treatment of head and neck cancers diseases of the nervous system. Sinus and Upper Respiratory Infections. The most common causes of smell problems are the common cold and chronic nasal or sinus infection. Respiratory infections such as the flu can lead to smell disorders. Swollen sinuses and nasal passages often result in problems with smell because the odors in the air do not have good access to the olfactory sensory cells. These conditions may cause total or partial loss of smell. The problem usually diminishes or goes away when the underlying medical condition clears up. Aging. Problems with smell become more common as people get older. A person's sense of smell generally declines when he or she is over 60. Smoking. Tobacco smoking is the most concentrated form of pollution that most people are exposed to. It impairs the ability to identify and enjoy odors. Nasal Polyps. Loss of smell can be caused by nasal polyps, which are small, non-cancerous growths in the nose or sinuses that can block the ability of odors to reach olfactory sensory cells high up in the nose. In rare cases, benign non-malignant tumors grow on the olfactory nerves leading to the brain, causing a loss of smell. Previous surgery or trauma to the head can impair your sense of smell because the olfactory nerves may be cut, blocked, or physically damaged. Automobile accidents are among the most frequent causes of trauma to the face and head. Allergies. If your smell disorder is caused by allergies and seasonal nasal congestion, you should avoid allergens, such as ragweed, grasses, and pet dander. Exposure to Certain Chemicals. Sometimes exposure to certain chemicals, such as insecticides and solvents, can permanently damage the sense of smell. Medications. If you are taking certain medicines, you may notice a change in your ability to smell. Certain medications, including some common antibiotics and antihistamines, can cause problems with smell. The sense of smell usually returns to normal when you stop taking the medicine. Radiation Treatment. People with head and neck cancers who receive radiation treatment to the nose and mouth regions commonly experience problems with their sense of smell and taste as an unfortunate side effect. Older people who have lost their larynx or voice box commonly complain of poor ability to smell and taste. Diseases of the Nervous System. Sometimes a problem with smell can be a sign of a more serious health problem. This might include diseases of the nervous system, such as Parkinson's disease or Alzheimer's disease. Loss of smell may be the first sign that something is wrong. Check with your doctor if you've been experiencing a problem with your sense of smell for a while. You may be able to prevent or get early treatment for a more serious health problem.","Smell problems can be caused by many things, including - Age-related changes in the nose and nasal passages. The sense of smell begins to decline as we age. This is due to a decrease in blood flow to the olfactory nerve cells that detect smells. - Infections or inflammation of the nasal cavity or sinuses. These infections may cause swelling of the lining of the nose and nasal passages, which blocks airflow through the nose. - Nasal polyps. Polyps are growths on the mucous membranes inside the nose and nasal passages. They block airflow through the nose. - Deviated septum. A deviated septum is when the wall separating the two nostrils is crooked or off-center. It can block airflow through one or both nostrils. - Structural abnormalities of the nose. For example, some people have a cleft palate (a split in the roof of the mouth) that affects how their nose develops. - Head injuries. Damage to the brain or skull from head trauma can affect the function of the nerves that carry information about smell to the brain. - Brain tumors. Tumors can press against the olfactory nerve and impair its ability to send signals to the brain. - Neurodegenerative diseases such as Alzheimer's disease. These",14.227246045000356
How to diagnose Laryngeal Cancer ?,"Tests that examine the throat and neck are used to help detect (find), diagnose, and stage laryngeal cancer.The following tests and procedures may be used: - Physical exam of the throat and neck: An exam to check the throat and neck for abnormal areas. The doctor will feel the inside of the mouth with a gloved finger and examine the mouth and throat with a small long-handled mirror and light. This will include checking the insides of the cheeks and lips; the gums; the back, roof, and floor of the mouth; the top, bottom, and sides of the tongue; and the throat. The neck will be felt for swollen lymph nodes. A history of the patients health habits and past illnesses and medical treatments will also be taken. - Biopsy : The removal of cells or tissues so they can be viewed under a microscope by a pathologist to check for signs of cancer. The sample of tissue may be removed during one of the following procedures: - Laryngoscopy : A procedure to look at the larynx (voice box) for abnormal areas. A mirror or a laryngoscope (a thin, tube-like instrument with a light and a lens for viewing) is inserted through the mouth to see the larynx. A special tool on the laryngoscope may be used to remove samples of tissue. - Endoscopy : A procedure to look at organs and tissues inside the body, such as the throat, esophagus, and trachea to check for abnormal areas. An endoscope (a thin, lighted tube with a light and a lens for viewing) is inserted through an opening in the body, such as the mouth. A special tool on the endoscope may be used to remove samples of tissue. - CT scan (CAT scan): A procedure that makes a series of detailed pictures of areas inside the body, taken from different angles. The pictures are made by a computer linked to an x-ray machine. A dye may be injected into a vein or swallowed to help the organs or tissues show up more clearly. This procedure is also called computed tomography, computerized tomography, or computerized axial tomography. - MRI (magnetic resonance imaging): A procedure that uses a magnet, radio waves, and a computer to make a series of detailed pictures of areas inside the body. This procedure is also called nuclear magnetic resonance imaging (NMRI). - PET scan (positron emission tomography scan): A procedure to find malignant tumor cells in the body. A small amount of radioactive glucose (sugar) is injected into a vein. The PET scanner rotates around the body and makes a picture of where glucose is being used in the body. Malignant tumor cells show up brighter in the picture because they are more active and take up more glucose than normal cells do. - Bone scan : A procedure to check if there are rapidly dividing cells, such as cancer cells, in the bone. A very small amount of radioactive material is injected into a vein and travels through the bloodstream. The radioactive material collects in the bones and is detected by a scanner. - Barium swallow : A series of x-rays of the esophagus and stomach. The patient drinks a liquid that contains barium (a silver-white metallic compound). The liquid coats the esophagus and stomach, and x-rays are taken. This procedure is also called an upper GI series.","Tests that examine the larynx are used to detect (find) and diagnose laryngeal cancer. The following tests and procedures may be used: - Physical exam and history : An exam of the body to check general signs of health, including checking for signs of disease, such as lumps or anything else that seems unusual. A history of the patients health habits and past illnesses and treatments will also be taken. - Laryngoscopy : Examining the upper part of the throat and back of the nose using a lighted, flexible tube called a laryngoscope. The doctor looks to see if there is inflammation, swelling, or bleeding in the area around the vocal cords. - Biopsy : The removal of cells or tissues so they can be viewed under a microscope by a pathologist to look for signs of cancer. This is the only sure way to know that you have laryngeal cancer. The biopsy may be performed using one of the following methods: - Endoscopic biopsy : The removal of tissue from the larynx through a small scope with a cutting device at its end. - Fine needle aspiration (FNA): The removal of tissue or fluid using a thin needle guided by ultrasound or CT scan. - Bronchoscopy : A procedure",14.37367498399908
what research (or clinical trials) is being done for Pinched Nerve ?,"Within the NINDS research programs, pinched nerves are addressed primarily through studies associated with pain research. NINDS vigorously pursues a research program seeking new treatments for pain and nerve damage with the ultimate goal of reversing debilitating conditions such as pinched nerves.","The National Institute of Neurological Disorders and Stroke (NINDS), a part of the National Institutes of Health, conducts research in laboratories at the NIH, and supports additional research through grants to major medical institutions across the country. Much of this research focuses on finding better ways to prevent, treat, and ultimately cure disorders of the nervous system.",3.9359891559997777
Is Bartter syndrome inherited ?,"How is Bartter syndrome inherited? Bartter syndrome is inherited in an autosomal recessive manner, which means that both copies of the disease-causing gene (one inherited from each parent) have a mutation in an affected individual. Parents who each carry one mutated copy of the gene are referred to as carriers and typically do not have signs or symptoms of the condition. When two carriers for an autosomal recessive condition have children, each child has a 25% (1 in 4) risk to have the condition, a 50% (1 in 2) risk to be a carrier like each of the parents, and a 25% chance to not have the condition and not be a carrier. Click here to visit the Genetic Home Reference Web site and view an illustration that demonstrates autosomal recessive inheritance.","Bartter syndrome is generally inherited in an autosomal recessive pattern, which means both copies of the gene in each cell have mutations. The parents of an individual with an autosomal recessive condition each carry one copy of the mutated gene but usually do not show signs and symptoms of the condition.",3.4179041759998654
How to prevent What I need to know about Gestational Diabetes ?,"You can do a lot to prevent or delay type 2 diabetes by making these lifestyle changes: - Reach and stay at a healthy weight. Try to reach your prepregnancy weight 6 to 12 months after your baby is born. Then, if you still weigh too much, work to lose at least 5 to 7 percent of your body weight and keep it off. For example, if you weigh 200 pounds, losing 10 to 14 pounds can greatly reduce your chance of getting diabetes. - Be physically active for at least 30 minutes most days of the week. - Follow a healthy eating plan. Eat more grains, fruits, and vegetables. Cut down on fat and calories. Your health care team can help you design a meal plan. - Ask your doctor if you should take the diabetes medicine metformin. Metformin can lower your chances of having type 2 diabetes, especially if you are younger and heavier and have prediabetes or if you have had gestational diabetes. These changes can help you enjoy a longer, healthier life. Your health care team can give you information and support to help you make these changes. By delaying or preventing type 2 diabetes, you will also lower your chances of having heart and blood vessel disease and other problems as you get older. Talk with your doctor if you are thinking about having another baby. For the safety of your baby, your blood glucose needs to be at healthy levels before you get pregnant again. Your doctor can help ensure you are ready for your next child.","Gestational diabetes is a type of diabetes that occurs during pregnancy. It usually goes away after the baby is born, but you may have it for life if you dont control your blood glucose levels. If you have gestational diabetes, youll need to take care of yourself and your baby. You can do this by: - Eating healthy foods. - Getting regular exercise. - Taking medicine as prescribed. - Checking your blood glucose level regularly. - Having regular prenatal visits with your health care provider. - Learning how to recognize the signs and symptoms of high blood glucose. - Knowing when to call your health care provider. - Following up on any problems or complications.",7.650333746998513
How to diagnose Heart Failure ?,"Diagnosing Heart Failure There is not one specific test to diagnose heart failure. Because the symptoms are common for other conditions, your doctor will determine if you have heart failure by doing a detailed medical history, an examination, and several tests. The tests will identify whether you have any diseases or conditions that can cause heart failure. They will also rule out any other causes of your symptoms and determine the amount of damage to your heart. During a physical examination, you can expect your doctor to listen to your heart for abnormal sounds and listen to your lungs for a buildup of fluid. Your doctor will also look for swelling in your ankles, feet, legs, abdomen, and in the veins in your neck If your doctor determines that you have signs of heart failure, he or she may order several tests. Diagnostic Tests Tests that are given to determine heart failure include an electrocardiogram (EKG or ECG), a chest x-ray, and a BNP blood test. An EKG or ECG -- electrocardiogram -- measures the rate and regularity of your heartbeat. This test can also show if you have had a heart attack and whether the walls of your heart have thickened. A chest X-ray takes a picture of your heart and lungs. It will show whether your heart is enlarged or your lungs have fluid in them, both signs of heart failure. A BNP blood test measures the level of a hormone in your blood called BNP -- brain natriuretic peptide -- that increases in heart failure. Once these initial tests have been performed, your doctor may decide to send you to a cardiologist, a specialist in the diagnosis and treatment of heart disease. A cardiologist will perform a physical exam and may order other tests. Other Tests Tests that can identify the cause of heart failure include an echocardiogram, a Holter monitor, and an exercise stress test. An echocardiogram is one of the most useful tests for diagnosing heart failure. This test uses sound waves to create a picture of the heart and shows how well the heart is filling with blood. Your doctor uses this test to determine whether any areas of your heart are damaged. A Holter monitor, which is a small box that is attached to patches placed on your chest. The monitor, which is worn for 24 hours, provides a continuous recording of heart rhythm during normal activity. An exercise stress test captures your EKG and blood pressure before, during, or after exercise to see how your heart responds to exercise. This test tells doctors how your heart responds to activity.","Heart failure is diagnosed based on your medical history, a physical exam, and test results. Your doctor will ask you about any symptoms you have, how long they last, and what makes them better or worse. He or she may also ask whether anyone in your family has had heart failure. The doctor will listen to your heart and lungs with a stethoscope. This can help him or her hear signs of fluid buildup in the body. You may be asked to walk on a treadmill or ride a stationary bike while having an electrocardiogram (ECG) done. An ECG records electrical activity in your heart. It shows where there are problems with the way your heart beats. A chest x ray can show if your heart is enlarged. If you have heart failure, it usually appears as an enlargement of both sides of the heart. A blood test called troponin measures levels of this protein in your blood. High levels of troponin indicate that your heart muscle is damaged. A cardiac catheterization procedure can provide more information about your heart's structure and function. During this procedure, a thin tube called a catheter is inserted into a large artery or vein in your arm, neck, or leg. The catheter is guided through the blood vessels to your",14.758054806001383
What causes Polycythemia Vera ?,"Primary Polycythemia Polycythemia vera (PV) also is known as primary polycythemia. A mutation, or change, in the body's JAK2 gene is the main cause of PV. The JAK2 gene makes a protein that helps the body produce blood cells. What causes the change in the JAK2 gene isn't known. PV generally isn't inheritedthat is, passed from parents to children through genes. However, in some families, the JAK2 gene may have a tendency to mutate. Other, unknown genetic factors also may play a role in causing PV. Secondary Polycythemia Another type of polycythemia, called secondary polycythemia, isn't related to the JAK2 gene. Long-term exposure to low oxygen levels causes secondary polycythemia. A lack of oxygen over a long period can cause your body to make more of the hormone erythropoietin (EPO). High levels of EPO can prompt your body to make more red blood cells than normal. This leads to thicker blood, as seen in PV. People who have severe heart or lung disease may develop secondary polycythemia. People who smoke, spend long hours at high altitudes, or are exposed to high levels of carbon monoxide where they work or live also are at risk. For example, working in an underground parking garage or living in a home with a poorly vented fireplace or furnace can raise your risk for secondary polycythemia. Rarely, tumors can make and release EPO, or certain blood problems can cause the body to make more EPO. Sometimes doctors can cure secondary polycythemiait depends on whether the underlying cause can be stopped, controlled, or cured.","Polycythemia vera (PV) is caused by a mutation in the JAK2 gene. The JAK2 gene provides instructions for making a protein that plays an important role in signaling pathways within cells, which are responsible for regulating cell growth and division. In PV, mutations of this gene cause the production of a JAK2 protein with abnormal activity. This overactive protein triggers the development of too many red blood cells, leading to polycythemia.",5.428657177999412
"What is (are) 46,XX testicular disorder of sex development ?","46,XX testicular disorder of sex development is a condition in which individuals with two X chromosomes in each cell, the pattern normally found in females, have a male appearance. People with this disorder have male external genitalia. They generally have small testes and may also have abnormalities such as undescended testes (cryptorchidism) or the urethra opening on the underside of the penis (hypospadias). A small number of affected people have external genitalia that do not look clearly male or clearly female (ambiguous genitalia). Affected children are typically raised as males and have a male gender identity. At puberty, most affected individuals require treatment with the male sex hormone testosterone to induce development of male secondary sex characteristics such as facial hair and deepening of the voice (masculinization). Hormone treatment can also help prevent breast enlargement (gynecomastia). Adults with this disorder are usually shorter than average for males and are unable to have children (infertile).","Testicular disorder of sex development (DSD) refers to a group of disorders that affect the development of male and female reproductive organs. The most common form of DSD involves ambiguous genitalia at birth, which can be caused by genetic abnormalities or environmental factors. Ambiguous genitalia may include undescended testes, small scrotum, external genitalia resembling those of females, and internal genitalia resembling those of males. In some cases, individuals with ambiguous genitalia have an extra copy of chromosome 21 in each cell (trisomy 21), which causes intellectual disability and other physical features characteristic of Down syndrome. Other forms of DSD are associated with chromosomal abnormalities such as Turner syndrome, Klinefelter syndrome, or XYY syndrome. These conditions result from missing or abnormal chromosomes during early embryonic development. Some people with these conditions do not have any signs or symptoms related to their sex development; others develop ambiguous genitalia or other health problems.",11.43275601699861
What are the symptoms of Dermatoleukodystrophy ?,"What are the signs and symptoms of Dermatoleukodystrophy? The Human Phenotype Ontology provides the following list of signs and symptoms for Dermatoleukodystrophy. If the information is available, the table below includes how often the symptom is seen in people with this condition. You can use the MedlinePlus Medical Dictionary to look up the definitions for these medical terms. Signs and Symptoms Approximate number of patients (when available) Cognitive impairment 90% Hyperkeratosis 90% Morphological abnormality of the central nervous system 90% Hyperreflexia 50% Abnormality of metabolism/homeostasis - Autosomal recessive inheritance - Large hands - Leukodystrophy - Long foot - Macrotia - Premature skin wrinkling - Progeroid facial appearance - Prominent nose - Thickened skin - The Human Phenotype Ontology (HPO) has collected information on how often a sign or symptom occurs in a condition. Much of this information comes from Orphanet, a European rare disease database. The frequency of a sign or symptom is usually listed as a rough estimate of the percentage of patients who have that feature. The frequency may also be listed as a fraction. The first number of the fraction is how many people had the symptom, and the second number is the total number of people who were examined in one study. For example, a frequency of 25/25 means that in a study of 25 people all patients were found to have that symptom. Because these frequencies are based on a specific study, the fractions may be different if another group of patients are examined. Sometimes, no information on frequency is available. In these cases, the sign or symptom may be rare or common.","What are the signs and symptoms of Dermatoleukodystrophy? The Human Phenotype Ontology provides the following list of signs and symptoms for Dermatoleukodystrophy. If the information is available, the table below includes how often the symptom is seen in people with this condition. You can use the MedlinePlus Medical Dictionary to look up the definitions for these medical terms. Signs and Symptoms Approximate number of patients (when available) Abnormality of the skin 90% Aplasia/Hypoplasia of the iris 90% Cataract 90% Cutaneous atrophy 90% Hypertelorism 90% Limb malformation/cleft palmoplantar ray 90% Muscular hypotonia 90% Nystagmus 90% Optic nerve hypoplasia 90% Seizures 90% Short stature 90% Strabismus 90% Visual impairment 90% Abdominal hernia 50% Anencephaly 50% Aplasia/hypoplasia of the corpus callosum 50% Blepharophimosis 50% Brachyd",14.771018663999712
What are the treatments for Abetalipoproteinemia ?,"How might abetalipoproteinemia be treated? A nutritionist or other qualified medical professional should be consulted for specific dietary instruction in people with abetalipoproteinemia. Treatment involves very large doses of vitamin E, as well as large doses of vitamin supplements containing other fat-soluble vitamins (vitamin A, vitamin D, and vitamin K). Linoleic acid supplements are also recommended. Several diet changes and/or restrictions are also needed to prevent stomach problems. A low-fat diet may help with digestive symptoms; medium chain triglycerides may be used (under supervision of a specialist) as a source of fat in the diet. Management in adults typically focuses on specific complications associated with the disorder, and depends on the signs and symptoms present. Affected people may need consultations with several other types of specialists, including a lipidologist, gastroenterologist, hepatologist, ophthalmologist, and neurologist.","How might abetalipoproteinemia be treated? There is no cure for abetalipoproteinemia. However, treatment can help prevent or treat some of the complications associated with this condition. A dietitian may recommend a high-fat diet to ensure that patients get enough fat-soluble vitamins and other nutrients from food. Patients should also take vitamin supplements (such as vitamin E) to maintain adequate levels of these vitamins in their blood. In addition, patients may need to have regular monitoring by a health care provider to check for signs of liver disease, which can occur if they do not eat enough fats.",7.101727318000485
What is the outlook for Diabetic Neuropathy ?,"The prognosis for diabetic neuropathy depends largely on how well the underlying condition of diabetes is handled. Treating diabetes may halt progression and improve symptoms of the neuropathy, but recovery is slow. The painful sensations of diabetic neuropathy may become severe enough to cause depression in some patients.","Diabetic neuropathy can be a progressive disease, and its severity depends on how long you have had diabetes. The most common complication of diabetic neuropathy is foot problems such as ulcers or infections that may lead to amputation. If left untreated, these complications can cause death.",3.301871339999707
What is (are) Giant axonal neuropathy ?,"Giant axonal neuropathy (GAN) is a neurodegenerative disorder characterized by abnormally large and dysfunctional axons (the specialized extensions of nerve cells that are required for the transmission of nerve impulses). The condition typically appears in infancy or early childhood with severe peripheral motor and sensory neuropathy (affecting movement and sensation in the arms and legs). Early signs include difficulty walking, lack of coordination, and loss of strength. Over time, the central nervous system (brain and spinal cord) becomes involved, causing a gradual decline in mental function, loss of control of body movements, and seizures. Giant axonal neuropathy is caused by mutations in the GAN gene. It follows and autosomal dominant pattern of inheritance. Management is directed by a multidisciplinary team with the goal of optimizing intellectual and physical development.","Giant axonal neuropathy is a disorder that affects the nervous system. This condition causes progressive weakness and atrophy of nerve cells in the brain and spinal cord, which can lead to muscle wasting and difficulty with movement. The signs and symptoms of giant axonal neuropathy vary widely among affected individuals. Some people have only mild muscle weakness; others develop severe muscle weakness and respiratory problems early in life. Most people with this condition experience muscle weakness beginning in childhood or adolescence. As the disease progresses, muscles become weaker and more fragile. Eventually, most people with giant axonal neuropathy require assistance with daily activities such as walking and eating. Muscle weakness may also cause breathing difficulties, making it difficult for some people to maintain an upright posture. In addition to muscle weakness, people with giant axonal neuropathy often have abnormal sensations in their hands and feet, including tingling, numbness, and pain. These abnormalities are caused by damage to sensory nerves called peripheral nerves. Peripheral nerves connect the brain and spinal cord to muscles and other tissues throughout the body. People with giant axonal neuropathy typically do not have any intellectual disability. However, some affected individuals have had brief periods of developmental delay before developing muscle weakness.",14.066375067999616
What is (are) Arts syndrome ?,"Arts syndrome is characterized by sensorineural hearing loss and serious neurological and immune system problems in males. Females can also be affected by this condition, but they typically have much milder symptoms. Arts syndrome is caused by mutations in the PRPS1 gene which is located on the X chromosome. It is inherited in an X-linked recessive manner.","Arts syndrome is a condition characterized by distinctive facial features, intellectual disability, and behavioral problems. The most common facial feature of this disorder is a prominent forehead that gives the face an elongated appearance. Other characteristic facial features include a wide nasal bridge; a long, narrow nose with a downturned tip; widely spaced eyes; a small upper jaw; and a low hairline at the back of the neck. People with Arts syndrome typically have delayed development of motor skills such as sitting, standing, and walking. They also tend to walk on their toes or in a crouched position. Most affected individuals have mild to moderate intellectual disability, although some may have more severe learning difficulties. Behavioral problems are often present in people with Arts syndrome, including hyperactivity, impulsivity, attention deficit, and aggression. These behaviors can be particularly problematic during adolescence when young adults begin to develop social relationships. Some affected individuals experience mood swings, depression, anxiety, and self-harm. In addition to the physical and behavioral abnormalities described above, many people with Arts syndrome have heart defects, kidney abnormalities, and/or hearing loss.",12.727312466000512
What is (are) Carnitine palmitoyltransferase 2 deficiency ?,"Carnitine palmitoyltransferase 2 (CPT2) deficiency is a condition that prevents the body from using certain fats for energy, particularly during periods without food (fasting). There are three main types of CPT2 deficiency: a lethal neonatal form, a severe infantile hepatocardiomuscular form, and a myopathic form. The neonatal and infantile forms are severe multisystemic diseases characterized by liver failure with hypoketotic hypoglycemia (extremely low levels of ketones (substances produced when fat cells break down in the blood) and low blood sugar), cardiomyopathy, seizures, and early death. The myopathic form is characterized by exercise-induced muscle pain and weakness and occasional myoglobinuria (rust-colored urine indicating breakdown of muscle tissue). Mutations in the CPT2 gene cause CPT2 deficiency. It is inherited in an autosomal recessive pattern. Treatment is based on avoidance of prolonged fasting and a low-fat and high-carbohydrate diet.","Carnitine palmitoyltransferase 2 (CPT2) deficiency is a disorder that affects the body's ability to use fats for energy. This condition can be inherited in an autosomal recessive or X-linked pattern, depending on which gene is involved. Autosomal recessive inheritance means both copies of the gene in each cell have mutations. The parents of an individual with an autosomal recessive condition each carry one copy of the mutated gene, but they typically do not show signs and symptoms of the condition. X-linked inheritance means changes in the CPT2 gene are found more often in males than in females. In most cases, males with this condition die in infancy from severe muscle weakness and failure to thrive. Females who are carriers of only one altered copy of the CPT2 gene may experience mild muscle weakness and delayed growth.",9.929033865000747
"What are the symptoms of Hypocalcemia, autosomal dominant ?","What are the signs and symptoms of Hypocalcemia, autosomal dominant? The Human Phenotype Ontology provides the following list of signs and symptoms for Hypocalcemia, autosomal dominant. If the information is available, the table below includes how often the symptom is seen in people with this condition. You can use the MedlinePlus Medical Dictionary to look up the definitions for these medical terms. Signs and Symptoms Approximate number of patients (when available) Behavioral abnormality 90% EMG abnormality 90% Flexion contracture 90% Hypercalciuria 90% Hypocalcemia 90% Involuntary movements 90% Paresthesia 90% Abdominal pain 50% Abnormal pattern of respiration 50% Abnormality of the fingernails 50% Alopecia 50% Arrhythmia 50% Dry skin 50% Hyperphosphatemia 50% Hypotension 50% Nephrolithiasis 50% Congestive heart failure 7.5% Eczema 7.5% Increased intracranial pressure 7.5% Irregular hyperpigmentation 7.5% Optic atrophy 7.5% Reduced bone mineral density 7.5% Reduced consciousness/confusion 7.5% The Human Phenotype Ontology (HPO) has collected information on how often a sign or symptom occurs in a condition. Much of this information comes from Orphanet, a European rare disease database. The frequency of a sign or symptom is usually listed as a rough estimate of the percentage of patients who have that feature. The frequency may also be listed as a fraction. The first number of the fraction is how many people had the symptom, and the second number is the total number of people who were examined in one study. For example, a frequency of 25/25 means that in a study of 25 people all patients were found to have that symptom. Because these frequencies are based on a specific study, the fractions may be different if another group of patients are examined. Sometimes, no information on frequency is available. In these cases, the sign or symptom may be rare or common.","What are the signs and symptoms of Hypocalcemia, autosomal dominant? The Human Phenotype Ontology provides the following list of signs and symptoms for Hypocalcemia, autosomal dominant. If the information is available, the table below includes how often the symptom is seen in people with this condition. You can use the MedlinePlus Medical Dictionary to look up the definitions for these medical terms. Signs and Symptoms Approximate number of patients (when available) Abnormality of calcium homeostasis 90% Abnormality of the cardiac conduction system 90% Atrioventricular block 90% Cerebral calcification 90% Delayed skeletal maturation 90% Hypertonia 90% Muscular hypotonia 90% Nystagmus 90% Seizures 90% Short stature 90% Strabismus 90% Tremor 90% Ventricular hypertrophy 90% Autosomal dominant inheritance - Congenital hypoparathyroidism - Hypercalcemia - Hypokalemia - Hypomagnesemia - Hypophosphatemic rickets - Hypophosphatasia - Hypoparathyroidism -",14.439063167999848
What is the outlook for Farber's Disease ?,"Most children with the classic form of Farbers disease die by age 2, usually from lung disease. Children born with the most severe form of the disease usually die within 6 months, while individuals having a milder form of the disease may live into their teenage years or young adulthood.","The prognosis of Farber disease varies depending on the severity of the condition. Some people with mild forms of the disorder may not require treatment, while others may need to take medications or undergo surgery to manage symptoms and complications.",2.561408700999891
How many people are affected by Cyclic Vomiting Syndrome ?,"Cyclic vomiting syndrome is more common in children than adults, although reports of the syndrome in adults have increased in recent years.1 Usually, children are about 5 years old when diagnosed with cyclic vomiting syndrome, which occurs in every three out of 100,000 children.2","Cyclic vomiting syndrome is a rare disorder. It occurs in about 1 in 20,000 to 30,000 children and adults worldwide.",2.1013798419990053
What are the treatments for Varicose Veins ?,"Varicose veins are treated with lifestyle changes and medical procedures. The goals of treatment are to relieve symptoms, prevent complications, and improve appearance. If varicose veins cause few symptoms, your doctor may simply suggest making lifestyle changes. If your symptoms are more severe, your doctor may recommend one or more medical procedures. For example, you may need a medical procedure if you have a lot of pain, blood clots, or skin disorders caused by your varicose veins. Some people who have varicose veins choose to have procedures to improve how their veins look. Although treatment can help existing varicose veins, it can't keep new varicose veins from forming. Lifestyle Changes Lifestyle changes often are the first treatment for varicose veins. These changes can prevent varicose veins from getting worse, reduce pain, and delay other varicose veins from forming. Lifestyle changes include the following: Avoid standing or sitting for long periods without taking a break. When sitting, avoid crossing your legs. Keep your legs raised when sitting, resting, or sleeping. When you can, raise your legs above the level of your heart. Do physical activities to get your legs moving and improve muscle tone. This helps blood move through your veins. If you're overweight or obese, try to lose weight. This will improve blood flow and ease the pressure on your veins. Avoid wearing tight clothes, especially those that are tight around your waist, groin (upper thighs), and legs. Tight clothes can make varicose veins worse. Avoid wearing high heels for long periods. Lower heeled shoes can help tone your calf muscles. Toned muscles help blood move through the veins. Your doctor may recommend compression stockings. These stockings create gentle pressure up the leg. This pressure keeps blood from pooling and decreases swelling in the legs. There are three types of compression stockings. One type is support pantyhose. These offer the least amount of pressure. A second type is over-the-counter compression hose. These stockings give a little more pressure than support pantyhose. Over-the-counter compression hose are sold in medical supply stores and pharmacies. Prescription-strength compression hose are the third type of compression stockings. These stockings offer the greatest amount of pressure. They also are sold in medical supply stores and pharmacies. However, you need to be fitted for them in the store by a specially trained person. Medical Procedures Medical procedures are done either to remove varicose veins or to close them. Removing or closing varicose veins usually doesn't cause problems with blood flow because the blood starts moving through other veins. You may be treated with one or more of the procedures described below. Common side effects right after most of these procedures include bruising, swelling, skin discoloration, and slight pain. The side effects are most severe with vein stripping and ligation (li-GA-shun). Rarely, this procedure can cause severe pain, infections, blood clots, and scarring. Sclerotherapy Sclerotherapy (SKLER-o-ther-ah-pe) uses a liquid chemical to close off a varicose vein. The chemical is injected into the vein to cause irritation and scarring inside the vein. The irritation and scarring cause the vein to close off, and it fades away. This procedure often is used to treat smaller varicose veins and spider veins. It can be done in your doctor's office, while you stand. You may need several treatments to completely close off a vein. Treatments typically are done every 4 to 6 weeks. Following treatments, your legs will be wrapped in elastic bandaging to help with healing and decrease swelling. Microsclerotherapy Microsclerotherapy (MI-kro-SKLER-o-ther-ah-pe) is used to treat spider veins and other very small varicose veins. A small amount of liquid chemical is injected into a vein using a very fine needle. The chemical scars the inner lining of the vein, causing it to close off. Laser Surgery This procedure applies light energy from a laser onto a varicose vein. The laser light makes the vein fade away. Laser surgery mostly is used to treat smaller varicose veins. No cutting or injection of chemicals is involved. Endovenous Ablation Therapy Endovenous ablation (ab-LA-shun) therapy uses lasers or radiowaves to create heat to close off a varicose vein. Your doctor makes a tiny cut in your skin near the varicose vein. He or she then inserts a small tube called a catheter into the vein. A device at the tip of the tube heats up the inside of the vein and closes it off. You'll be awake during this procedure, but your doctor will numb the area around the vein. You usually can go home the same day as the procedure. Endoscopic Vein Surgery For endoscopic (en-do-SKOP-ik) vein surgery, your doctor will make a small cut in your skin near a varicose vein. He or she then uses a tiny camera at the end of a thin tube to move through the vein. A surgical device at the end of the camera is used to close the vein. Endoscopic vein surgery usually is used only in severe cases when varicose veins are causing skin ulcers (sores). After the procedure, you usually can return to your normal activities within a few weeks. Ambulatory Phlebectomy For ambulatory phlebectomy (fle-BEK-to-me), your doctor will make small cuts in your skin to remove small varicose veins. This procedure usually is done to remove the varicose veins closest to the surface of your skin. You'll be awake during the procedure, but your doctor will numb the area around the vein. Usually, you can go home the same day that the procedure is done. Vein Stripping and Ligation Vein stripping and ligation typically is done only for severe cases of varicose veins. The procedure involves tying shut and removing the veins through small cuts in your skin. You'll be given medicine to temporarily put you to sleep so you don't feel any pain during the procedure. Vein stripping and ligation usually is done as an outpatient procedure. The recovery time from the procedure is about 1 to 4 weeks.","Varicose veins can be treated with a variety of methods. The most common treatment is sclerotherapy, which involves injecting a chemical into the vein to cause it to close off and disappear. This procedure usually takes less than an hour and does not require hospitalization. Another option is endovenous laser ablation (EVLA), in which a catheter is inserted through a small incision near the surface of the skin and guided to the varicose vein. A high-energy laser beam is then passed through the catheter to burn away the vein wall. This procedure also requires no hospital stay. Other procedures include: - Saphenectomy, in which the surgeon removes the entire length of the affected vein. - Ligation, in which the surgeon ties off the affected vein at its point of entry into the leg. - Compression stockings, which apply pressure to the legs to help prevent blood from pooling in the veins. These stockings may be worn alone or together with other treatments.",11.279859491000025
Is Langerhans cell histiocytosis inherited ?,"Is Langerhans cell histiocytosis inherited? Although Langerhans cell histiocytosis is generally considered a sporadic, non-hereditary condition, it has reportedly affected more than one individual in a family in a very limited number of cases (particularly identical twins).","LCH is not considered to be an autosomal dominant, autosomal recessive or X-linked disorder. However, some cases of LCH have been reported in families with a pattern of inheritance that is unknown (unspecified).",2.623507176000203
What are the treatments for Coffin-Lowry syndrome ?,These resources address the diagnosis or management of Coffin-Lowry syndrome: - Gene Review: Gene Review: Coffin-Lowry Syndrome - Genetic Testing Registry: Coffin-Lowry syndrome These resources from MedlinePlus offer information about the diagnosis and management of various health conditions: - Diagnostic Tests - Drug Therapy - Surgery and Rehabilitation - Genetic Counseling - Palliative Care,These resources address the diagnosis or management of Coffin-Lowry syndrome: - Genetic Testing Registry: Coffin-Lowry syndrome These resources from MedlinePlus offer information about the care and treatment of patients with conditions similar to Coffin-Lowry syndrome: - Care Management - Medications - Surgery - Radiation Therapy - Physical Therapy - Occupational Therapy - Palliative Care,4.242837691001114
What are the symptoms of Kohlschutter Tonz syndrome ?,"What are the signs and symptoms of Kohlschutter Tonz syndrome? The Human Phenotype Ontology provides the following list of signs and symptoms for Kohlschutter Tonz syndrome. If the information is available, the table below includes how often the symptom is seen in people with this condition. You can use the MedlinePlus Medical Dictionary to look up the definitions for these medical terms. Signs and Symptoms Approximate number of patients (when available) Abnormality of dental color 90% Abnormality of dental enamel 90% Developmental regression 90% EEG abnormality 90% Hypertonia 90% Seizures 90% Hypohidrosis 50% Hydrocephalus 7.5% Short stature 7.5% Amelogenesis imperfecta - Ataxia - Autosomal recessive inheritance - Cerebellar hypoplasia - Cerebral atrophy - Dementia - Epileptic encephalopathy - Hypoplasia of dental enamel - Hypsarrhythmia - Intellectual disability, severe - Spasticity - Variable expressivity - Ventriculomegaly - The Human Phenotype Ontology (HPO) has collected information on how often a sign or symptom occurs in a condition. Much of this information comes from Orphanet, a European rare disease database. The frequency of a sign or symptom is usually listed as a rough estimate of the percentage of patients who have that feature. The frequency may also be listed as a fraction. The first number of the fraction is how many people had the symptom, and the second number is the total number of people who were examined in one study. For example, a frequency of 25/25 means that in a study of 25 people all patients were found to have that symptom. Because these frequencies are based on a specific study, the fractions may be different if another group of patients are examined. Sometimes, no information on frequency is available. In these cases, the sign or symptom may be rare or common.","What are the signs and symptoms of Kohlschutter Tonz syndrome? The Human Phenotype Ontology provides the following list of signs and symptoms for Kohlschutter Tonz syndrome. If the information is available, the table below includes how often the symptom is seen in people with this condition. You can use the MedlinePlus Medical Dictionary to look up the definitions for these medical terms. Signs and Symptoms Approximate number of patients (when available) Abnormality of the femur 90% Aplasia/Hypoplasia of the radius 90% Cleft palate 90% Cognitive impairment 90% Hypertelorism 90% Low-set, posteriorly rotated ears 90% Muscular hypotonia 90% Narrow chest 90% Short stature 90% Short thumb 90% Short toe 90% Talipes 90% Wide nasal bridge 90% Abnormality of the hip bone 50% Abnormality of the metacarpal bones 50% Abnormality of the metatarsals 50% Abnormality of the ribs 50% Atrium septal defect 50% Brachydact",14.518654079000044
What are the symptoms of STING-associated vasculopathy with onset in infancy ?,"What are the signs and symptoms of STING-associated vasculopathy with onset in infancy? The Human Phenotype Ontology provides the following list of signs and symptoms for STING-associated vasculopathy with onset in infancy. If the information is available, the table below includes how often the symptom is seen in people with this condition. You can use the MedlinePlus Medical Dictionary to look up the definitions for these medical terms. Signs and Symptoms Approximate number of patients (when available) Arthralgia 5% Joint stiffness 5% Myalgia 5% Myositis 5% Anemia - Cutis marmorata - Elevated erythrocyte sedimentation rate - Erythema - Failure to thrive - Fever - Follicular hyperplasia - Growth delay - Increased antibody level in blood - Interstitial pulmonary disease - Leukopenia - Nail dystrophy - Pustule - Recurrent respiratory infections - Telangiectasia - Thrombocytosis - The Human Phenotype Ontology (HPO) has collected information on how often a sign or symptom occurs in a condition. Much of this information comes from Orphanet, a European rare disease database. The frequency of a sign or symptom is usually listed as a rough estimate of the percentage of patients who have that feature. The frequency may also be listed as a fraction. The first number of the fraction is how many people had the symptom, and the second number is the total number of people who were examined in one study. For example, a frequency of 25/25 means that in a study of 25 people all patients were found to have that symptom. Because these frequencies are based on a specific study, the fractions may be different if another group of patients are examined. Sometimes, no information on frequency is available. In these cases, the sign or symptom may be rare or common.","What are the signs and symptoms of STING-associated vasculopathy with onset in infancy? The Human Phenotype Ontology provides the following list of signs and symptoms for STING-associated vasculopathy with onset in infancy. If the information is available, the table below includes how often the symptom is seen when this condition is considered separately or versus not considering any other symptoms in the same study. Number * of studies where the symptom is consideres separateично - Autosomal recessive inheritance - Arterial thrombosis - Cerebral infarction - Congestive heart failure - Decreased serum levels of complement factor H - Elevated serum levels of interleukin-18 - Hemolytic anemia - Hepatomegaly - Hypertension - Increased vascular permeability - Inflammatory bowel disease - Leukocytosis - Microangiopathic hemolytic anemia - Myocardial infarction - Nephrotic syndrome - Renal insufficiency - Splenomegaly - Thrombophilia - Vascular stenosis - Vasculitis - The Human Phenotype Ontology (HPO) has collected information on how often a sign or symptom occurs among people with this condition. Much of this information comes from Orphanet, a",14.467602324999461
How many people are affected by myoclonic epilepsy myopathy sensory ataxia ?,The prevalence of myoclonic epilepsy myopathy sensory ataxia is unknown.,"The prevalence of MEAS is unknown. It has been estimated to affect 1 in 20,000 individuals worldwide.",1.5709368279985938
What are the symptoms of Isobutyryl-CoA dehydrogenase deficiency ?,"What are the signs and symptoms of Isobutyryl-CoA dehydrogenase deficiency? Infants with IBD deficiency usually appear healthy at birth. The signs and symptoms of IBD deficiency may not appear until later in infancy or childhood and can include poor feeding and growth (failure to thrive), a weakened and enlarged heart (dilated cardiomyopathy), seizures, and low numbers of red blood cells (anemia). Another feature of this disorder may be very low blood levels of carnitine (a natural substance that helps convert certain foods into energy). IBD deficiency may be worsened by long periods without food (fasting) or infections that increase the body's demand for energy. Some individuals with gene mutations that can cause IBD deficiency may never experience any signs and symptoms of the disorder. The Human Phenotype Ontology provides the following list of signs and symptoms for Isobutyryl-CoA dehydrogenase deficiency. If the information is available, the table below includes how often the symptom is seen in people with this condition. You can use the MedlinePlus Medical Dictionary to look up the definitions for these medical terms. Signs and Symptoms Approximate number of patients (when available) Anemia - Autosomal recessive inheritance - Decreased plasma carnitine - Dilated cardiomyopathy - Muscular hypotonia - The Human Phenotype Ontology (HPO) has collected information on how often a sign or symptom occurs in a condition. Much of this information comes from Orphanet, a European rare disease database. The frequency of a sign or symptom is usually listed as a rough estimate of the percentage of patients who have that feature. The frequency may also be listed as a fraction. The first number of the fraction is how many people had the symptom, and the second number is the total number of people who were examined in one study. For example, a frequency of 25/25 means that in a study of 25 people all patients were found to have that symptom. Because these frequencies are based on a specific study, the fractions may be different if another group of patients are examined. Sometimes, no information on frequency is available. In these cases, the sign or symptom may be rare or common.","What are the signs and symptoms of Isobutyryl-CoA dehydrogenase deficiency? The Human Phenotype Ontology provides the following list of signs and symptoms for Isobutyryl-CoA dehydrogenase deficiency. If the information is available, the table below includes how often the symptom is seen in people with this condition. You can use the MedlinePlus Medical Dictionary to look up the definitions for these medical terms. Signs and Symptoms Approximate number of patients (when available) Abnormality of metabolism 90% Aplasia/Hypoplasia of the corpus callosum 50% Cerebral calcification 50% Cognitive impairment 50% Epilepsy 50% Hypertonia 50% Muscular hypotonia 50% Nystagmus 50% Optic atrophy 50% Seizures 50% Short stature 50% Strabismus 50% Tremor 50% Visual impairment 50% Autosomal recessive inheritance - Decreased activity of isobutyryl-CoA dehydrogenase enzyme - Elevated serum isobutyryl-CoA level - Hyperammonemia - Intellectual disability",14.365630386999328
What causes Glucose transporter type 1 deficiency syndrome ?,What causes glucose transporter type 1 deficiency syndrome? Glucose transporter type 1 deficiency syndrome (GLUT1 deficiency syndrome) is caused by changes (mutations) in the SLC2A1 gene. This gene encodes a protein that helps transport glucose (a simple sugar) into cells where it is used as fuel. The protein is particularly important in the central nervous system since glucose is the brain's main source of energy. SLC2A1 mutations impair the function of the protein. This significantly reduces the amount of glucose available to brain cells leading to the many signs and symptoms associated with GLUT1 deficiency syndrome.,"What causes glucose transporter type 1 deficiency syndrome? The exact cause of glucose transporter type 1 (GLUT1) deficiency syndrome is unknown. It has been suggested that the condition may be caused by mutations in the GLURG gene, which codes for a protein called glutamate receptor glycine binding protein. This protein plays an important role in regulating the activity of certain types of brain cells and their ability to transport glucose into the cell. Mutations in this gene can lead to reduced levels or abnormal function of the protein, resulting in impaired glucose transport and other neurological problems associated with GLUT1 deficiency syndrome.",6.844655580000108
Is Sotos syndrome inherited ?,"How is Sotos syndrome inherited? Sotos syndrome is inherited in an autosomal dominant manner. This means that having a mutation in only one of the 2 copies of the responsible gene (the NSD1 gene) is enough to cause signs and symptoms of the condition. 95% of people with Sotos syndrome do not inherit the condition from a parent. In these cases, the condition is the result of a new (de novo) mutation that occurred for the first time in the affected person. Only about 5% of people with Sotos syndrome have an affected parent and inherit the condition from that parent. If a parent of an affected person with an identified NSD1 mutation does not have any features of Sotos syndrome, that parent is very unlikely to have a mutation in the gene. This can be confirmed with genetic testing if the mutation has been identified in the child. If a person with Sotos syndrome has children, each child has a 50% (1 in 2) chance to inherit the mutation. However, the specific features and severity can vary from one generation to the next, so it is not possible to predict how a child will be affected.","Sotos syndrome is usually not inherited; it results from new mutations in the PTEN gene that occur for unknown reasons (de novo). In rare cases, an affected person inherits the mutation from a parent.",2.363866958001381
what research (or clinical trials) is being done for Pervasive Developmental Disorders ?,"The NINDS conducts and supports research on developmental disabilities, including PDD. Much of this research focuses on understanding the neurological basis of PDD and on developing techniques to diagnose, treat, prevent, and ultimately cure this and similar disorders.","The National Institute of Neurological Disorders and Stroke (NINDS), a component of the National Institutes of Health, conducts research in its laboratories at NIH, and also supports additional research through grants to major medical institutions across the country. Much of this research focuses on finding better ways to prevent, treat, and ultimately cure disorders such as autism spectrum disorder.",4.0012997390003875
What is (are) What I need to know about Bladder Control for Women ?,"Talking about bladder control problems is not easy for some people. You may feel embarrassed to tell your doctor. But talking about the problem is the first step in finding an answer. Also, you can be sure your doctor has heard it all before. You will not shock or embarrass your doctor or nurse. Medical History You can prepare for your visit to the doctor's office by gathering the information your doctor will need to understand your problem. Make a list of the medicines you are taking. Include prescription medicines and those you buy over the counter, like aspirin or antacid. List the fluids you drink regularly, including sodas, coffee, tea, and alcohol. Tell the doctor how much of each drink you have in an average day. Finding a Doctor You will need to find a doctor who is skilled in helping women with urine leakage. If your primary doctor shrugs off your problem as normal aging, for example, ask for a referral to a specialist-a urogynecologist or a urologist who specializes in treating female urinary problems. You may need to be persistent, or you may need to look to organizations to help locate a doctor in your area. See For More Information for a list of organizations. Make a note of any recent surgeries or illnesses you have had. Let the doctor know how many children you have had. These events may or may not be related to your bladder control problem. Finally, keep track of the times when you have urine leakage. Note what you were doing at the time. Were you coughing, laughing, sneezing, or exercising? Did you have an uncontrollable urge to urinate when you heard running water? You can use What Your Doctor Needs to Know (Item A) and Your Daily Bladder Diary (Item B) to prepare for your appointment. Physical Exam The doctor will give you a physical exam to look for any health issues that may be causing your bladder control problem. Checking your reflexes can show possible nerve damage. You will give a urine sample so the doctor can check for a urinary tract infection. For women, the exam may include a pelvic exam. Tests may also include taking an ultrasound picture of your bladder. Or the doctor may examine the inside of your bladder using a cystoscope, a long, thin tube that slides up into the bladder through the urethra. Bladder Function Tests Any medical test can be uncomfortable. Bladder testing may sound embarrassing, but the health professionals who perform the tests will try to make you feel comfortable and give you as much privacy as possible.","Bladder control problems are common in women. They can be caused by many things, including pregnancy and childbirth, menopause, surgery, nerve damage, or diseases of the bladder, such as diabetes. Some people have a combination of these causes. The most common type of bladder control problem is urge urinary incontinence. This occurs when you feel an urgent need to urinate right away. You may leak urine before reaching the bathroom. Other types include stress urinary incontinence and mixed urinary incontinence. Stress urinary incontinence happens when you laugh, cough, sneeze, lift something heavy, or exercise suddenly. These activities put pressure on your bladder and cause you to leak urine. Mixed urinary incontinence includes both urge urinary incontinence and stress urinary incontinence. If you have any of these conditions, talk with your health care provider. He or she will diagnose the condition based on your medical history and physical exam. Tests may also be needed. Treatment depends on the type of problem you have. It may include lifestyle changes, medicines, pelvic floor exercises, or surgery. NIH: National Institute of Diabetes and Digestive and Kidney Diseases",13.090846400998998
What are the symptoms of Dyssynergia cerebellaris myoclonica ?,"What are the signs and symptoms of Dyssynergia cerebellaris myoclonica? The Human Phenotype Ontology provides the following list of signs and symptoms for Dyssynergia cerebellaris myoclonica. If the information is available, the table below includes how often the symptom is seen in people with this condition. You can use the MedlinePlus Medical Dictionary to look up the definitions for these medical terms. Signs and Symptoms Approximate number of patients (when available) Generalized seizures 7.5% Abnormality of the dentate nucleus - Abnormality of the mitochondrion - Ataxia - Autosomal dominant inheritance - Intention tremor - Myoclonus - Pallidal degeneration - Ragged-red muscle fibers - The Human Phenotype Ontology (HPO) has collected information on how often a sign or symptom occurs in a condition. Much of this information comes from Orphanet, a European rare disease database. The frequency of a sign or symptom is usually listed as a rough estimate of the percentage of patients who have that feature. The frequency may also be listed as a fraction. The first number of the fraction is how many people had the symptom, and the second number is the total number of people who were examined in one study. For example, a frequency of 25/25 means that in a study of 25 people all patients were found to have that symptom. Because these frequencies are based on a specific study, the fractions may be different if another group of patients are examined. Sometimes, no information on frequency is available. In these cases, the sign or symptom may be rare or common.","What are the signs and symptoms of Dyssynergia cerebellaris myoclonica? The Human Phenotype Ontology provides the following list of signs and symptoms for Dyssynergia cerebellaris myoclonica. If the information is available, the table below includes how often the symptom is seen in people with this condition. You can use the MedlinePlus Medical Dictionary to look up the definitions for these medical terms. Signs and Symptoms Approximate number of patients (when available) Abnormality of movement 90% Aplasia/Hypoplasia of the corpus callosum 50% Cerebral atrophy 50% Decreased muscle mass 50% Epilepsy 50% Hypertonia 50% Muscular hypotonia 50% Myoclonus 50% Nystagmus 50% Optic atrophy 50% Seizures 50% Strabismus 50% Visual impairment 50% Autosomal recessive inheritance - Dysarthria - Dysdiadochokinesis - Dysmetria - Dystonia - Hemiplegia/hemiparesis - Hyperreflexia - Intellectual disability -",14.428170334000242
How many people are affected by inherited thyroxine-binding globulin deficiency ?,"The complete form of inherited thyroxine-binding globulin deficiency, TBG-CD, affects about 1 in 15,000 newborns worldwide. The partial form, TBG-PD, affects about 1 in 4,000 newborns. These conditions appear to be more common in the Australian Aborigine population and in the Bedouin population of southern Israel.","The prevalence of inherited thyroxine-binding globulin deficiency is unknown. This condition appears to be rare, although its exact frequency has not been determined.",1.780173728000591
How many people are affected by CAV3-related distal myopathy ?,The prevalence of CAV3-related distal myopathy is unknown. Only a few affected individuals have been described in the medical literature.,"The prevalence of CAV3-related distal myopathy is unknown. This condition appears to be rare, although its exact incidence has not been determined.",1.7317547150014434
What are the symptoms of Bare lymphocyte syndrome 2 ?,"What are the signs and symptoms of Bare lymphocyte syndrome 2? The Human Phenotype Ontology provides the following list of signs and symptoms for Bare lymphocyte syndrome 2. If the information is available, the table below includes how often the symptom is seen in people with this condition. You can use the MedlinePlus Medical Dictionary to look up the definitions for these medical terms. Signs and Symptoms Approximate number of patients (when available) Agammaglobulinemia - Autosomal dominant inheritance - Autosomal recessive inheritance - Biliary tract abnormality - Chronic lymphocytic meningitis - Chronic mucocutaneous candidiasis - Colitis - Cutaneous anergy - Encephalitis - Failure to thrive - Malabsorption - Neutropenia - Panhypogammaglobulinemia - Protracted diarrhea - Recurrent bacterial infections - Recurrent fungal infections - Recurrent lower respiratory tract infections - Recurrent protozoan infections - Recurrent upper respiratory tract infections - Recurrent urinary tract infections - Recurrent viral infections - Villous atrophy - Viral hepatitis - The Human Phenotype Ontology (HPO) has collected information on how often a sign or symptom occurs in a condition. Much of this information comes from Orphanet, a European rare disease database. The frequency of a sign or symptom is usually listed as a rough estimate of the percentage of patients who have that feature. The frequency may also be listed as a fraction. The first number of the fraction is how many people had the symptom, and the second number is the total number of people who were examined in one study. For example, a frequency of 25/25 means that in a study of 25 people all patients were found to have that symptom. Because these frequencies are based on a specific study, the fractions may be different if another group of patients are examined. Sometimes, no information on frequency is available. In these cases, the sign or symptom may be rare or common.","What are the signs and symptoms of Bare lymphocyte syndrome 2? The Human Phenotype Ontology provides the following list of signs and symptoms for Bare lymphocyte syndrome 2. If the information is available, the table below includes how often the symptom is seen in people with this condition. You can use the MedlinePlus Medical Dictionary to look up the definitions for these medical terms. Signs and Symptoms Approximate number of patients (when available) Abnormality of the skin - Autosomal recessive inheritance - Congenital hypoplasia of T cells - Hypogammaglobulinemia - Lymphocytopenia - Myelodysplastic/myeloproliferative disorder - Neutropenia - Recurrent infections - Short stature - Thrombocytopenia - The Human Phenotype Ontology (HPO) has collected information on how often a sign or symptom occurs in hundreds of possible conditions. Much of this information comes from Orphanet, a European rare disease database. The frequency of a sign or symptom in an condition is usually listed as a rough estimate of how frequently the sign or symptom occurs in people with the given condition. For example, a frequency of 25% means that 25% of people with",14.425235603999681
What are the treatments for Short Bowel Syndrome ?,"A health care provider will recommend treatment for short bowel syndrome based on a patient's nutritional needs. Treatment may include - nutritional support - medications - surgery - intestinal transplant Nutritional Support The main treatment for short bowel syndrome is nutritional support, which may include the following: - Oral rehydration. Adults should drink water, sports drinks, sodas without caffeine, and salty broths. Children should drink oral rehydration solutionsspecial drinks that contain salts and minerals to prevent dehydrationsuch as Pedialyte, Naturalyte, Infalyte, and CeraLyte, which are sold in most grocery stores and drugstores. - Parenteral nutrition. This treatment delivers fluids, electrolytes, and liquid vitamins and minerals into the bloodstream through an intravenous (IV) tubea tube placed into a vein. Health care providers give parenteral nutrition to people who cannot or should not get their nutrition or enough fluids through eating. - Enteral nutrition. This treatment delivers liquid food to the stomach or small intestine through a feeding tubea small, soft, plastic tube placed through the nose or mouth into the stomach. Gallstonessmall, pebblelike substances that develop in the gallbladderare a complication of enteral nutrition. More information is provided in the NIDDK health topic, Gallstones. - Vitamin and mineral supplements. A person may need to take vitamin and mineral supplements during or after parenteral or enteral nutrition. - Special diet. A health care provider can recommend a specific diet plan for the patient that may include - small, frequent feedings - avoiding foods that can cause diarrhea, such as foods high in sugar, protein, and fiber - avoiding high-fat foods Medications A health care provider may prescribe medications to treat short bowel syndrome, including - antibiotics to prevent bacterial overgrowth - H2 blockers to treat too much gastric acid secretion - proton pump inhibitors to treat too much gastric acid secretion - choleretic agents to improve bile flow and prevent liver disease - bile-salt binders to decrease diarrhea - anti-secretin agents to reduce gastric acid in the intestine - hypomotility agents to increase the time it takes food to travel through the intestines, leading to increased nutrient absorption - growth hormones to improve intestinal absorption - teduglutide to improve intestinal absorption Surgery The goal of surgery is to increase the small intestine's ability to absorb nutrients. Approximately half of the patients with short bowel syndrome need surgery.2 Surgery used to treat short bowel syndrome includes procedures that - prevent blockage and preserve the length of the small intestine - narrow any dilated segment of the small intestine - slow the time it takes for food to travel through the small intestine - lengthen the small intestine Long-term treatment and recovery, which for some may take years, depend in part on - what sections of the small intestine were removed - how much of the intestine is damaged - how well the muscles of the intestine work - how well the remaining small intestine adapts over time Intestinal Transplant An intestinal transplant is surgery to remove a diseased or an injured small intestine and replace it with a healthy small intestine from a person who has just died, called a donor. Sometimes a living donor can provide a segment of his or her small intestine. Transplant surgeonsdoctors who specialize in performing transplant surgeryperform the surgery on patients for whom other treatments have failed and who have lifethreatening complications from long-term parenteral nutrition. An intestinal-transplant team performs the surgery in a hospital. The patient will need anesthesia. Complications of intestinal transplantation include infections and rejection of the transplanted organ. A successful intestinal transplant can be a life-saving treatment for people with intestinal failure caused by short bowel syndrome. By 2008, transplant surgeons had performed almost 2,000 intestinal transplantations in the United Statesapproximately 75 percent of which were in patients younger than 18 years of age.3 A health care provider will tailor treatment to the severity of the patient's disease: - Treatment for mild short bowel syndrome involves eating small, frequent meals; drinking fluid; taking nutritional supplements; and using medications to treat diarrhea. - Treatment for moderate short bowel syndrome is similar to that for mild short bowel syndrome, with the addition of parenteral nutrition as needed. - Treatment for severe short bowel syndrome involves use of parenteral nutrition and oral rehydration solutions. Patients may receive enteral nutrition or continue normal eating, even though most of the nutrients are not absorbed. Both enteral nutrition and normal eating stimulate the remaining intestine to work better and may allow patients to discontinue parenteral nutrition. Some patients with severe short bowel syndrome require parenteral nutrition indefinitely or surgery.","Treatment of short bowel syndrome depends on the cause and severity. The goal is to provide enough calories, protein, vitamins, minerals, and other nutrients in the diet to prevent malnutrition and growth retardation. In some cases, a parent or caregiver may need help with feeding. A nutritionist can recommend a meal plan that meets nutritional needs. If a child has severe short bowel syndrome, he or she may need total parenteral nutrition (TPN). TPN provides all the calories, proteins, fats, carbohydrates, vitamins, and minerals needed by the body through an IV line inserted into a vein. This treatment allows children who cannot eat enough food to get adequate nutrition.",7.640484126999581
What is the outlook for Adult Acute Lymphoblastic Leukemia ?,"Certain factors affect prognosis (chance of recovery) and treatment options. The prognosis (chance of recovery) and treatment options depend on the following: - The age of the patient. - Whether the cancer has spread to the brain or spinal cord. - Whether there are certain changes in the genes, including the Philadelphia chromosome. - Whether the cancer has been treated before or has recurred (come back).","Certain factors affect prognosis (chance of recovery) and treatment options. The prognosis (chance of recovery) and treatment options depend on the following: - The stage of the cancer. - Whether there are signs or symptoms of leukemia in other parts of the body. - How well the patient's organs work. - The type of leukemia. - The age of the patient. - Whether the leukemia has been treated before with chemotherapy, radiation therapy, or stem cell transplant.",5.395045126999321
what research (or clinical trials) is being done for Breast Cancer ?,"New Technologies Several new technologies offer hope for making future treatment easier for women with breast cancer. - Using a special tool, doctors can today insert a miniature camera through the nipple and into a milk duct in the breast to examine the area for cancer. Using a special tool, doctors can today insert a miniature camera through the nipple and into a milk duct in the breast to examine the area for cancer. - Researchers are testing another technique to help women who have undergone weeks of conventional radiation therapy. Using a small catheter -- a tube with a balloon tip -- doctors can deliver tiny radioactive beads to a place on the breast where cancer tissue has been removed. This can reduce the therapy time to a matter of days. Researchers are testing another technique to help women who have undergone weeks of conventional radiation therapy. Using a small catheter -- a tube with a balloon tip -- doctors can deliver tiny radioactive beads to a place on the breast where cancer tissue has been removed. This can reduce the therapy time to a matter of days. New Drug Combination Therapies New drug therapies and combination therapies continue to evolve. - A mix of drugs may increase the length of time you will live or the length of time you will live without cancer. It may someday prove useful for some women with localized breast cancer after they have had surgery. A mix of drugs may increase the length of time you will live or the length of time you will live without cancer. It may someday prove useful for some women with localized breast cancer after they have had surgery. - New research shows women with early-stage breast cancer who took the drug letrozole, an aromatase inhibitor, after they completed five years of tamoxifen therapy significantly reduced their risk of breast cancer recurrence. New research shows women with early-stage breast cancer who took the drug letrozole, an aromatase inhibitor, after they completed five years of tamoxifen therapy significantly reduced their risk of breast cancer recurrence. Treating HER2-Positive Breast Cancer Herceptin is a drug commonly used to treat women who have a certain type of breast cancer. This drug slows or stops the growth of cancer cells by blocking HER2, a protein found on the surface of some types of breast cancer cells. Approximately 20 to 25 percent of breast cancers produce too much HER2. These ""HER2 positive"" tumors tend to grow faster and are generally more likely to return than tumors that do not overproduce HER2. Results from clinical trials show that those patients with early-stage HER2 positive breast cancer who received Herceptin in combination with chemotherapy had a 52 percent decrease in risk in the cancer returning compared with patients who received chemotherapy treatment alone. Cancer treatments like chemotherapy can be systemic, meaning they affect whole tissues, organs, or the entire body. Herceptin, however, was the first drug used to target only a specific molecule involved in breast cancer. Another drug, Tykerb, was approved by the U.S. Food and Drug Administration for use for treatment of HER2-positive breast cancer. Because of the availability of these two drugs, an international trial called ALTTO was designed to determine if one drug is more effective, safer, and if taking the drugs separately, in tandem order, or together is better. Unfortunately, the results, released in 2014, showed that taking two HER2-targeted agents together was no better than taking one alone in improving survival. The TAILORx Trial In an attempt to further specialize breast cancer treatment, The Trial Assigning Individualized Options for Treatment, or TAILORx, enrolled 10,000 women to examine whether appropriate treatment can be assigned based on genes that are frequently associated with risk of recurrence of breast cancer. The goal of TAILORx is important because the majority of women with early-stage breast cancer are advised to receive chemotherapy in addition to radiation and hormonal therapy, yet research has not demonstrated that chemotherapy benefits all of them equally. TAILORx seeks to examine many of a woman's genes simultaneously and use this information in choosing a treatment course, thus sparing women unnecessary treatment if chemotherapy is not likely to be of substantial benefit to them.","The National Cancer Institute's (NCI)'s mission is to lead the fight against cancer. NCI conducts and supports a wide range of research on breast cancer, including studies that focus on: - New ways to prevent, detect, diagnose, treat, and study breast cancer - New approaches to treating advanced or recurrent breast cancer - The role of genetics in breast cancer prevention and treatment - How lifestyle factors such as diet, exercise, and stress affect breast cancer risk and prognosis - New methods to improve quality of life for people with breast cancer and their families - Research into how breast cancer develops and spreads, and what can be done about it - Studies to find out whether certain drugs are effective in preventing breast cancer in women who have had breast cancer before NCI funds many types of research to help men and women live longer, healthier lives. For example, researchers are studying new treatments for breast cancer and other cancers; developing better tests to predict which patients will respond best to particular therapies; and finding ways to prevent cancer from returning after treatment.",11.723002751999957
Is methylmalonic acidemia with homocystinuria inherited ?,"Methylmalonic acidemia with homocystinuria is usually inherited in an autosomal recessive pattern, which means both copies of the gene in each cell have mutations. The parents of an individual with an autosomal recessive condition each carry one copy of the mutated gene, but they typically do not show signs and symptoms of the condition. When caused by mutations in the HCFC1 gene, the condition is inherited in an X-linked recessive pattern. The HCFC1 gene is located on the X chromosome, which is one of the two sex chromosomes. In males (who have only one X chromosome), one altered copy of the gene in each cell is sufficient to cause the condition. In females (who have two X chromosomes), a mutation would have to occur in both copies of the gene to cause the disorder. Because it is unlikely that females will have two altered copies of this gene, males are affected by X-linked recessive disorders much more frequently than females. A characteristic of X-linked inheritance is that fathers cannot pass X-linked traits to their sons.","This condition is inherited in an autosomal recessive pattern, which means both copies of the gene in each cell have mutations. The parents of an individual with an autosomal recessive condition each carry one copy of the mutated gene, but they typically do not show signs and symptoms of the condition.",3.347834567000973
What are the treatments for McLeod neuroacanthocytosis syndrome ?,These resources address the diagnosis or management of McLeod neuroacanthocytosis syndrome: - Gene Review: Gene Review: McLeod Neuroacanthocytosis Syndrome - Genetic Testing Registry: McLeod neuroacanthocytosis syndrome These resources from MedlinePlus offer information about the diagnosis and management of various health conditions: - Diagnostic Tests - Drug Therapy - Surgery and Rehabilitation - Genetic Counseling - Palliative Care,These resources address the diagnosis or management of McLeod neuroacanthocytosis syndrome: - Gene Review: Gene Review: McLeod Neuroacanthocytosis Syndrome - Genetic Testing Registry: McLeod neuroacanthocytosis These resources from MedlinePlus offer information about the care and management of various health conditions: - Health Management Tips - Drug Therapy - Surgery and Rehabilitation - Patient Care These resources from MedlinePlus offer additional information about the diagnosis and management of various health conditions: - Diagnostic Tests - Drug Therapy - Surgery and Rehabilitation - Patient Care,6.230222616000901
What are the treatments for Tay-Sachs disease ?,"How might children with Tay-Sachs disease be treated? Although several attempts have been made at purified enzyme replacement therapy for children with Tay-Sachs disease, none has been successful. Cellular infusions and even bone marrow transplantation have been attempted with no evidence of benefit. Because no specific treatment is available for Tay-Sachs disease, treatment is directed at the symptoms and major associated conditions. Treatment is supportive and aimed at providing adequate nutrition and hydration. The airway must be protected. Seizures can be controlled initially with conventional anticonvulsant medications such as benzodiazepines, phenytoins, and/or barbiturates, but the progressive nature of the disease may require alteration of dosage or medication. Infectious diseases should be managed. In advanced disease, good bowel movement should be maintained and severe constipation should be avoided. Good hydration, food additives, stool softeners, laxatives, and other measures should be employed to avoid severe constipation.","These resources address the diagnosis or management of Tay-Sachs disease: - Genetic Testing Registry: Tay-Sachs disease, type A These resources from MedlinePlus offer information about the care and management of various health conditions: - Health Management Tips - Drug Therapy - Surgery and Rehabilitation - Patient Care These resources from MedlinePlus offer additional information about the diagnosis and management of various health conditions: - Diagnostic Tests - Drug Therapy - Surgery and Rehabilitation - Patient Care",5.021226618999208
What are the treatments for DMD-associated dilated cardiomyopathy ?,"These resources address the diagnosis or management of DMD-associated dilated cardiomyopathy: - Gene Review: Gene Review: Dilated Cardiomyopathy Overview - Gene Review: Gene Review: Dystrophinopathies - Genetic Testing Registry: Dilated cardiomyopathy 3B - Genetic Testing Registry: Duchenne muscular dystrophy - National Heart, Lung, and Blood Institute: How Is Cardiomyopathy Diagnosed? - National Heart, Lung, and Blood Institute: How Is Cardiomyopathy Treated? These resources from MedlinePlus offer information about the diagnosis and management of various health conditions: - Diagnostic Tests - Drug Therapy - Surgery and Rehabilitation - Genetic Counseling - Palliative Care",These resources address the diagnosis or management of DMD-associated dilated cardiomyopathy: - American Heart Association: Dilated Cardiomyopathy - Gene Review: Dystrophin-Related Disorders These resources from MedlinePlus offer information about the care and management of various health conditions: - Health Management Tips - Drug Therapy - Surgery and Rehabilitation - Genetic Counseling - Palliative Care,4.276126586999453
what research (or clinical trials) is being done for Swallowing Disorders ?,The National Institute of Neurological Disorders and Stroke (NINDS) and other institutes at the National Institutes of Health conduct research related to dysphagia in their clinics and laboratories and support additional research through grants to major medical institutions across the country. Much of this research focuses on finding better ways to treat dysphagia.,"The National Institute of Neurological Disorders and Stroke (NINDS), a part of the National Institutes of Health, conducts research in laboratories at the NIH, and supports additional research through grants to major medical institutions across the country. Much of this research focuses on finding better ways to prevent, treat, and ultimately cure disorders such as dysphagia.",3.9425637669992284
What is (are) Ankylosing spondylitis ?,"Ankylosing spondylitis (AS) is a type of chronic, inflammatory arthritis that mainly affects the spine. It usually begins with inflammation of the joints between the pelvic bones and spine, gradually spreading to the joints between the vertebrae. Signs and symptoms usually begin in adolescence or early adulthood and may include back pain and stiffness. Back movement gradually becomes more limited as the vertebrae fuse together. The condition may also affect the shoulders; ribs; hips; knees; and feet; as well as the eyes; bowel; and very rarely, the heart and lungs. AS is likely caused by a combination of genetic and environmental factors; variations in several genes are thought to affect the risk to develop AS. In most cases, treatment involves exercise and medications to relieve pain and inflammation.","Ankylosing spondylitis (AS) is a chronic inflammatory disease that primarily affects the spine and other large joints. It usually begins in young adulthood, although it can occur at any age. The cause of AS is unknown but may be due to an interaction between genetic factors and environmental triggers such as smoking or infections. Symptoms include pain and stiffness in the lower back and hips; morning stiffness lasting more than 30 minutes; heel pain; foot pain; eye inflammation; and arthritis of the knees, ankles, shoulders, neck, and sacroiliac joints. Treatment includes medications, physical therapy, and surgery.",7.094585435001136
Who is at risk for Parasites - Lymphatic Filariasis? ?,"There are three different filarial species that can cause lymphatic filariasis in humans. Most of the infections worldwide are caused by Wuchereria bancrofti. In Asia, the disease can also be caused by Brugia malayi and Brugia timori. The infection spreads from person to person by mosquito bites. The adult worm lives in the human lymph vessels, mates, and produces millions of microscopic worms, also known as microfilariae. Microfilariae circulate in the person's blood and infect the mosquito when it bites a person who is infected. Microfilariae grow and develop in the mosquito. When the mosquito bites another person, the larval worms pass from the mosquito into the human skin, and travel to the lymph vessels. They grow into adult worms, a process that takes 6 months or more. An adult worm lives for about 5–7 years. The adult worms mate and release millions of microfilariae into the blood. People with microfilariae in their blood can serve as a source of infection to others. A wide range of mosquitoes can transmit the parasite, depending on the geographic area. In Africa, the most common vector is Anopheles and in the Americas, it is Culex quinquefasciatus. Aedes and Mansonia can transmit the infection in the Pacific and in Asia. Many mosquito bites over several months to years are needed to get lymphatic filariasis. People living for a long time in tropical or sub-tropical areas where the disease is common are at the greatest risk for infection. Short-term tourists have a very low risk. Programs to eliminate lymphatic filariasis are under way in more than 50 countries. These programs are reducing transmission of the filarial parasites and decreasing the risk of infection for people living in or visiting these communities. Geographic distribution Lymphatic filariasis affects over 120 million people in 73 countries throughout the tropics and sub-tropics of Asia, Africa, the Western Pacific, and parts of the Caribbean and South America. In the Americas, only four countries are currently known to be endemic: Haiti, the Dominican Republic, Guyana and Brazil. In the United States, Charleston, South Carolina, was the last known place with lymphatic filariasis. The infection disappeared early in the 20th century. Currently, you cannot get infected in the U.S.","Lymphatic filariasis can affect anyone who lives in or travels to an area where the disease is found. However, some people are more likely than others to become infected with lymphatic filarial parasites and develop lymphedema. These factors include: Being a man Living in areas of high population density Having had surgery on the leg (such as circumcision) Being born into families that have lived in endemic areas for many generations Being exposed to mosquitoes that carry lymphatic filarial parasites Being younger than 40 Years of age Being overweight or obese Being malnourished Being HIV-positive Being diabetic Being pregnant",6.725906715999372
What is (are) Carcinoid syndrome ?,"Carcinoid syndrome refers to a group of symptoms that are associated with carcinoid tumors (rare, slow-growing tumors that occur most frequently in the gastroinestinal tract or lungs). Affected people may experience skin flushing, abdominal pain, diarrhea, difficulty breathing, rapid heart rate, low blood pressure, skin lesions on the face (telangiectasias), and wheezing. In later stages, carcinoid syndrome may damage the heart valves, resulting in symptoms of congestive heart failure. The condition occurs when the carcinoid tumor secretes serotonin or other chemicals into the bloodstream. Only 10% of people with carcinoid tumors develop carcinoid syndrome; most have advanced stage carcinoid tumors that have spread to the liver. Treatment generally involves addressing the underlying carcinoid tumor and medications to alleviate symptoms.","Carcinoid syndrome is a group of symptoms that occur when tumors in the body produce large amounts of serotonin. Serotonin is a hormone and neurotransmitter, which means it regulates many bodily functions including digestion, heart rate, blood pressure, and sexual function. The most common cause of carcinoid syndrome is a tumor called a neuroendocrine tumor or NET. These tumors can form anywhere in the body but are most often found in the gastrointestinal tract, lungs, skin, and pancreas. Symptoms may include diarrhea, flushing, wheezing, abdominal pain, coughing, shortness of breath, weight loss, and vomiting. Treatment depends on the type of cancer causing the condition and whether there are any other health problems present.",8.15848721599832
What is (are) Donohue syndrome ?,"Donohue syndrome is a rare disorder characterized by severe insulin resistance, a condition in which the body's tissues and organs do not respond properly to the hormone insulin. Insulin normally helps regulate blood sugar levels by controlling how much sugar (in the form of glucose) is passed from the bloodstream into cells to be used as energy. Severe insulin resistance leads to problems with regulating blood sugar levels and affects the development and function of organs and tissues throughout the body. Severe insulin resistance underlies the varied signs and symptoms of Donohue syndrome. Individuals with Donohue syndrome are unusually small starting before birth, and affected infants experience failure to thrive, which means they do not grow and gain weight at the expected rate. Additional features that become apparent soon after birth include a lack of fatty tissue under the skin (subcutaneous fat); wasting (atrophy) of muscles; excessive body hair growth (hirsutism); multiple cysts on the ovaries in females; and enlargement of the nipples, genitalia, kidneys, heart, and other organs. Most affected individuals also have a skin condition called acanthosis nigricans, in which the skin in body folds and creases becomes thick, dark, and velvety. Distinctive facial features in people with Donohue syndrome include bulging eyes, thick lips, upturned nostrils, and low-set ears. Affected individuals develop recurrent, life-threatening infections beginning in infancy. Donohue syndrome is one of a group of related conditions described as inherited severe insulin resistance syndromes. These disorders, which also include Rabson-Mendenhall syndrome and type A insulin resistance syndrome, are considered part of a spectrum. Donohue syndrome represents the most severe end of the spectrum; most children with this condition do not survive beyond age 2.","Donohue syndrome is a disorder that affects many parts of the body. The most common signs and symptoms include intellectual disability, delayed development of motor skills such as sitting and walking, seizures, and an unusually small head size (microcephaly). People with this condition also have distinctive facial features including a prominent forehead; a broad nasal bridge; a high, narrow roof of the mouth (palate); and widely spaced eyes. Affected individuals often have heart defects, particularly abnormal connections between the upper chambers of the heart (the atria) and lower chambers of the heart (the ventricles), which can lead to heart failure. Other heart abnormalities may include holes in the walls separating the two sides of the heart (ventricular septal defect) or thickening of the heart muscle (cardiomyopathy). Some people with Donohue syndrome have kidney problems, including cysts on the kidneys or kidney stones. They may also have hearing loss caused by damage to the inner ear (sensorineural deafness). Less commonly, affected individuals have eye abnormalities, skeletal abnormalities, or developmental delay.",12.41207877099987
What are the treatments for SUNCT Headache ?,"These headaches are generally non-responsive to usual treatment for other short-lasting headaches. Corticosteroids and the anti-epileptic drugs gabapentin, lamotrigine, and carbamazepine may help relieve some symptoms in some patients. Studies have shown that injections of glycerol to block nerve signaling along the trigeminal nerve may provide temporary relief in some severe cases, but the headaches recurred in about 40 percent of individuals studied.","Treatment of a migraine headache is symptomatic and supportive. For example, over-the-counter (OTC) analgesics such as acetaminophen or ibuprofen can be used to relieve pain. Other medications that may help include ergotamine, sumatriptan, dihydroergotamine, and naproxen sodium. Some people find relief from caffeine-containing beverages like coffee, tea, and soft drinks. In addition, some patients have found benefit with the use of nonsteroidal anti-inflammatory drugs (NSAIDs), which include aspirin, indomethacin, and celecoxib. Patients who experience frequent headaches should consult their health care provider about possible underlying causes and treatment options.",7.999574127001324
What are the treatments for proopiomelanocortin deficiency ?,These resources address the diagnosis or management of proopiomelanocortin deficiency: - Eunice Kennedy Shriver National Institute of Child Health and Human Development: How are Obesity and Overweight Diagnosed? - Gene Review: Gene Review: Proopiomelanocortin Deficiency - Genetic Testing Registry: Proopiomelanocortin deficiency - MedlinePlus Encyclopedia: ACTH - National Heart Lung and Blood Institute: How Are Overweight and Obesity Treated? - National Institutes of Health Clinical Center: Managing Adrenal Insufficiency These resources from MedlinePlus offer information about the diagnosis and management of various health conditions: - Diagnostic Tests - Drug Therapy - Surgery and Rehabilitation - Genetic Counseling - Palliative Care,These resources address the diagnosis or management of proopiomelanocortin deficiency: - Gene Review: Gene Review: Proopiomelanocortin Deficiency - Genetic Testing Registry: Proopiomelanocortin deficiency These resources from MedlinePlus offer information about the care and management of various health conditions: - Health Management Tips - Drug Therapy - Surgery and Rehabilitation - Patient Care These resources from MedlinePlus offer additional information about the diagnosis and management of various health conditions: - Diagnostic Tests - Drug Therapy - Surgery and Rehabilitation - Patient Care,6.263392105000094
How to prevent Coronary Heart Disease ?,"You can prevent and control coronary heart disease (CHD)by taking action to control your risk factors with heart-healthy lifestyle changes and medicines. Examples of risk factors you can control include high blood cholesterol, high blood pressure, and overweight and obesity. Only a few risk factorssuch as age, gender, and family historycant be controlled. Your risk for CHD increases with the number of risk factors you have. To reduce your risk of CHD and heart attack, try to control each risk factor you have by adopting the following heart-healthy lifestyles: Heart-healthy eating Maintaining a healthy weight Managing stress Physical activity Quitting smoking Know your family history of health problems related to CHD. If you or someone in your family has CHD, be sure to tell your doctor. If lifestyle changes aren't enough, you also may need medicines to control your CHD risk factors.",Coronary heart disease (CHD) is a major cause of death in the United States. The risk factors for CHD include - age - gender - family history of early heart disease - high blood pressure and cholesterol levels - diabetes - smoking - physical inactivity - obesity - stress - emotional problems - depression - poor diet - alcohol use - excessive caffeine consumption - lack of education about health risks,4.586100639000506
What is (are) alpha thalassemia ?,"Alpha thalassemia is a blood disorder that reduces the production of hemoglobin. Hemoglobin is the protein in red blood cells that carries oxygen to cells throughout the body. In people with the characteristic features of alpha thalassemia, a reduction in the amount of hemoglobin prevents enough oxygen from reaching the body's tissues. Affected individuals also have a shortage of red blood cells (anemia), which can cause pale skin, weakness, fatigue, and more serious complications. Two types of alpha thalassemia can cause health problems. The more severe type is known as hemoglobin Bart hydrops fetalis syndrome or Hb Bart syndrome. The milder form is called HbH disease. Hb Bart syndrome is characterized by hydrops fetalis, a condition in which excess fluid builds up in the body before birth. Additional signs and symptoms can include severe anemia, an enlarged liver and spleen (hepatosplenomegaly), heart defects, and abnormalities of the urinary system or genitalia. As a result of these serious health problems, most babies with this condition are stillborn or die soon after birth. Hb Bart syndrome can also cause serious complications for women during pregnancy, including dangerously high blood pressure with swelling (preeclampsia), premature delivery, and abnormal bleeding. HbH disease causes mild to moderate anemia, hepatosplenomegaly, and yellowing of the eyes and skin (jaundice). Some affected individuals also have bone changes such as overgrowth of the upper jaw and an unusually prominent forehead. The features of HbH disease usually appear in early childhood, and affected individuals typically live into adulthood.","Alpha thalassemia is a condition that affects the production of hemoglobin, which is an iron-rich protein found in red blood cells. Hemoglobin carries oxygen from the lungs to tissues throughout the body and helps prevent tissue damage caused by low levels of oxygen. Alpha thalassemia occurs when one or more genes involved in producing certain types of hemoglobin are missing or altered. The most common form of this disorder is called alpha-thalassemia minor because it usually does not cause any signs or symptoms. In some cases, however, alpha thalassemia can lead to severe anemia, which causes fatigue, weakness, pale skin, and shortness of breath. Severe forms of alpha thalassemia may also affect other organs and systems in the body.",9.110609306000697
"What are the symptoms of Pancreatic cancer, childhood ?","What are the signs and symptoms of Pancreatic cancer, childhood? The Human Phenotype Ontology provides the following list of signs and symptoms for Pancreatic cancer, childhood. If the information is available, the table below includes how often the symptom is seen in people with this condition. You can use the MedlinePlus Medical Dictionary to look up the definitions for these medical terms. Signs and Symptoms Approximate number of patients (when available) Neoplasm of the pancreas - The Human Phenotype Ontology (HPO) has collected information on how often a sign or symptom occurs in a condition. Much of this information comes from Orphanet, a European rare disease database. The frequency of a sign or symptom is usually listed as a rough estimate of the percentage of patients who have that feature. The frequency may also be listed as a fraction. The first number of the fraction is how many people had the symptom, and the second number is the total number of people who were examined in one study. For example, a frequency of 25/25 means that in a study of 25 people all patients were found to have that symptom. Because these frequencies are based on a specific study, the fractions may be different if another group of patients are examined. Sometimes, no information on frequency is available. In these cases, the sign or symptom may be rare or common.","What are the signs and symptoms of pancreatic cancer in children? The Human Phenotype Ontology provides the following list of signs and symptoms for Pancreatic cancer, childhood. If the information is available, the table below includes how often the symptom is seen in people with this condition. You can use the MedlinePlus Medical Dictionary to look up the definitions for these medical terms. Signs and Symptoms Approximate number of patients (when available) Abdominal pain 90% Ascites 90% Constipation 90% Hepatomegaly 90% Jaundice 90% Malabsorption 90% Nausea and vomiting 90% Pancreatitis 90% Weight loss 90% Abnormality of the pancreas - Autosomal recessive inheritance - Cachexia - Cholangiocarcinoma - Diabetes mellitus - Elevated serum amylase - Elevated serum lipase - Elevated serum pancreatic enzyme level - Elevated serum pancreatic trypsinogen level - Elevated serum triglyceride level - Fever - High serum bilirubin - Hypertriglyceridemia - Hypoglycemic coma - Inflammatory bowel disease - Leukocytosis - Malignant neoplasm of",14.37738102900039
What are the treatments for Urinary Tract Infection In Adults ?,"Most UTIs are caused by bacteria, which are treated with bacteria-fighting medications called antibiotics or antimicrobials. The choice of medication and length of treatment depend on the patients history and the type of bacteria causing the infection. Some antibiotics may be ruled out if a person has allergies to them. The sensitivity test takes 48 hours to complete and is especially useful in helping the health care provider select the antibiotic most likely to be effective in treating an infection. Longer treatment may be needed if the first antibiotic given is not effective. When a UTI occurs in a healthy person with a normal, unobstructed urinary tract, the term uncomplicated is used to describe the infection. Most young women who have UTIs have uncomplicated UTIs, which can be cured with 2 or 3 days of treatment. Single-dose treatment is less effective. Longer treatment causes more side effects and is not more effective. A follow-up urinalysis helps to confirm the urinary tract is infection-free. Taking the full course of treatment is important because symptoms may disappear before the infection is fully cleared. Complicated UTIs occur when a personfor example, a pregnant woman or a transplant patientis weakened by another condition. A UTI is also complicated when the person has a structural or functional abnormality of the urinary tract, such as an obstructive kidney stone or prostate enlargement that squeezes the urethra. Health care providers should assume that men and boys have a complicated UTI until proven otherwise. Severely ill patients with kidney infections may be hospitalized until they can take fluids and needed medications on their own. Kidney infections may require several weeks of antibiotic treatment. Kidney infections in adults rarely lead to kidney damage or kidney failure unless they go untreated or are associated with urinary tract obstruction. Bladder infections are generally self-limiting, but antibiotic treatment significantly shortens the duration of symptoms. People usually feel better within a day or two of treatment. Symptoms of kidney and prostate infections last longer. Drinking lots of fluids and urinating frequently will speed healing. If needed, various medications are available to relieve the pain of a UTI. A heating pad on the back or abdomen may also help. Recurrent Infections in Women Health care providers may advise women who have recurrent UTIs to try one of the following treatment options: - Take low doses of the prescribed antibiotic daily for 6 months or longer. If taken at bedtime, the medication remains in the bladder longer and may be more effective. NIH-supported research has shown this therapy to be effective without causing serious side effects. - Take a single dose of an antibiotic after sexual intercourse. - Take a short course2 or 3 daysof an antibiotic when symptoms appear. To try to prevent an infection, health care providers may suggest women - drink plenty of water every day - urinate when the need arises and avoid resisting the urge to urinate - urinate after sexual intercourse - switch to a different method of birth control if recurring UTIs are a problem Infections during Pregnancy During pregnancy, bacterial infection of the urineeven in the absence of symptomscan pose risks to both the mother and the baby. Some antibiotics are not safe to take during pregnancy. In selecting the best treatments, health care providers consider various factors such as the medications effectiveness, the stage of pregnancy, the mothers health, and potential effects on the fetus. Complicated Infections Curing infections that stem from a urinary obstruction or other systemic disorder depends on finding and correcting the underlying problem, sometimes with surgery. If the root cause goes untreated, this group of patients is at risk for kidney damage. Also, such infections tend to arise from a wider range of bacteria and sometimes from more than one type of bacteria at a time. Infections in Men Urinary tract infections in men are often the result of an obstructionfor example, a urinary stone or enlarged prostateor are from a catheter used during a medical procedure. The first step in treating such an infection is to identify the infecting organism and the medications to which it is sensitive. Prostate infectionschronic bacterial prostatitisare harder to cure because antibiotics may be unable to penetrate infected prostate tissue effectively. For this reason, men with bacterial prostatitis often need long-term treatment with a carefully selected antibiotic. UTIs in men are frequently associated with acute bacterial prostatitis, which can be life threatening if not treated urgently.","Urinary tract infections (UTIs) can be treated with antibiotics. The type of antibiotic used depends on whether you have a UTI in your bladder, kidneys, or both. For most people, taking an antibiotic by mouth is all that's needed to treat a UTI. However, some people may need to take antibiotics through a catheter or other device placed into their body. If you have a UTI and it doesn't get better after 48 hours of treatment, call your doctor right away. You might need another course of antibiotics. If you don't get better within 10 days of starting treatment, see your doctor as soon as possible.",7.569689857000412
What are the symptoms of Kawasaki Disease ?,"Major Signs and Symptoms One of the main symptoms during the early part of Kawasaki disease, called the acute phase, is fever. The fever lasts longer than 5 days. It remains high even after treatment with standard childhood fever medicines. Other classic signs of the disease are: Swollen lymph nodes in the neck A rash on the mid-section of the body and in the genital area Red, dry, cracked lips and a red, swollen tongue Red, swollen palms of the hands and soles of the feet Redness of the eyes Other Signs and Symptoms During the acute phase, your child also may be irritable and have a sore throat, joint pain, diarrhea, vomiting, and stomach pain. Within 2 to 3 weeks of the start of symptoms, the skin on your child's fingers and toes may peel, sometimes in large sheets.","Kawasaki disease is a serious illness that can cause damage to blood vessels throughout the body. The most common signs and symptoms include: Fever for at least five days Rash Red eyes Swollen lymph nodes in the neck Redness, swelling, or pain in the hands and feet Joint pain and stiffness Abnormal changes in the heart such as inflammation of the coronary arteries (the blood vessels that supply oxygen-rich blood to the heart muscle) A rash on the palms of the hands and soles of the feet, which may be mistaken for hives or other skin conditions. This rash usually appears after the fever has been present for 5-6 days.",7.39263359799952
How to diagnose Vulvar Cancer ?,"Tests that examine the vulva are used to detect (find) and diagnose vulvar cancer. The following tests and procedures may be used: - Physical exam and history : An exam of the body to check general signs of health, including checking the vulva for signs of disease, such as lumps or anything else that seems unusual. A history of the patients health habits and past illnesses and treatments will also be taken. - Biopsy : The removal of samples of cells or tissues from the vulva so they can be viewed under a microscope by a pathologist to check for signs of cancer.","Tests that examine the vagina and cervix are used to find out whether cancer or precancerous tissue is present in the vulva. The following tests and procedures may be used: - Physical exam and history : An exam of the body to check general signs of health, including checking for signs of disease, such as lumps or anything else that seems unusual. A history of the patients health habits and past illnesses and treatments will also be taken. - Vaginal examination : A procedure in which the doctor or nurse looks inside the vagina with a speculum and examines the vagina and cervix for abnormal areas. - Pap test : A procedure to collect cells from the surface of the cervix and vagina by using a special stick called a spatula and a brush. The collected cells are checked under a microscope for changes that might lead to cervical cancer. - Biopsy : The removal of cells or tissues so they can be viewed under a microscope by a pathologist to look for signs of cancer. There are two types of biopsy: - Visual inspection : Using an instrument to look at the area being examined. - Endocervical curettage : Removal of tissue from the endocervix (the part of the cervix closest to the vagina) using a spoon-shaped instrument",14.391655829000229
What are the genetic changes related to diastrophic dysplasia ?,"Diastrophic dysplasia is one of several skeletal disorders caused by mutations in the SLC26A2 gene. This gene provides instructions for making a protein that is essential for the normal development of cartilage and for its conversion to bone. Cartilage is a tough, flexible tissue that makes up much of the skeleton during early development. Most cartilage is later converted to bone, except for the cartilage that continues to cover and protect the ends of bones and is present in the nose and external ears. Mutations in the SLC26A2 gene alter the structure of developing cartilage, preventing bones from forming properly and resulting in the skeletal problems characteristic of diastrophic dysplasia.","Diastrophic dysplasia is caused by mutations in the GDF13 gene. This gene provides instructions for making a protein that plays an important role in bone development and growth. The GDF13 protein attaches (binds) to other proteins, including those involved in signaling pathways that control cell division, differentiation, and movement of cells during embryonic development. These signaling pathways play critical roles in the formation of bones and cartilage before birth. Mutations in the GDF13 gene reduce or eliminate the activity of the GDF13 protein. A shortage of this protein disrupts normal bone development and causes the skeletal abnormalities characteristic of diastrophic dysplasia.",7.6916435370003455
What are the symptoms of Fetal akinesia syndrome X-linked ?,"What are the signs and symptoms of Fetal akinesia syndrome X-linked? The Human Phenotype Ontology provides the following list of signs and symptoms for Fetal akinesia syndrome X-linked. If the information is available, the table below includes how often the symptom is seen in people with this condition. You can use the MedlinePlus Medical Dictionary to look up the definitions for these medical terms. Signs and Symptoms Approximate number of patients (when available) Agenesis of corpus callosum - Arrhinencephaly - Blepharophimosis - Fetal akinesia sequence - Hypokinesia - Polyhydramnios - Stillbirth - Telecanthus - X-linked inheritance - The Human Phenotype Ontology (HPO) has collected information on how often a sign or symptom occurs in a condition. Much of this information comes from Orphanet, a European rare disease database. The frequency of a sign or symptom is usually listed as a rough estimate of the percentage of patients who have that feature. The frequency may also be listed as a fraction. The first number of the fraction is how many people had the symptom, and the second number is the total number of people who were examined in one study. For example, a frequency of 25/25 means that in a study of 25 people all patients were found to have that symptom. Because these frequencies are based on a specific study, the fractions may be different if another group of patients are examined. Sometimes, no information on frequency is available. In these cases, the sign or symptom may be rare or common.","What are the signs and symptoms of Fetal akinesia syndrome X-linked? The Human Phenotype Ontology provides the following list of signs and symptoms for Fetal akinesia syndrome X-linked. If the information is available, the table below includes how often the symptom is seen in people with this condition. You can use the MedlinePlus Medical Dictionary to look up the definitions for these medical terms. Signs and Symptoms Approximate number of patients (when available) Abnormality of movement 90% Aplasia/Hypoplasia of the corpus callosum 90% Cleft palate 90% Cognitive impairment 90% Congenital diaphragmatic hernia 90% Hypertonia 90% Muscular hypotonia 90% Neurological speech impairment 90% Short neck 90% Short stature 90% Skeletal muscle atrophy 90% Ventricular septal defect 90% Abnormality of the femur 50% Abnormality of the hip bone 50% Abnormality of the metacarpals 50% Abnormality of the ribs 50% Abnormality of the wrist 50% Atr",14.198771804998614
How many people are affected by Prostate Cancer ?,"Prostate cancer is one of the most common types of cancer among American men. It is a slow-growing disease that mostly affects older men. In fact, more than 60 percent of all prostate cancers are found in men over the age of 65. The disease rarely occurs in men younger than 40 years of age.","Prostate cancer is the most common type of cancer in men. In 2014, about 238,690 new cases of prostate cancer were diagnosed in the United States and more than 27,500 deaths from this disease occurred. The number of new cases has been increasing over time, but the rate of death from prostate cancer has decreased. This trend suggests that earlier detection may be responsible for some of the decrease in mortality.",5.404494995998903
What is (are) Tyrosinemia type 1 ?,"Tyrosinemia type 1 is a genetic disorder characterized by elevated blood levels of the amino acid tyrosine, a building block of most proteins. This condition is caused by a shortage of the enzyme fumarylacetoacetate hydrolase, one of the enzymes required for the multi-step process that breaks down tyrosine. This enzyme shortage is caused by mutations in the FAH gene. Symptoms usually appear in the first few months of life and include failure to thrive, diarrhea, vomiting, jaundice, cabbage-like odor, and increased tendency to bleed (particularly nosebleeds). Tyrosinemia type I can lead to liver and kidney failure, problems affecting the nervous system, and an increased risk of liver cancer. This condition is inherited in an autosomal recessive manner.","Tyrosinemia type 1 is a disorder that affects the body's metabolism of tyrosine, an amino acid found in many foods. The condition can be divided into two types: classic and non-classic. Classic tyrosinemia type 1 is characterized by severe neurological problems beginning in infancy or early childhood. Non-classic tyrosinemia type 1 usually does not cause any signs or symptoms until adulthood. In both forms of this condition, excess levels of a chemical called homogentisic acid build up in the blood and urine. This buildup causes damage to various organs and tissues throughout the body.",7.13723458899949
What are the treatments for giant congenital melanocytic nevus ?,These resources address the diagnosis or management of giant congenital melanocytic nevus: - Cleveland Clinic: The Facts About Melanoma - Genetic Testing Registry: Giant pigmented hairy nevus - MedlinePlus Encyclopedia: Giant Congenital Nevus - Nevus Outreach: Treatment Options - Primary Care Dermatology Society These resources from MedlinePlus offer information about the diagnosis and management of various health conditions: - Diagnostic Tests - Drug Therapy - Surgery and Rehabilitation - Genetic Counseling - Palliative Care,These resources address the diagnosis or management of giant congenital melanocytic nevus: - American Cancer Society These resources from MedlinePlus offer information about the care and management of various health conditions: - Health Management Tips - Drug Therapy - Surgery These resources from MedlinePlus offer information about the diagnosis or management of these conditions: - Diagnostic Tests - Drug Therapy - Surgery - Genetic Counseling,4.437291849999383
What is (are) Spondylospinal thoracic dysostosis ?,"Spondylospinal thoracic dysostosis is an extremely rare skeletal disorder characterized by a short, curved spine and fusion of the spinous processes, short thorax with 'crab-like' configuration of the ribs, underdevelopment of the lungs (pulmonary hypoplasia), severe arthrogryposis and multiple pterygia (webbing of the skin across joints), and underdevelopment of the bones of the mouth. This condition is believed to be inherited in an autosomal recessive manner. It does not appear to be compatible with life.","Spondylospinal thoracic dysostosis is a condition characterized by the abnormal development of bones in the spine and ribs. The signs and symptoms vary among affected individuals, but may include short stature; scoliosis; kyphosis; short neck; short trunk; short fingers and toes; webbed or fused joints; and/or heart defects. Most people with spondylospinal thoracic dysostosis have an extra rib on each side of their chest cavity (extra costal cartilages). This extra rib causes breathing problems that can be life-threatening if not treated early. In some cases, additional abnormalities are present, including kidney failure, cleft palate, and/or other heart defects.",8.16439771899968
How many people are affected by proopiomelanocortin deficiency ?,POMC deficiency is a rare condition; approximately 50 cases have been reported in the medical literature.,"The prevalence of proopiomelanocortin deficiency is unknown. This condition appears to be rare, although its exact incidence has not been determined.",1.7923789589985972
Is Jackson-Weiss syndrome inherited ?,"This condition is inherited in an autosomal dominant pattern, which means one copy of the altered gene in each cell is sufficient to cause the disorder.","This condition is inherited in an autosomal recessive pattern, which means both copies of the gene in each cell have mutations. The parents of an individual with an autosomal recessive condition each carry one copy of the mutated gene, but they typically do not show signs and symptoms of the condition.",3.387755759000356
What are the treatments for Intravenous leiomyomatosis ?,"How might intravenous leiomyomatosis be treated? The mainstay of treatment for IVL is surgery to remove the tumor and its spread throughout the body. The use of anti-estrogen therapy, such as tamoxifen, has also been suggested. Surgery requires the complete removal of the tumor, since incomplete removal may result in a recurrence and hence further surgery or even death. Many affected individuals undergo a hysterectomy; bilateral oophorectomy is also suggested because these tumors are estrogen dependent. Part of a tumor left inside the pelvic veins at the time of hysterectomy can extend towards the right side of the heart, leading to obstruction and other adverse events later in life. The median time between hysterectomy to the diagnosis of IVL with cardiac involvement is 4 years. Once there is cardiac involvement, a patient may require open-heart surgery to remove the IVL from the affected areas.","How is intravenous leiomyomatosis treated? The treatment of intravenous leiomyomatosis (IVLM) depends on several factors, including: - the number and size of the tumors - their location in the body - whether they cause symptoms or complications Treatment may include surgery to remove the tumor(s), medications that reduce blood clotting, and/or anticoagulants.",4.3397960380007135
How to diagnose Your Diabetes Care Records ?,"Test Instructions Results or Dates A1C test - Have this blood test at least twice a year. Your result will tell you what your average blood glucose level was for the past 2 to 3 months. Date: __________ A1C: __________ Next test: __________ Blood lipid (fats) lab tests - Get a blood test to check your - total cholesterolaim for below 200 - LDL, or bad, cholesterolaim for below 100 - HDL, or good, cholesterolmen: aim for above 40; women: aim for above 50 - triglyceridesaim for below 150 Date: __________ Total cholesterol: __________ LDL: __________ HDL: __________ Triglycerides: __________ Next test: __________ Kidney function tests - Once a year, get a urine test to check for protein. - At least once a year, get a blood test to check for creatinine. Date: __________ Urine protein: __________ Creatinine: __________ Next test: __________ Dilated eye exam - See an eye doctor once a year for a complete eye exam that includes using drops in your eyes to dilate your pupils. - If you are pregnant, have a complete eye exam in your first 3 months of pregnancy. Have another complete eye exam 1 year after your baby is born. Date: __________ Result: __________ Next test: __________ Dental exam - See your dentist twice a year for a cleaning and checkup. Date: __________ Result: __________ Next test: __________ Pneumonia vaccine (recommended by the Centers for Disease Control and Prevention [CDC]) - Get the vaccine if you are younger than 64. - If youre older than 64 and your shot was more than 5 years ago, get another vaccine. Date received: __________ Flu vaccine (recommended by the CDC) - Get a flu shot each year. Date received: __________ Hepatitis B vaccine (recommended by the CDC) - Get this vaccine if you are age 19 to 59 and have not had this vaccine. - Consider getting this vaccine if you are 60 or older and have not had this vaccine. Date of 1st dose: __________ Date of 2nd dose: __________ Date of 3rd dose: __________ PDF Version (PDF, 40 KB)","Diabetes care records are a collection of information about your diabetes. They include: - A list of all the medicines you take, including over-the-counter drugs and vitamins. - Information on how often you have blood tests or other medical exams. - Details about your diet and exercise habits. - Results from any tests that show whether you have diabetes or prediabetes. - The results of your eye exam. - The results of your foot exam. - Any problems you've had with your feet, eyes, kidneys, or nerves. - Your doctor's notes about your treatment plan. - Your insurance coverage for diabetes-related services. You can get copies of your diabetes care records by contacting your health insurer. If you don't know where to find them, ask your doctor or nurse practitioner.",8.948475993998727
"What are the symptoms of Blepharophimosis, ptosis, and epicanthus inversus syndrome type 1 ?","What are the signs and symptoms of Blepharophimosis, ptosis, and epicanthus inversus syndrome type 1? The Human Phenotype Ontology provides the following list of signs and symptoms for Blepharophimosis, ptosis, and epicanthus inversus syndrome type 1. If the information is available, the table below includes how often the symptom is seen in people with this condition. You can use the MedlinePlus Medical Dictionary to look up the definitions for these medical terms. Signs and Symptoms Approximate number of patients (when available) Blepharophimosis 90% Depressed nasal bridge 90% Epicanthus 90% Ptosis 90% Decreased fertility 50% Lacrimation abnormality 50% Myopia 50% Nystagmus 7.5% Strabismus 7.5% Synophrys 7.5% Abnormality of the breast - Abnormality of the hair - Amenorrhea - Autosomal dominant inheritance - Cupped ear - Epicanthus inversus - Female infertility - High palate - Hypermetropia - Increased circulating gonadotropin level - Microcornea - Microphthalmia - Premature ovarian failure - Telecanthus - Wide nasal bridge - The Human Phenotype Ontology (HPO) has collected information on how often a sign or symptom occurs in a condition. Much of this information comes from Orphanet, a European rare disease database. The frequency of a sign or symptom is usually listed as a rough estimate of the percentage of patients who have that feature. The frequency may also be listed as a fraction. The first number of the fraction is how many people had the symptom, and the second number is the total number of people who were examined in one study. For example, a frequency of 25/25 means that in a study of 25 people all patients were found to have that symptom. Because these frequencies are based on a specific study, the fractions may be different if another group of patients are examined. Sometimes, no information on frequency is available. In these cases, the sign or symptom may be rare or common.","What are the signs and symptoms of Blepharophimosis, ptosis, and epicanthus inversus syndrome type 1? The Human Phenotype Ontology provides the following list of signs and symptoms for Blepharophimosis, ptosis, and epicanthus inversus syndrome type 1. If the information is available, the table below includes how often the symptom is seen in people with this condition. You can use the MedlinePlus Medical Dictionary to look up the definitions for these medical terms. Signs and Symptoms Approximate number of patients (when available) Abnormality of the eyelid 90% Admittingly short stature 90% Aplasia/Hypoplasia of the iris 90% Cleft upper lip 90% Epicanthus inversus 90% Hypertelorism 90% Low-set, posteriorly rotated ears 90% Microcornea 90% Narrow mouth 90% Ptosis 90% Short nose 90% Strabismus 90% Wide nasal bridge 90% Abnormality of the genital system 50% Abnormality of the hip bone 50% Abnormality of the",14.398086355999112
What are the treatments for Bjrnstad syndrome ?,These resources address the diagnosis or management of Bjrnstad syndrome: - Centers for Disease Control and Prevention: Hearing Loss in Children: Screening and Diagnosis - Genetic Testing Registry: Pili torti-deafness syndrome These resources from MedlinePlus offer information about the diagnosis and management of various health conditions: - Diagnostic Tests - Drug Therapy - Surgery and Rehabilitation - Genetic Counseling - Palliative Care,These resources address the diagnosis or management of Bjrnstad syndrome: - Gene Review: Gene Review: Bjrnstad Syndrome - Genetic Testing Registry: Bjrnstad syndrome These resources from MedlinePlus offer information about: - Diagnostic Tests - Drug Therapy - Surgery - Genetic Counseling - Palliative Care,3.3421292830007587
What are the symptoms of Subcortical band heterotopia ?,"What are the signs and symptoms of Subcortical band heterotopia? The Human Phenotype Ontology provides the following list of signs and symptoms for Subcortical band heterotopia. If the information is available, the table below includes how often the symptom is seen in people with this condition. You can use the MedlinePlus Medical Dictionary to look up the definitions for these medical terms. Signs and Symptoms Approximate number of patients (when available) Cognitive impairment 90% Seizures 90% Hypertonia 50% Muscular hypotonia 50% Agenesis of corpus callosum - Ataxia - Death in infancy - Dysarthria - Incomplete penetrance - Infantile onset - Intellectual disability - Lissencephaly - Micropenis - Motor delay - Muscular hypotonia of the trunk - Nystagmus - Pachygyria - Postnatal growth retardation - X-linked inheritance - The Human Phenotype Ontology (HPO) has collected information on how often a sign or symptom occurs in a condition. Much of this information comes from Orphanet, a European rare disease database. The frequency of a sign or symptom is usually listed as a rough estimate of the percentage of patients who have that feature. The frequency may also be listed as a fraction. The first number of the fraction is how many people had the symptom, and the second number is the total number of people who were examined in one study. For example, a frequency of 25/25 means that in a study of 25 people all patients were found to have that symptom. Because these frequencies are based on a specific study, the fractions may be different if another group of patients are examined. Sometimes, no information on frequency is available. In these cases, the sign or symptom may be rare or common.","What are the signs and symptoms of Subcortical band heterotopia? The Human Phenotype Ontology provides the following list of signs and symptoms for Subcortical band heterotopia. If the information is available, the table below includes how often the symptom is seen in people with this condition. You can use the MedlinePlus Medical Dictionary to look up the definitions for these medical terms. Signs and Symptoms Approximate number of patients (when available) Abnormality of the cerebellum 90% Aplasia/Hypoplasia of the corpus callosum 90% Cerebral cortical hypomyelination 90% Cognitive impairment 90% Epilepsy 90% Hypertonia 90% Muscular hypotonia 90% Nystagmus 90% Optic atrophy 90% Seizures 90% Visual impairment 90% Autosomal recessive inheritance - Congenital microcephaly - Intellectual disability - Microcephaly - Progressive sensorineural hearing loss - Spastic diplegia - The Human Phenotype Ontology (HPO) has collected information on how often a sign or symptom occurs among people with a disorder. Much of this",14.466226040000038
Is mucopolysaccharidosis type VI inherited ?,"This condition is inherited in an autosomal recessive pattern, which means both copies of the gene in each cell have mutations. The parents of an individual with an autosomal recessive condition each carry one copy of the mutated gene, but they typically do not show signs and symptoms of the condition.","This condition is inherited in an autosomal recessive pattern, which means both copies of the gene in each cell have mutations. The parents of an individual with an autosomal recessive condition each carry one copy of the mutated gene, but they typically do not show signs and symptoms of the condition.",3.399264861998745
What is (are) Parasites - Scabies ?,"Scabies is an infestation of the skin by the human itch mite (Sarcoptes scabiei var. hominis). The microscopic scabies mite burrows into the upper layer of the skin where it lives and lays its eggs. The most common symptoms of scabies are intense itching and a pimple-like skin rash. The scabies mite usually is spread by direct, prolonged, skin-to-skin contact with a person who has scabies. Scabies is found worldwide and affects people of all races and social classes. Scabies can spread rapidly under crowded conditions where close body and skin contact is frequent. Institutions such as nursing homes, extended-care facilities, and prisons are often sites of scabies outbreaks. Child care facilities also are a common site of scabies infestations.","Scabies is a skin infection caused by the mite Sarcoptes scabiei. The mite burrows into the top layer of skin and lays eggs, which hatch into larvae that feed on your blood. You can get scabies from close contact with an infected person or animal. It usually affects people who live in crowded conditions such as nursing homes, military barracks, prisons, homeless shelters, and dormitories. Symptoms include intense itching, especially at night; small red bumps; and blisters. Treatment includes prescription medications to kill the mites and their eggs.",6.414947196000867
What is (are) Neuronal ceroid lipofuscinosis 7 ?,"Neuronal ceroid lipofuscinosis 7 (CLN7-NCL) is a rare condition that affects the nervous system. Signs and symptoms of the condition generally develop in early childhood (average age 5 years) and may include loss of muscle coordination (ataxia), seizures that do not respond to medications, muscle twitches (myoclonus), visual impairment, and developmental regression (the loss of previously acquired skills). CLN7-NCL is caused by changes (mutations) in the MFSD8 gene and is inherited in an autosomal recessive manner. Treatment options are limited to therapies that can help relieve some of the symptoms.","Neuronal ceroid lipofuscinosis 7 (CLN7) is a type of neuronal ceroid lipofuscinosis, which is a group of progressive brain disorders that affect the nervous system. The signs and symptoms of CLN7 typically begin in childhood or adolescence. Affected individuals have difficulty walking; they may also experience muscle weakness and wasting (myopathy). They often develop seizures and vision loss due to damage to nerve cells in the back of the eye (retinal dystrophy). Other features can include hearing loss, intellectual disability, behavioral problems, and an inability to walk steadily (ataxia). Some people with CLN7 do not show any signs or symptoms of the disorder until later in life. This form of the condition is known as late-onset neuronal ceroid lipofuscinosis.",9.352257701999406
What is (are) 15q11.2 microdeletion ?,"15q11.2 microdeletion refers to a chromosome abnormality in which a tiny piece of genetic material on the long arm of chromosome 15 (at a location designated q11.2) is missing (deleted). The features of people with a 15q11.2 microdeletion vary widely. The most common features include developmental, motor, and language delays; behavior and emotional problems; attention deficit disorders; and autism spectrum disorder. Other features may include birth defects and seizures. However, some people have no apparent physical, learning, or behavior problems. A 15q11.2 microdeletion may occur randomly for the first time in an affected person, or it may be inherited from a parent. Treatment depends on the signs and symptoms in each person.","15q11.2 microdeletion is a chromosomal abnormality that can cause intellectual disability, behavioral problems and other health problems in affected individuals. The deletion occurs on the long arm of chromosome 15 at a specific location known as q11.2. Most cases are not inherited from an affected parent; they result from new deletions that occur during the formation of reproductive cells or early in development. In these cases, each cell in the body has a copy of the genetic material with the deleted segment. When the deletion affects only some of the cells, the condition is called mosaic. Mosaic 15q11.2 microdeletions may be associated with more severe signs and symptoms than complete deletions.",8.379749837000418
What are the symptoms of Dengue fever ?,"What are the signs and symptoms of Dengue fever? The Human Phenotype Ontology provides the following list of signs and symptoms for Dengue fever. If the information is available, the table below includes how often the symptom is seen in people with this condition. You can use the MedlinePlus Medical Dictionary to look up the definitions for these medical terms. Signs and Symptoms Approximate number of patients (when available) Abnormality of temperature regulation 90% Migraine 90% Abdominal pain 50% Arthralgia 50% Pruritus 50% Skin rash 50% Ascites 7.5% Bruising susceptibility 7.5% Diarrhea 7.5% Epistaxis 7.5% Gastrointestinal hemorrhage 7.5% Gingival bleeding 7.5% Hepatomegaly 7.5% Hypoproteinemia 7.5% Hypotension 7.5% Intracranial hemorrhage 7.5% Leukopenia 7.5% Nausea and vomiting 7.5% Reduced consciousness/confusion 7.5% Sudden cardiac death 7.5% Thrombocytopenia 7.5% The Human Phenotype Ontology (HPO) has collected information on how often a sign or symptom occurs in a condition. Much of this information comes from Orphanet, a European rare disease database. The frequency of a sign or symptom is usually listed as a rough estimate of the percentage of patients who have that feature. The frequency may also be listed as a fraction. The first number of the fraction is how many people had the symptom, and the second number is the total number of people who were examined in one study. For example, a frequency of 25/25 means that in a study of 25 people all patients were found to have that symptom. Because these frequencies are based on a specific study, the fractions may be different if another group of patients are examined. Sometimes, no information on frequency is available. In these cases, the sign or symptom may be rare or common.","What are the signs and symptoms of dengue fever? The most common symptom of dengue fever is a high fever that lasts for 3-5 days. Other symptoms include headache, muscle and joint pain, nausea, vomiting, and rash. Some people may also experience abdominal pain, diarrhea, or bleeding under the skin (petechiae). In severe cases, patients can develop shock, hemorrhage, organ failure, and death. The Human Phenotype Ontology provides the following list of signs and symptoms for dengue fever. If the information is available, the table below includes how often the symptom is seen in people with this condition. You can use the MedlinePlus Medical Dictionary to look up the definitions for these medical terms. Signs and Symptoms Approximate number of patients (when available) Abdominal pain 90% Bleeding 90% Hematuria 90% Hepatomegaly 90% Jaundice 90% Nausea and vomiting 90% Seizures 90% Skin rash 90% Weight loss 90% Abnormality of hepatic metabolism 50% Arrhythmia 50% Arthralgia 50% Cataract",14.297276608000175
What causes Myelodysplastic/myeloproliferative disease ?,"What causes myelodysplastic/myeloproliferative disease? In most cases, the cause of myelodysplastic/myeloproliferative disease is unknown, and there is limited information regarding potential causes. No specific genetic defects have been identified for any of the diseases. The specific cause of chronic myelomonocytic leukemia (CMML) is unknown, but exposure to occupational and environmental carcinogens (agents that can cause cancer), ionizing radiation, and cytotoxic agents (agents that are toxic to cells) have been associated in some cases. The cause of juvenile myelomonocytic leukemia (JMML) is not known; however, children with neurofibromatosis type 1 (NF1) are at increased risk for developing JMML, and up to 14% of cases of JMML occur in children with NF1. Atypical chronic myelogenous leukemia (aCML) has been associated with cytogenetic (chromosomal) abnormalities in as many as 80% of individuals with the disease; however, no cytogenetic abnormality is specific. Myelodysplastic/myeloproliferative neoplasm, unclassifiable (MDS/ MPN-UC) (also known as mixed myeloproliferative/ myelodysplastic syndrome) also has no known cause.","What causes myelodysplastic/myeloproliferative disorder? The exact cause of most cases of MDS/MPD is unknown. However, some risk factors have been identified that may increase the likelihood of developing this condition: - Age - Most people with MDS/MPD are over 60 years old when diagnosed. - Gender - Men are more likely to develop MDS/MPD than women. - Smoking - People who smoke cigarettes are at a higher risk for developing MDS/MPD compared to those who do not smoke. - Exposure to radiation or chemicals - Some studies suggest that exposure to certain environmental toxins and/or radiation may be associated with an increased risk of developing MDS/MPD.",8.430970508001337
How many people are affected by retinal arterial macroaneurysm with supravalvular pulmonic stenosis ?,"RAMSVPS is a rare disorder. Only a small number of affected individuals and families, all from Saudi Arabia, have been described in the medical literature.",RAAMSVS is a rare disorder; its prevalence is unknown.,0.8516073549999419
What is (are) Camptocormism ?,"Camptocormia, camptocormism or ""bent spine syndrome,"" (BSS) is an extreme forward flexion of the thoracolumbar spine, which often worsens during standing or walking, but completely resolves when laying down. The term itself is derived from the Greek ""kamptos"" (to bend) and ""kormos"" (trunk) BSS was initially considered, especially in wartime, as a result of a psychogenic disorder. It is now recognized that in it may also be related to a number of musculo-skeletal or neurological disorders. It seems that myopathy is the primary cause of camptocormia based on electromyography, magnetic resonance imaging/computed tomography (CT/MRI scans) of paraspinal muscles, and muscle biopsy. The majority of BSS of muscular origin is related to a primary idiopathic (with unknwon cause) axial myopathy of late onset, maybe a delayed-onset paraspinal myopathy, appearing in elderly patients. Causes of secondary BSS are numerous. The main causes are muscular disorders like inflammatory myopathies, muscular dystrophies of late onset, myotonic myopathies, endocrine and metabolic myopathies, and neurological disorders, principally Parkinsons disease. Diagnosis of axial myopathy is based upon CT/MRI scans demonstrating a lot of fatty infiltration of paravertebral muscles. General activity, walking with a cane, physiotherapy, and exercises should be encouraged. Treatment of secondary forms of BSS is dependent upon the cause.","Camptocormis, also known as camptodystrophy or scoliosis dystonia, is a rare movement disorder characterized by abnormal posture and muscle stiffness. The condition affects the muscles of the back, neck, hips, knees, ankles, and feet. It can be caused by mutations in any one of several genes that are involved in the development of the nervous system. In most cases, the cause of camptocormis is unknown. Treatment may include physical therapy, orthopedic devices, medications to reduce pain and spasticity, and/or surgery.",6.584724525000638
How many people are affected by fibronectin glomerulopathy ?,"Fibronectin glomerulopathy is likely a rare condition, although its prevalence is unknown. At least 45 cases have been described in the scientific literature.","The prevalence of fibronectin glomerulopathy is unknown. This condition appears to be rare, although its exact incidence has not been determined.",1.7485877680010162
What is (are) methylmalonic acidemia ?,"Methylmalonic acidemia is an inherited disorder in which the body is unable to process certain proteins and fats (lipids) properly. The effects of methylmalonic acidemia, which usually appear in early infancy, vary from mild to life-threatening. Affected infants can experience vomiting, dehydration, weak muscle tone (hypotonia), developmental delay, excessive tiredness (lethargy), an enlarged liver (hepatomegaly), and failure to gain weight and grow at the expected rate (failure to thrive). Long-term complications can include feeding problems, intellectual disability, chronic kidney disease, and inflammation of the pancreas (pancreatitis). Without treatment, this disorder can lead to coma and death in some cases.","Methylmalonic acidemia is a disorder that affects the body's use of certain fats and proteins. People with this condition have abnormally high levels of methylmalonic acid in their blood, urine, and stool. This acid can cause vomiting, diarrhea, and other digestive problems. In addition to these symptoms, affected individuals may experience muscle weakness (myopathy), heart abnormalities, developmental delay, seizures, and intellectual disability. Methylmalonic acidemia is classified into two types based on the underlying genetic changes: type 1 and type 2. Type 1 is caused by mutations in the MUT gene; type 2 is caused by mutations in either the MMAA or MMAE genes.",7.890984980000212
What are the symptoms of Behcet's disease ?,"What are the signs and symptoms of Behcet's disease? Symptoms of Behcet's disease include recurrent ulcers in the mouth (resembling canker sores) and on the genitals, and eye inflammation (uveitis). The disorder may also cause various types of skin lesions, arthritis, bowel inflammation, meningitis (inflammation of the membranes of the brain and spinal cord), and cranial nerve palsies. Behcet's is a multi-system disease; it may involve all organs and affect the central nervous system, causing memory loss and impaired speech, balance, and movement. The effects of the disease may include blindness, stroke, swelling of the spinal cord, and intestinal complications. The Human Phenotype Ontology provides the following list of signs and symptoms for Behcet's disease. If the information is available, the table below includes how often the symptom is seen in people with this condition. You can use the MedlinePlus Medical Dictionary to look up the definitions for these medical terms. Signs and Symptoms Approximate number of patients (when available) Abnormality of temperature regulation 90% Arthritis 90% Meningitis 90% Migraine 90% Myalgia 90% Nausea and vomiting 90% Orchitis 90% Photophobia 90% Vasculitis 90% Abdominal pain 50% Abnormal blistering of the skin 50% Acne 50% Arthralgia 50% Gait disturbance 50% Gastrointestinal hemorrhage 50% Hemiplegia/hemiparesis 50% Immunologic hypersensitivity 50% Reduced consciousness/confusion 50% Thrombophlebitis 50% Abnormal pyramidal signs 7.5% Abnormality of the aortic valve 7.5% Abnormality of the endocardium 7.5% Abnormality of the mitral valve 7.5% Abnormality of the myocardium 7.5% Abnormality of the pericardium 7.5% Abnormality of the pleura 7.5% Anorexia 7.5% Arterial thrombosis 7.5% Aseptic necrosis 7.5% Cataract 7.5% Cerebral ischemia 7.5% Coronary artery disease 7.5% Cranial nerve paralysis 7.5% Developmental regression 7.5% Encephalitis 7.5% Gangrene 7.5% Glomerulopathy 7.5% Hemoptysis 7.5% Hyperreflexia 7.5% Incoordination 7.5% Increased intracranial pressure 7.5% Keratoconjunctivitis sicca 7.5% Lymphadenopathy 7.5% Malabsorption 7.5% Memory impairment 7.5% Myositis 7.5% Pancreatitis 7.5% Paresthesia 7.5% Polyneuropathy 7.5% Pulmonary embolism 7.5% Pulmonary infiltrates 7.5% Renal insufficiency 7.5% Retinopathy 7.5% Retrobulbar optic neuritis 7.5% Seizures 7.5% Splenomegaly 7.5% Vertigo 7.5% Visual impairment 7.5% Weight loss 7.5% Alopecia areata - Chorioretinitis - Epididymitis - Erythema - Genital ulcers - Iridocyclitis - Iritis - Irritability - Oral ulcer - Superficial thrombophlebitis - The Human Phenotype Ontology (HPO) has collected information on how often a sign or symptom occurs in a condition. Much of this information comes from Orphanet, a European rare disease database. The frequency of a sign or symptom is usually listed as a rough estimate of the percentage of patients who have that feature. The frequency may also be listed as a fraction. The first number of the fraction is how many people had the symptom, and the second number is the total number of people who were examined in one study. For example, a frequency of 25/25 means that in a study of 25 people all patients were found to have that symptom. Because these frequencies are based on a specific study, the fractions may be different if another group of patients are examined. Sometimes, no information on frequency is available. In these cases, the sign or symptom may be rare or common.","What are the signs and symptoms of Behcet's disease? The Human Phenotype Ontology provides the following list of signs and symptoms for Behcet's disease. If the information is available, the table below includes how often the symptom is seen in people with this condition. You can use the MedlinePlus Medical Dictionary to look up the definitions for these medical terms. Signs and Symptoms Approximate number of patients (when available) Abnormality of the eye 90% Arthralgia 90% Aphonia 90% Cataract 90% Conjunctival hemorrhage 90% Hematuria 90% Hepatomegaly 90% Hypertriglyceridemia 90% Leukocytosis 90% Nephrotic syndrome 90% Ocular pain 90% Oral ulceration 90% Polyuria 90% Renal insufficiency 90% Splenomegaly 90% Thrombophlebitis 90% Urticaria 90% Vasculitis 90% Aplasia/Hypoplasia of the corpus callosum 50% Blephar",14.171396957999605
What are the treatments for Axenfeld-Rieger syndrome type 1 ?,Can dislocated lenses in patients with Axenfeld-Rieger syndrome be treated? We were unable to find information in the medical literature regarding the management of dislocated lenses in patients with Axenfeld-Rieger syndrome. We encourage you to speak with a healthcare provider experienced in the management of rare eye disorders. The American Association of Eye and Ear Centers of Excellence provides a list of member clinics and the Eye Research Network provides a list of eye research facilities that may be helpful as you search for clinics. Click on the links to view the lists. Please note that the lists are not exhaustive of all specialty and research eye clinics within the United States or abroad.,"How might axenfeld-riegersyndrome type 1 be treated? There is no cure for ARS type 1. Treatment of symptoms may include: - Glasses to correct refractive errors (nearsightedness, farsightedness, astigmatism) - Contact lenses - Surgery to remove cataracts and/or glaucoma - Medications to treat glaucoma - Regular eye exams to monitor vision and detect any changes in vision or other problems with eyesight that could develop over time",5.8511225120000745
What is (are) late-infantile neuronal ceroid lipofuscinosis ?,"Late-infantile neuronal ceroid lipofuscinosis (NCL) is an inherited disorder that primarily affects the nervous system. The signs and symptoms of this condition typically begin in late infancy or early childhood. The initial features usually include recurrent seizures (epilepsy) and difficulty coordinating movements (ataxia). Affected children also develop muscle twitches (myoclonus) and vision impairment. Late-infantile NCL affects motor skills, such as sitting and walking, and speech development. This condition also causes the loss of previously acquired skills (developmental regression), progressive intellectual disability, and behavioral problems. Individuals with this condition often require the use of a wheelchair by late childhood and typically do not survive past their teens. Late-infantile NCL is one of a group of NCLs (collectively called Batten disease) that affect the nervous system and typically cause progressive problems with vision, movement, and thinking ability. The different types of NCLs are distinguished by the age at which signs and symptoms first appear.","Late-infantile neuronal ceroid lipofuscinosis is a disorder that affects the brain and other parts of the body. This condition causes progressive loss of nerve cells in the brain, which leads to intellectual disability and behavioral problems. Affected individuals also have seizures, muscle stiffness (spasticity), vision impairment, hearing loss, and difficulty swallowing. The signs and symptoms of late-infantile neuronal ceroid lipofuscinosis vary widely among affected people. Some children with this condition develop severe intellectual disability by age 2 or 3 years; others do not show any significant cognitive decline until later childhood. Most affected children experience delayed development of motor skills such as sitting, standing, and walking. They may also have trouble learning new words and understanding language. Behavioral problems are common in people with late-infantile neuronal ceroid lipofuscinosis. These can include aggression, irritability, hyperactivity, attention deficit hyperactivity disorder (ADHD), and self-injury. Many people with this condition have seizures beginning between ages 1 and 5 years. Seizures usually occur without warning and last for several minutes. Other features of late-infantile neuronal ceroid lipofuscinosis include eye abnormalities, including clouding of the lens (cat",14.267253570000321
What is (are) Psoriasis ?,"Oral or injected medications for psoriasis include methotrexate, cycloclosporine, oral retinoids, and biologics. These therapies, prescribed by your doctor, work in different ways to help control the underlying disease process.","Psoriasis is a chronic, inflammatory skin disease that causes red, scaly patches of skin. It can affect any part of the body but most commonly affects the elbows and knees; scalp; lower back; palms and soles; face; and genitals. The exact cause of psoriasis is unknown, although it may be related to an overactive immune system in response to environmental factors such as stress or infections. There are several types of psoriasis: plaque psoriasis, which is the most common type; pustular psoriasis, which occurs when there's an accumulation of pus-filled blisters on the skin; inverse psoriasis, which tends to occur in areas where the skin rubs together, such as the groin area; and guttate psoriasis, which usually follows a viral infection. Treatment depends on the severity of the condition and whether you have other health problems.",9.875568393999856
What are the genetic changes related to Andersen-Tawil syndrome ?,"Mutations in the KCNJ2 gene cause Andersen-Tawil syndrome. The KCNJ2 gene provides instructions for making a protein that forms a channel across cell membranes. This channel transports positively charged atoms (ions) of potassium into muscle cells. The movement of potassium ions through these channels is critical for maintaining the normal functions of muscles used for movement (skeletal muscles) and cardiac muscle. Mutations in the KCNJ2 gene alter the usual structure and function of potassium channels or prevent the channels from being inserted correctly into the cell membrane. Many mutations prevent a molecule called PIP2 from binding to the channels and effectively regulating their activity. These changes disrupt the flow of potassium ions in skeletal and cardiac muscle, leading to the periodic paralysis and irregular heart rhythm characteristic of Andersen-Tawil syndrome. Researchers have not determined the role of the KCNJ2 gene in bone development, and it is not known how mutations in the gene lead to the developmental abnormalities often found in Andersen-Tawil syndrome.","Andersen-Tawil syndrome is caused by mutations in the KCNJ2 gene. This gene provides instructions for making a protein called Kir2.1, which is part of a group of proteins known as potassium channels. Potassium channels allow positively charged atoms (ions) of sodium and potassium into and out of cells. These channels play an important role in regulating electrical activity within cells; they help maintain the proper balance of electrical charges that allows nerve cells and muscle cells to respond normally to stimuli. The function of these channels also helps control the release of certain chemicals involved in signaling between cells. Mutations in the KCNJ2 gene reduce or eliminate the amount of Kir2.1 protein produced from cells. A shortage of this channel disrupts normal electrical activity within cells, particularly in nerve cells and muscles. As a result, there is an abnormal buildup of positive ions inside cells, which can cause problems with movement and other body functions.",10.702118192000853
How to diagnose Factor V Leiden thrombophilia ?,"How is factor V Leiden thrombophilia diagnosed? No clinical features (signs and/or symptoms) are specific for factor V Leiden thrombophilia. The diagnosis of factor V Leiden thrombophilia requires a coagulation screening test or DNA analysis of F5, the gene for factor V, to identify the specific mutation that causes this condition. The APC (activated protein C) resistance assay, a coagulation screening test, measures the anticoagulant response to APC. This screening test has a sensitivity and specificity for factor V Leiden approaching 100%. The sensitivity of a test is a measure of the test's ability to detect a positive result when someone has the condition, while the specificity is a measure of the test's ability to identify negative results.Targeted mutation analysis (a type of DNA test) of the F5 gene for the Leiden mutation is considered definitive and has a mutation detection frequency of approximately 100%. This means that approximately all individuals who have the factor V Leiden mutation will be detected by this genetic test. It is generally recommended that individuals who test positive by another means should then have the DNA test both for confirmation and to distinguish heterozygotes (individuals with a mutation in one copy of the gene) from homozygotes (individuals with mutations in both copies of the gene).","Is genetic testing available for factor V Leiden? Yes. Genetic testing is available for the F5 gene, which contains the instructions for making a protein called factor V. This test can be used to identify people who have inherited an altered version of this gene and are at risk for developing blood clots. The results from this test may also help doctors determine whether or not someone with a family history of venous thromboembolism (VTE) should take anticoagulant medications to prevent clotting.",5.790846874000636
What are the symptoms of Dens in dente and palatal invaginations ?,"What are the signs and symptoms of Dens in dente and palatal invaginations? The Human Phenotype Ontology provides the following list of signs and symptoms for Dens in dente and palatal invaginations. If the information is available, the table below includes how often the symptom is seen in people with this condition. You can use the MedlinePlus Medical Dictionary to look up the definitions for these medical terms. Signs and Symptoms Approximate number of patients (when available) Autosomal dominant inheritance - Dens in dente - The Human Phenotype Ontology (HPO) has collected information on how often a sign or symptom occurs in a condition. Much of this information comes from Orphanet, a European rare disease database. The frequency of a sign or symptom is usually listed as a rough estimate of the percentage of patients who have that feature. The frequency may also be listed as a fraction. The first number of the fraction is how many people had the symptom, and the second number is the total number of people who were examined in one study. For example, a frequency of 25/25 means that in a study of 25 people all patients were found to have that symptom. Because these frequencies are based on a specific study, the fractions may be different if another group of patients are examined. Sometimes, no information on frequency is available. In these cases, the sign or symptom may be rare or common.","What are the signs and symptoms of Dens in dente and palatal invaginations? The Human Phenotype Ontology provides the following list of signs and symptoms for Dens in dente and palatal invaginations. If the information is available, the table below includes how often the symptom is seen in people with this condition. You can use the MedlinePlus Medical Dictionary to look up the definitions for these medical terms. Signs and Symptoms Approximate number of patients (when available) Abnormality of dental enamel 90% Abnormality of the palate 90% Aplasia/Hypoplasia of the maxilla 90% Cleft palate 90% Dental crowding 90% Hypodontia 90% Malocclusion 90% Short philtrum 90% Short stature 90% Talipes 90% Wide mouth 90% Abnormality of the mandible 50% Abnormality of the nasal septum 50% Anteverted nares 50% Broad forehead 50% High forehead 50% Low-set, posteriorly rotated ears 50% Narrow chest 50% Osteomyelitis",14.464609794000353
What are the symptoms of Pachydermoperiostosis ?,"What are the signs and symptoms of Pachydermoperiostosis? The Human Phenotype Ontology provides the following list of signs and symptoms for Pachydermoperiostosis. If the information is available, the table below includes how often the symptom is seen in people with this condition. You can use the MedlinePlus Medical Dictionary to look up the definitions for these medical terms. Signs and Symptoms Approximate number of patients (when available) Abnormal cortical bone morphology 90% Abnormality of epiphysis morphology 90% Abnormality of the fontanelles or cranial sutures 90% Bone pain 90% Osteomyelitis 90% Seborrheic dermatitis 90% Abnormal hair quantity 50% Abnormality of the fingernails 50% Abnormality of the knees 50% Abnormality of the scalp 50% Abnormality of the tibia 50% Acne 50% Arthralgia 50% Arthritis 50% Clubbing of toes 50% Coarse facial features 50% Joint swelling 50% Limitation of joint mobility 50% Osteoarthritis 50% Osteolysis 50% Ptosis 50% Abnormality of the gastric mucosa 7.5% Anemia 7.5% Aseptic necrosis 7.5% Cerebral palsy 7.5% Deviation of finger 7.5% Gastrointestinal hemorrhage 7.5% Genu varum 7.5% Growth hormone excess 7.5% Gynecomastia 7.5% Hepatomegaly 7.5% Impaired temperature sensation 7.5% Malabsorption 7.5% Neoplasm of the lung 7.5% Neoplasm of the skin 7.5% Palmoplantar keratoderma 7.5% Reduced bone mineral density 7.5% Scoliosis 7.5% Short palm 7.5% Splenomegaly 7.5% Arthropathy - Autosomal dominant inheritance - Autosomal recessive inheritance - Clubbing - Clubbing of fingers - Congenital onset - Cutis gyrata of scalp - Disproportionate tall stature - Eczematoid dermatitis - High palate - Hyperhidrosis - Large fontanelles - Long clavicles - Osteolytic defects of the phalanges of the hand - Osteopenia - Osteoporosis - Palmoplantar hyperkeratosis - Patent ductus arteriosus - Pectus excavatum - Periosteal thickening of long tubular bones - Redundant skin - Thickened calvaria - Thickened skin - Wormian bones - The Human Phenotype Ontology (HPO) has collected information on how often a sign or symptom occurs in a condition. Much of this information comes from Orphanet, a European rare disease database. The frequency of a sign or symptom is usually listed as a rough estimate of the percentage of patients who have that feature. The frequency may also be listed as a fraction. The first number of the fraction is how many people had the symptom, and the second number is the total number of people who were examined in one study. For example, a frequency of 25/25 means that in a study of 25 people all patients were found to have that symptom. Because these frequencies are based on a specific study, the fractions may be different if another group of patients are examined. Sometimes, no information on frequency is available. In these cases, the sign or symptom may be rare or common.","What are the signs and symptoms of pachydermoperiostosis? The Human Phenotype Ontology provides the following list of signs and symptoms for pachydermoperiostosis. If the information is available, the table below includes how often the symptom is seen in people with this condition. You can use the MedlinePlus Medical Dictionary to look up the definitions for these medical terms. Signs and Symptoms Approximate number of patients (when available) Abnormality of the skin 90% Aplasia/Hypoplasia of the lung 90% Cleft palate 90% Hearing impairment 90% Hypertelorism 90% Muscular hypotonia 90% Nystagmus 90% Short stature 90% Strabismus 90% Ventricular septal defect 90% Abdominal hernia 50% Abnormality of the abdominal wall 50% Abnormality of the femur 50% Abnormality of the hip bone 50% Abnormality of the ribs 50% Atrium septal defect 50% Brachydactyly syndrome 50% Campt",14.47220772699984
What are the treatments for Polymyositis ?,"How might polymyositis be treated? The treatment of polymyositis is based on the signs and symptoms present in each person. Although there is currently no cure, symptoms of the condition may be managed with the following: Medications such as corticosteroids, corticosteroid-sparing agents, immunosuppressive drugs Physical therapy to improve muscle strength and flexibility Speech therapy to address difficulties with swallowing and speech Intravenous immunoglobulin (healthy antibodies are given to block damaging autoantibodies that attack muscle) Medscape Reference's Web site offers more specific information regarding the treatment and management of polymyositis. Please click on the link to access the resource.","Treatment of polymyositis includes medications, physical therapy and/or exercise, and sometimes surgery. Medications The primary treatment for polymyositis is corticosteroids (such as prednisone) to reduce inflammation in muscles. Other drugs used include immunosuppressants such as azathioprine or methotrexate; cyclosporine A; and mycophenolate mofetil. These drugs help prevent the immune system from attacking muscle tissue. Physical Therapy and Exercise Physical therapy can improve strength and range of motion in affected muscles. It also helps maintain flexibility and balance. Patients should work with a physical therapist who has experience treating people with muscular dystrophy. The patient's doctor may recommend that he or she see a specialist called an orthopedist. An orthopedist specializes in diagnosing and treating problems related to bones, joints, and muscles. Surgery In some cases, surgery may be needed to repair damaged tendons or ligaments. For example, if a tendon ruptures, it may need to be repaired surgically. If a joint becomes inflamed due to polymyositis, it may require surgical drainage.",13.323973681999632
What are the symptoms of Der Kaloustian Mcintosh Silver syndrome ?,"What are the signs and symptoms of Der Kaloustian Mcintosh Silver syndrome? The Human Phenotype Ontology provides the following list of signs and symptoms for Der Kaloustian Mcintosh Silver syndrome. If the information is available, the table below includes how often the symptom is seen in people with this condition. You can use the MedlinePlus Medical Dictionary to look up the definitions for these medical terms. Signs and Symptoms Approximate number of patients (when available) Abnormal dermatoglyphics 90% Abnormal nasal morphology 90% Abnormality of the palate 90% Abnormality of the pinna 90% Cognitive impairment 90% Dolichocephaly 90% Gait disturbance 90% Hearing abnormality 90% Macrocephaly 90% Muscular hypotonia 90% Narrow face 90% Neurological speech impairment 90% Pectus excavatum 90% Prominent nasal bridge 90% Radioulnar synostosis 90% Strabismus 90% Carious teeth 50% Multicystic kidney dysplasia 50% Autosomal recessive inheritance - Dislocated radial head - Generalized hypotonia - Long face - Prominent nose - The Human Phenotype Ontology (HPO) has collected information on how often a sign or symptom occurs in a condition. Much of this information comes from Orphanet, a European rare disease database. The frequency of a sign or symptom is usually listed as a rough estimate of the percentage of patients who have that feature. The frequency may also be listed as a fraction. The first number of the fraction is how many people had the symptom, and the second number is the total number of people who were examined in one study. For example, a frequency of 25/25 means that in a study of 25 people all patients were found to have that symptom. Because these frequencies are based on a specific study, the fractions may be different if another group of patients are examined. Sometimes, no information on frequency is available. In these cases, the sign or symptom may be rare or common.","What are the signs and symptoms of Der Kaloustian Mcintosh Silver syndrome? The Human Phenotype Ontology provides the following list of signs and symptoms for Der Kaloustian Mcintosh Silver syndrome. If the information is available, the table below includes how often the symptom is seen in people with this condition. You can use the MedlinePlus Medical Dictionary to look up the definitions for these medical terms. Signs and Symptoms Approximate number of patients (when available) Abnormality of the genital system 90% Aplasia/Hypoplasia of the corpus callosum 90% Cleft palate 90% Cognitive impairment 90% Delayed skeletal maturation 90% Hypertelorism 90% Low-set, posteriorly rotated ears 90% Muscular hypotonia 90% Narrow chest 90% Neurological speech impairment 90% Short stature 90% Strabismus 90% Ventricular septal defect 90% Wide nasal bridge 90% Abdominal hernia 50% Abnormality of the aortic valve 50% Abnormality of the femur 50% Abnormality of the hip bone",14.629805213999134
Is Pelizaeus-Merzbacher disease inherited ?,How is Pelizaeus-Merzbacher disease inherited?,"This condition is inherited in an autosomal recessive pattern, which means both copies of the gene in each cell have mutations. The parents of an individual with an autosomal recessive condition each carry one copy of the mutated gene, but they typically do not show signs and symptoms of the condition.",3.4592423400008556
What are the symptoms of Celiac Disease ?,"A person may experience digestive signs and symptoms, or symptoms in other parts of the body. Digestive signs and symptoms are more common in children and can include - abdominal bloating - chronic diarrhea - constipation - gas - pale, foul-smelling, or fatty stool - stomach pain - nausea - vomiting Being unable to absorb nutrients during the years when nutrition is critical to a child's normal growth and development can lead to other health problems, such as - failure to thrive in infants - slowed growth and short stature - weight loss - irritability or change in mood - delayed puberty - dental enamel defects of permanent teeth Adults are less likely to have digestive signs and symptoms and may instead have one or more of the following: - anemia - bone or joint pain - canker sores inside the mouth - depression or anxiety - dermatitis herpetiformis, an itchy, blistering skin rash - fatigue, or feeling tired - infertility or recurrent miscarriage - missed menstrual periods - seizures - tingling numbness in the hands and feet - weak and brittle bones, or osteoporosis - headaches Intestinal inflammation can cause other symptoms, such as - feeling tired for long periods of time - abdominal pain and bloating - ulcers - blockages in the intestine Celiac disease can produce an autoimmune reaction, or a self-directed immune reaction, in which a person's immune system attacks healthy cells in the body. This reaction can spread outside of the gastrointestinal tract to affect other areas of the body, including the - spleen - skin - nervous system - bones - joints Recognizing celiac disease can be difficult because some of its symptoms are similar to those of other diseases and conditions. Celiac disease can be confused with - irritable bowel syndrome (IBS) - iron-deficiency anemia caused by menstrual blood loss - lactose intolerance - inflammatory bowel disease - diverticulitis - intestinal infections - chronic fatigue syndrome As a result, celiac disease has long been underdiagnosed or misdiagnosed. As health care providers become more aware of the many varied symptoms of the disease and reliable blood tests become more available, diagnosis rates are increasing, particularly for adults. Dermatitis Herpetiformis Dermatitis herpetiformis is a chronic, itchy, blistering skin rashusually on the elbows, knees, buttocks, back, or scalpthat affects about 5 to 10 percent of people with celiac disease.3 Men with dermatitis herpetiformis may also have oral or genital lesions. People with dermatitis herpetiformis may have no other signs or symptoms of celiac disease. Skin deposits of antibodiesproteins that react against the body's own cells or tissuescommon in celiac disease cause dermatitis herpetiformis. Ingesting gluten triggers these antibodies. More information is provided in the NIDDK health topic, Dermatitis Herpetiformis: Skin Manifestation of Celiac Disease.","Celiac disease is a digestive disorder that damages the small intestine and prevents it from absorbing nutrients from food. The most common symptom of celiac disease is diarrhea, which can be severe or chronic (long-lasting). Other signs and symptoms include weight loss, fatigue, abdominal pain, gas, bloating, constipation, mouth sores, and skin rash. Some people with celiac disease have no symptoms at all.",4.9368876770004135
How many people are affected by osteogenesis imperfecta ?,"This condition affects an estimated 6 to 7 per 100,000 people worldwide. Types I and IV are the most common forms of osteogenesis imperfecta, affecting 4 to 5 per 100,000 people.","Osteogenesis imperfecta is one of the most common bone disorders in humans. It occurs in about 1 in 20,000 to 30,000 newborns worldwide.",2.482073429999218
"What are the genetic changes related to mitochondrial encephalomyopathy, lactic acidosis, and stroke-like episodes ?","MELAS can result from mutations in one of several genes, including MT-ND1, MT-ND5, MT-TH, MT-TL1, and MT-TV. These genes are found in the DNA of cellular structures called mitochondria, which convert the energy from food into a form that cells can use. Although most DNA is packaged in chromosomes within the nucleus, mitochondria also have a small amount of their own DNA, known as mitochondrial DNA or mtDNA. Some of the genes related to MELAS provide instructions for making proteins involved in normal mitochondrial function. These proteins are part of a large enzyme complex in mitochondria that helps convert oxygen, fats, and simple sugars to energy. Other genes associated with this disorder provide instructions for making molecules called transfer RNAs (tRNAs), which are chemical cousins of DNA. These molecules help assemble protein building blocks called amino acids into full-length, functioning proteins within mitochondria. Mutations in a particular transfer RNA gene, MT-TL1, cause more than 80 percent of all cases of MELAS. These mutations impair the ability of mitochondria to make proteins, use oxygen, and produce energy. Researchers have not determined how changes in mtDNA lead to the specific signs and symptoms of MELAS. They continue to investigate the effects of mitochondrial gene mutations in different tissues, particularly in the brain.","Mitochondrial encephalomyopathy, lactic acidosis, and stroke-like episodes (MELAS) is caused by mutations in the MT-TK gene. This gene provides instructions for making a protein called thymidine kinase 2. This enzyme plays an important role in the production of energy within cells. Specifically, it helps convert a molecule called deoxythymidine monophosphate into another molecule called deoxycytidine monophosphate. These molecules are used as building blocks to make DNA, which carries the body's genetic information. Mutations in the MT-TK gene reduce or eliminate the activity of thymidine kinase 2. As a result, the cell cannot produce enough deoxycytidine monophosphate from deoxythymidine monophosphate. A shortage of this molecule disrupts normal cellular processes that rely on its conversion to other molecules. The resulting buildup of lactic acid can cause muscle weakness and ataxia; neurological problems such as seizures and dementia; and strokes.",12.0377189489991
What is (are) Stress ?,"Everyone feels stressed from time to time. Not all stress is bad. All animals have a stress response, and it can be life-saving. But chronic stress can cause both physical and mental harm. There are at least three different types of stress: - Routine stress related to the pressures of work, family, and other daily responsibilities - Stress brought about by a sudden negative change, such as losing a job, divorce, or illness - Traumatic stress, which happens when you are in danger of being seriously hurt or killed. Examples include a major accident, war, assault, or a natural disaster. This type of stress can cause post-traumatic stress disorder (PTSD). Different people may feel stress in different ways. Some people experience digestive symptoms. Others may have headaches, sleeplessness, depressed mood, anger, and irritability. People under chronic stress get more frequent and severe viral infections, such as the flu or common cold. Vaccines, such as the flu shot, are less effective for them. Some people cope with stress more effectively than others. It's important to know your limits when it comes to stress, so you can avoid more serious health effects. NIH: National Institute of Mental Health","Stress can be a normal part of life. It's the body's response to any demand placed on it, whether from within or without. For example, stress may come from work, family problems, illness, or other events that cause you to feel worried, anxious, tense, or upset. Stress can also result from your body's reaction to hormones and chemicals released during an emergency situation. Stress can affect how well you function at home, school, or work. It can lead to health problems such as high blood pressure, heart disease, diabetes, obesity, depression, and anxiety disorders. Stress can even harm your immune system, making you more likely to get sick. There are many ways to reduce stress in your life. You might try relaxation techniques, exercise, hobbies, spending time with friends, getting enough sleep, or talking about what stresses you out with someone you trust. NIH: National Institute of Mental Health",10.84226421600033
What is (are) Infectious Arthritis ?,"Most kinds of arthritis cause pain and swelling in your joints. Joints are places where two bones meet, such as your elbow or knee. Infectious arthritis is an infection in the joint. The infection comes from a bacterial, viral, or fungal infection that spreads from another part of the body. Symptoms of infectious arthritis include - Intense pain in the joint - Joint redness and swelling - Chills and fever - Inability to move the area with the infected joint One type of infectious arthritis is reactive arthritis. The reaction is to an infection somewhere else in your body. The joint is usually the knee, ankle, or toe. Sometimes, reactive arthritis is set off by an infection in the bladder, or in the urethra, which carries urine out of the body. In women, an infection in the vagina can cause the reaction. For both men and women, it can start with bacteria passed on during sex. Another form of reactive arthritis starts with eating food or handling something that has bacteria on it. To diagnose infectious arthritis, your health care provider may do tests of your blood, urine, and joint fluid. Treatment includes medicines and sometimes surgery.","Infectious arthritis is a type of joint inflammation caused by an infection. The most common cause is bacteria, but viruses and fungi can also cause it. It usually affects one or more joints in the body. Symptoms include fever, chills, pain, swelling, redness, warmth, and stiffness. Treatment depends on the underlying cause and severity of the condition. It may involve antibiotics, anti-inflammatory drugs, and/or surgery to remove damaged tissue. NIH: National Institute of Arthritis and Musculoskeletal and Skin Diseases",6.2604346750013065
What are the treatments for autosomal recessive hypotrichosis ?,These resources address the diagnosis or management of autosomal recessive hypotrichosis: - American Academy of Dermatology: Hair Loss: Tips for Managing - Genetic Testing Registry: Hypotrichosis 8 These resources from MedlinePlus offer information about the diagnosis and management of various health conditions: - Diagnostic Tests - Drug Therapy - Surgery and Rehabilitation - Genetic Counseling - Palliative Care,"These resources address the diagnosis or management of autosomal recessive hypotrichosis: - Genetic Testing Registry: Autosomal recessive hypotrichosis These resources from MedlinePlus offer information about the care and treatment of patients with specific conditions. - Genetic Counseling - Medication Management - Radiation Therapy - Surgical Ablation These resources from MedlinePlus offer information about the diagnosis or management of various health conditions. - Diagnostic Tests - Drug Therapy - Surgery These resources from Prescribers, Patients & Families offer health information related to all aspects of patient management. - Patient Management Guide - Prescribing Information These resources from third party payers and/or insurance providers help consumers learn about costs associated with their coverage. - Medicare Prescription Drug Program Coverage - Medicaid Coverage - Private Insurance Plans - State Health Care Programs These resources include links to the latest research on autosomal recessive hypotrichosis. Other articles on this topic can be found in the Research section of our website.",11.469662862000405
What is (are) Multiple familial trichoepithelioma ?,"Multiple familial trichoepithelioma is a rare condition characterized by multiple smooth, round, firm, skin-colored tumors (trichoepitheliomas) that usually occur on the face, but may also occur on the scalp, neck, and trunk. The tumors are derived from immature hair follicles. They usually first develop during childhood or adolescence and may grow larger and increase in number over time. The condition can be caused by alterations (mutations) in the CYLD gene or by mutations in other genes which are still unknown. The condition may be divided in two subtypes, multiple familial trichoepithelioma type 1 and multiple familial trichoepithelioma type 2. Susceptibility to multiple familial trichoepithelioma is inherited in an autosomal dominant fashion, which means one copy of the altered gene in each cell increases the risk of developing this condition. However, a second, non-inherited mutation is required for development of skin appendage tumors in this disorder.Treatment often involves surgery to remove a single lesion and cryosurgery or laser surgery for multiple ones.","Multiple familial trichoepithelioma is a condition characterized by the development of multiple skin tumors called trichoepitheliomas. These tumors typically appear on the face, neck and upper body in early childhood or adolescence. The number of affected areas can vary from one to 100; however, most people with this condition have between five and 25 lesions. In some cases, these tumors are present at birth. Trichoepitheliomas usually develop as small, raised bumps that may be flesh-colored or pink. They often grow slowly over time and do not cause any symptoms. However, they can become irritated and itchy, especially when scratched. Some individuals with multiple familial trichoepithelioma also develop other types of skin cancer such as basal cell carcinoma, squamous cell carcinoma, or melanoma. These cancers tend to occur later in life than the trichoepitheliomas.",11.121673636000196
What are the symptoms of X-linked magnesium deficiency with Epstein-Barr virus infection and neoplasia ?,"What are the signs and symptoms of X-linked magnesium deficiency with Epstein-Barr virus infection and neoplasia? The Human Phenotype Ontology provides the following list of signs and symptoms for X-linked magnesium deficiency with Epstein-Barr virus infection and neoplasia. If the information is available, the table below includes how often the symptom is seen in people with this condition. You can use the MedlinePlus Medical Dictionary to look up the definitions for these medical terms. Signs and Symptoms Approximate number of patients (when available) Decreased number of CD4+ T cells - Decreased T cell activation - Immunodeficiency - Lymphoma - Recurrent viral infections - X-linked inheritance - The Human Phenotype Ontology (HPO) has collected information on how often a sign or symptom occurs in a condition. Much of this information comes from Orphanet, a European rare disease database. The frequency of a sign or symptom is usually listed as a rough estimate of the percentage of patients who have that feature. The frequency may also be listed as a fraction. The first number of the fraction is how many people had the symptom, and the second number is the total number of people who were examined in one study. For example, a frequency of 25/25 means that in a study of 25 people all patients were found to have that symptom. Because these frequencies are based on a specific study, the fractions may be different if another group of patients are examined. Sometimes, no information on frequency is available. In these cases, the sign or symptom may be rare or common.","What are the signs and symptoms of X-linked magnesium deficiency with Epstein-Barr virus infection and neoplasia? The Human Phenotype Ontology provides the following list of signs and symptoms for X-linked magnesium deficiency with Epstein-Barr virus infection and neoplasia. If the information is available, the table below includes how often the symptom is seen in people with this condition. You can use the MedlinePlus Medical Dictionary to look up the definitions for these medical terms. Signs and Symptoms Approximate number of patients (when available) Abnormality of calcium metabolism 90% Abnormality of the pancreas 90% Anemia 90% Arrhythmia 90% Cataract 90% Decreased serum magnesium 90% Diabetes mellitus 90% Elevated serum alkaline phosphatase 90% Hepatic steatosis 90% Hypertension 90% Hypertriglyceridemia 90% Incoordination 90% Leukopenia 90% Muscular hypotonia 90% Neoplasm 90% Osteoporosis 90% Pancytopenia 90% Renal insufficiency 90",14.581565532998866
What is (are) Brain Aneurysm ?,"A brain aneurysm is an abnormal bulge or ""ballooning"" in the wall of an artery in the brain. They are sometimes called berry aneurysms because they are often the size of a small berry. Most brain aneurysms produce no symptoms until they become large, begin to leak blood, or burst. If a brain aneurysm presses on nerves in your brain, it can cause signs and symptoms. These can include - A droopy eyelid - Double vision or other changes in vision - Pain above or behind the eye - A dilated pupil - Numbness or weakness on one side of the face or body Treatment depends on the size and location of the aneurysm, whether it is infected, and whether it has burst. If a brain aneurysm bursts, symptoms can include a sudden, severe headache, nausea and vomiting, stiff neck, loss of consciousness, and signs of a stroke. Any of these symptoms requires immediate medical attention. NIH: National Heart, Lung, and Blood Institute","A brain aneurysm is a bulge in the wall of one of the arteries that supply blood to the brain. The artery may be weak and prone to rupture, causing bleeding into or around the brain. This can lead to stroke, coma, or death. Most people with brain aneurysms have no symptoms until they rupture. If you are at risk for a ruptured brain aneurysm, your doctor will monitor you closely. You may need surgery if you have had a previous aneurysm or if you have other risk factors such as high blood pressure, smoking, diabetes, or a family history of aneurysms. NIH: National Institute of Neurological Disorders and Stroke",8.144103291000647
What are the symptoms of Keratosis follicularis spinulosa decalvans ?,"What are the signs and symptoms of Keratosis follicularis spinulosa decalvans? The Human Phenotype Ontology provides the following list of signs and symptoms for Keratosis follicularis spinulosa decalvans. If the information is available, the table below includes how often the symptom is seen in people with this condition. You can use the MedlinePlus Medical Dictionary to look up the definitions for these medical terms. Signs and Symptoms Approximate number of patients (when available) Alopecia 90% Aplasia/Hypoplasia of the eyebrow 90% Hyperkeratosis 90% Ichthyosis 90% Abnormality of the fingernails 50% Blepharitis 50% Myopia 50% Opacification of the corneal stroma 50% Retinal detachment 50% Abnormality of dental color 7.5% Abnormality of dental enamel 7.5% Carious teeth 7.5% Eczema 7.5% Conjunctivitis - Corneal dystrophy - Dry skin - Dystrophic fingernails - Ectropion - Facial erythema - Follicular hyperkeratosis - Heterogeneous - Keratitis - Nail dysplasia - Palmoplantar keratoderma - Perifollicular fibrosis - Photophobia - Scarring alopecia of scalp - Sparse eyebrow - Sparse eyelashes - X-linked recessive inheritance - The Human Phenotype Ontology (HPO) has collected information on how often a sign or symptom occurs in a condition. Much of this information comes from Orphanet, a European rare disease database. The frequency of a sign or symptom is usually listed as a rough estimate of the percentage of patients who have that feature. The frequency may also be listed as a fraction. The first number of the fraction is how many people had the symptom, and the second number is the total number of people who were examined in one study. For example, a frequency of 25/25 means that in a study of 25 people all patients were found to have that symptom. Because these frequencies are based on a specific study, the fractions may be different if another group of patients are examined. Sometimes, no information on frequency is available. In these cases, the sign or symptom may be rare or common.","What are the signs and symptoms of Keratosis follicularis spinulosa decalvans? The Human Phenotype Ontology provides the following list of signs and symptoms for Keratosis follicularis spinulosa decalvans. If the information is available, the table below includes how often the symptom is seen in people with this condition. You can use the MedlinePlus Medical Dictionary to look up the definitions for these medical terms. Signs and Symptoms Approximate number of patients (when available) Abnormality of the skin 90% Alopecia 90% Hypertrichosis 90% Hypopigmentation of hair 90% Nystagmus 90% Optic atrophy 90% Seizures 90% Strabismus 90% Visual impairment 90% Autosomal recessive inheritance - Cleft palate - Congenital absence of nipples - Depilation - Epicanthus - Hair loss - Keratoacanthoma - Keratosis pilaris - Nail dystrophy - Osteomyelitis - Pterygium - Short stature - Sporadic - The Human Phenotype Ontology (HPO) has collected information about these signs and symptoms in people with",15.02444248899883
What causes Transposition of the great arteries ?,"What causes transposition of the great arteries (TGA)? The exact cause of TGA remains unknown. Some possible associated risk factors that have been proposed include gestational diabetes mellitus, maternal exposure to rodenticides and herbicides, and maternal use of anti-epileptic drugs. Changes (mutations) in specific genes including the GDF1, CFC1 and MED13L (also called THRAP2) genes have been implicated in only a small minority of TGA cases.",What causes transposition of the great arteries? The exact cause of TGA is unknown. It may be due to a combination of genetic and environmental factors that affect fetal development in utero.,2.259599723000065
What is (are) Diabetic Retinopathy ?,"National Eye Institute National Institutes of Health 2020 Vision Place Bethesda, MD 20892-3655 301-496-5248 E-mail: 2020@nei.nih.gov www.nei.nih.gov Find eye health organizations that address diabetic eye disease.","Diabetes can cause a number of eye problems, including diabetic retinopathy. This condition occurs when diabetes damages the blood vessels in the retina. The retina is the light-sensitive tissue at the back of the eye that senses light and color. If left untreated, diabetic retinopathy can lead to blindness. However, if treated early enough, it may be reversed or slowed down.",4.504801937000593
What are the genetic changes related to 17-beta hydroxysteroid dehydrogenase 3 deficiency ?,"Mutations in the HSD17B3 gene cause 17-beta hydroxysteroid dehydrogenase 3 deficiency. The HSD17B3 gene provides instructions for making an enzyme called 17-beta hydroxysteroid dehydrogenase 3. This enzyme is active in the testes, where it helps to produce testosterone from a precursor hormone called androstenedione. Mutations in the HSD17B3 gene result in a 17-beta hydroxysteroid dehydrogenase 3 enzyme with little or no activity, reducing testosterone production. A shortage of testosterone affects the development of the reproductive tract in the male fetus, resulting in the abnormalities in the external sex organs that occur in 17-beta hydroxysteroid dehydrogenase 3 deficiency. At puberty, conversion of androstenedione to testosterone increases in various tissues of the body through processes involving other enzymes. The additional testosterone results in the development of male secondary sex characteristics in adolescents, including those with 17-beta dehydrogenase 3 deficiency. A portion of the androstenedione is also converted to the female sex hormone estrogen. Since impairment of the conversion to testosterone in this disorder results in excess androstenedione in the body, a corresponding excess of estrogen may be produced, leading to breast enlargement in some affected individuals.","Mutations in the HSD3B3 gene cause 17-beta hydroxysteroid dehydrogenase 3 deficiency. The protein produced from this gene is a key enzyme that converts androgens (male sex hormones) into estrogens (female sex hormones). This conversion process is essential for normal development of male reproductive organs, secondary sexual characteristics, and other aspects of male physiology. Mutations in the HSD3B3 gene prevent the production of functional HSD3B3 protein or result in an abnormal form of the protein that cannot perform its function properly. As a result, androgen levels remain high throughout life, leading to the signs and symptoms of 17-beta hydroxysteroid dehydrogenase 3 deficiency.",8.868151067999861
Do you have information about Patient Rights,"Summary : As a patient, you have certain rights. Some are guaranteed by federal law, such as the right to get a copy of your medical records, and the right to keep them private. Many states have additional laws protecting patients, and healthcare facilities often have a patient bill of rights. An important patient right is informed consent. This means that if you need a treatment, your health care provider must give you the information you need to make a decision. Many hospitals have patient advocates who can help you if you have problems. Many states have an ombudsman office for problems with long term care. Your state's department of health may also be able to help.","Summary : As a patient, you have rights. These are the things that doctors and other health care providers must do for you. They include: - Treating you with respect and dignity - Not doing anything to hurt you - Keeping your personal information private - Giving you accurate medical information You also have responsibilities as a patient. For example, you should tell your doctor if you're allergic to any medicines or have had an adverse reaction in the past. If you don't want to be treated by a particular doctor, let him know right away. You can ask questions about treatment options and costs. And you should follow all of your doctor's instructions. NIH: National Library of Medicine",7.892471430001024
Is Beta-thalassemia inherited ?,"How is beta-thalassemia inherited? Beta-thalassemia major and beta-thalassemia intermedia are usually inherited in an autosomal recessive manner, which means both copies of the HBB gene in each cell have mutations. The parents of a person with an autosomal recessive condition each carry one copy of the mutated gene and are referred to as carriers. When two carriers have children, each child has a 25% (1 in 4) chance to be affected, a 50% (1 in 2) chance to be a carrier like each parent, and a 25% (1 in 4) chance to be unaffected and not be a carrier. Sometimes, people with only one HBB gene mutation in each cell (carriers) do have mild anemia. These people are said to have 'beta-thalassemia minor' or 'beta-thalassemia trait.' In a small percentage of families, the condition is inherited in an autosomal dominant manner. In these cases, one mutated copy of the gene in each cell is enough to cause the signs and symptoms of beta-thalassemia.","How is beta-thalassemia inherited? Beta-thalassemia is inherited in an autosomal recessive manner. This means that to be affected, a person must have a change (mutation) in the gene for each of their cells. The parents of an individual with an autosomal recessive condition each carry one copy of the mutated gene, but they typically do not show signs and symptoms of the condition.",4.984096050999142
What are the symptoms of Acrodermatitis enteropathica ?,"What are the signs and symptoms of Acrodermatitis enteropathica? The Human Phenotype Ontology provides the following list of signs and symptoms for Acrodermatitis enteropathica. If the information is available, the table below includes how often the symptom is seen in people with this condition. You can use the MedlinePlus Medical Dictionary to look up the definitions for these medical terms. Signs and Symptoms Approximate number of patients (when available) Abnormal blistering of the skin 90% Abnormality of the eyebrow 90% Alopecia 90% Cerebral cortical atrophy 90% Diarrhea 90% Dry skin 90% Malabsorption 90% Pustule 90% Short stature 90% Abnormality of the fingernails 50% Abnormality of the toenails 50% Cheilitis 50% Furrowed tongue 50% Glossitis 50% Inflammatory abnormality of the eye 50% Photophobia 50% Skin ulcer 50% Anorexia 7.5% Corneal erosion 7.5% Visual impairment 7.5% Weight loss 7.5% Alopecia of scalp - Ataxia - Autosomal recessive inheritance - Decreased taste sensation - Decreased testicular size - Decreased testosterone in males - Emotional lability - Failure to thrive - Hepatomegaly - Hypogonadism - Impaired T cell function - Infantile onset - Irritability - Lethargy - Low alkaline phosphatase - Paronychia - Poor appetite - Recurrent candida infections - Splenomegaly - Tremor - The Human Phenotype Ontology (HPO) has collected information on how often a sign or symptom occurs in a condition. Much of this information comes from Orphanet, a European rare disease database. The frequency of a sign or symptom is usually listed as a rough estimate of the percentage of patients who have that feature. The frequency may also be listed as a fraction. The first number of the fraction is how many people had the symptom, and the second number is the total number of people who were examined in one study. For example, a frequency of 25/25 means that in a study of 25 people all patients were found to have that symptom. Because these frequencies are based on a specific study, the fractions may be different if another group of patients are examined. Sometimes, no information on frequency is available. In these cases, the sign or symptom may be rare or common.","What are the signs and symptoms of Acrodermatitis enteropathica? The Human Phenotype Ontology provides the following list of signs and symptoms for Acrodermatitis enteropathica. If the information is available, the table below includes how often the symptom is seen in people with this condition. You can use the MedlinePlus Medical Dictionary to look up the definitions for these medical terms. Signs and Symptoms Approximate number of patients (when available) Abnormality of the skin 90% Alopecia 90% Anemia 90% Arrhythmia 90% Ataxia 90% Cataract 90% Cutaneous ulcer 90% Diabetes mellitus 90% Dry skin 90% Hypertrichosis 90% Hypertension 90% Incoordination 90% Joint swelling 90% Muscular hypotonia 90% Nystagmus 90% Osteoporosis 90% Paresthesias 90% Seizures 90% Short stature 90% Strabismus 90% Tremor 90% Urticaria 90% Visceral ang",14.63592416999927
"What is (are) Periodic fever, aphthous stomatitis, pharyngitis and adenitis ?","Periodic fever, aphthous stomatitis, pharyngitis, cervical adenitis (PFAPA) is a periodic disease, which is a heterogeneous group of disorders characterized by short episodes of illness that regularly recur for several years alternated with healthy periods. PFAPA is characterized by high fevers lasting three to six days and recurring every 21 to 28 days, accompanied by some or all of the signs noted in its name, namely mouth sores (aphthous stomatitis), sore throat (pharyngitis), and enlarged lymph nodes (cervical adenitis). The syndrome usually occurs in children younger than five years; although it has been reported in children up to 13 years. The syndrome is sporadic and non-hereditary. The course of PFAPA can be persistent for years before spontaneous, full resolution.","Periodic fever, aphthous stomatitis, pharyngitis and adenitis (PFAPA syndrome), also known as recurrent infectious mononucleosis or acute infectious mononucleosis with periodic fever, is a condition characterized by recurrent episodes of fever lasting 1-2 weeks. The episodes are followed by painful mouth sores (aphthous stomatitis), inflammation in the throat (pharyngitis), swollen lymph nodes (adenitis), and/or arthritis. PFAPA syndrome can be caused by Epstein-Barr virus infection, but it may also occur without any apparent cause. It is not contagious. There is no specific treatment for this disorder; however, rest, fluids, and pain relievers may help relieve symptoms during an episode.",8.636680619001709
What are the treatments for Lupus Nephritis ?,"Lupus nephritis is treated with medications that suppress the immune system, so it stops attacking and damaging the kidneys. Standard treatment includes a corticosteroid, usually prednisone, to reduce inflammation in the kidneys. An immunosuppressive medication, such as cyclophosphamide or mycophenolate mofetil, is typically used with prednisone. These medicationswhen taken as prescribed by a health care providerfurther decrease the activity of the immune system and block the bodys immune cells from attacking the kidneys directly or making antibodies that attack the kidneys. Antibodies are proteins made by the immune system to protect the body from foreign substances such as bacteria or viruses. Hydroxychloroquine, a medication for treating SLE, should also be prescribed or continued for people with lupus nephritis. People with lupus nephritis that is causing high blood pressure may need to take medications that lower their blood pressure and can also significantly slow the progression of kidney disease. Two types of blood pressure lowering medications, angiotensin-converting enzyme (ACE) inhibitors and angiotensin receptor blockers (ARBs), have proven effective in slowing the progression of kidney disease. Many people require two or more medications to control their blood pressure. In addition to an ACE inhibitor or an ARB, a diuretica medication that helps the kidneys remove fluid from the bodymay be prescribed. Beta blockers, calcium channel blockers, and other blood pressure medications may also be needed. Blood pressure is written with two numbers separated by a slash, 120/80, and is said as 120 over 80. The top number is called the systolic pressure and represents the pressure as the heart beats and pushes blood through the blood vessels. The bottom number is called the diastolic pressure and represents the pressure as blood vessels relax between heartbeats. High blood pressure is a systolic pressure of 140 or above or a diastolic pressure of 90 or above.2","Treatment of lupus nephritis depends on the severity and stage of kidney disease. The goal is to slow or stop damage to the kidneys, prevent complications, and improve quality of life. Treatment may include - Blood pressure medicines - Diuretics (water pills) - Angiotensin-converting enzyme (ACE) inhibitors - Angiotensin II receptor blockers (ARBs) - Nonsteroidal anti-inflammatory drugs (NSAIDs) - Corticosteroids - Immunosuppressive agents - Dialysis - Kidney transplant",6.0232527919997665
What is (are) Myhre syndrome ?,"Myhre syndrome is a condition with features affecting many systems and functions of the body. People with Myhre syndrome usually have delayed development of language and motor skills such as crawling and walking. Most have intellectual disability that ranges from mild to moderate. Some have behavioral issues such as features of autism or related developmental disorders affecting communication and social interaction. People with Myhre syndrome often have hearing loss, which can be caused by changes in the inner ear (sensorineural deafness), changes in the middle ear (conductive hearing loss), or both (mixed hearing loss). Growth is reduced in people with this disorder, beginning before birth and continuing through adolescence. Affected individuals have a low birth weight and are generally shorter than about 97 percent of their peers throughout life. People with Myhre syndrome typically have stiffness of the skin and are usually described as having a muscular appearance. Skeletal abnormalities associated with this disorder include thickening of the skull bones, flattened bones of the spine (platyspondyly), broad ribs, underdevelopment of the winglike structures of the pelvis (hypoplastic iliac wings), and unusually short fingers and toes (brachydactyly). Affected individuals often have joint problems (arthropathy), including stiffness and limited mobility. Typical facial features in people with Myhre syndrome include narrow openings of the eyelids (short palpebral fissures), a shortened distance between the nose and upper lip (a short philtrum), a sunken appearance of the middle of the face (midface hypoplasia), a small mouth with a thin upper lip, and a protruding jaw (prognathism). Some affected individuals also have an opening in the roof of the mouth (a cleft palate), a split in the lip (a cleft lip), or both. Other features that occur in some people with this disorder include constriction of the throat (laryngotracheal stenosis), high blood pressure (hypertension), heart or eye abnormalities, and in males, undescended testes (cryptorchidism). A disorder sometimes called laryngotracheal stenosis, arthropathy, prognathism, and short stature (LAPS) syndrome is now generally considered to be the same condition as Myhre syndrome because it has similar symptoms and the same genetic cause.","Myhre syndrome is a disorder that affects many parts of the body. The signs and symptoms vary widely among affected individuals, even within families with an autosomal dominant pattern of inheritance. Most people with this condition have distinctive facial features including a prominent forehead; a broad nasal bridge; a wide mouth; and large ears. Other common features include short stature, low hairline at the back of the skull (occipital), and webbing or fusion of certain fingers or toes (syndactyly). Some affected individuals also have heart defects such as ventricular septal defect, atrial septal defect, or patent ductus arteriosus. In addition to these structural abnormalities, some people with myhre syndrome have intellectual disability, seizures, behavioral problems, and/or delayed development of speech and motor skills. Less commonly, affected individuals have kidney abnormalities, eye abnormalities, skeletal abnormalities, or hearing loss.",10.396125769999344
What are the symptoms of Alpha-mannosidosis type 1 ?,"What are the signs and symptoms of Alpha-mannosidosis type 1? The Human Phenotype Ontology provides the following list of signs and symptoms for Alpha-mannosidosis type 1. If the information is available, the table below includes how often the symptom is seen in people with this condition. You can use the MedlinePlus Medical Dictionary to look up the definitions for these medical terms. Signs and Symptoms Approximate number of patients (when available) Abnormality of the tongue 90% Cataract 90% Coarse facial features 90% Cognitive impairment 90% Craniofacial hyperostosis 90% Delayed skeletal maturation 90% Depressed nasal bridge 90% Hearing impairment 90% Hepatomegaly 90% Opacification of the corneal stroma 90% Skeletal dysplasia 90% Splenomegaly 90% Type II diabetes mellitus 90% Abnormality of the helix 50% Abnormality of the hip bone 50% Abnormality of the palate 50% Bowing of the long bones 50% Dental malocclusion 50% Gingival overgrowth 50% Hernia of the abdominal wall 50% Hypertelorism 50% Kyphosis 50% Macrotia 50% Muscular hypotonia 50% Otitis media 50% Prominent supraorbital ridges 50% Scoliosis 50% Short neck 50% Arthritis 7.5% Aseptic necrosis 7.5% Hallucinations 7.5% Increased intracranial pressure 7.5% Macrocephaly 7.5% Mandibular prognathia 7.5% Recurrent respiratory infections 7.5% Synostosis of joints 7.5% Abnormality of the rib cage - Autosomal recessive inheritance - Babinski sign - Broad forehead - Cerebellar atrophy - Decreased antibody level in blood - Depressed nasal ridge - Dysarthria - Dysostosis multiplex - Epicanthus - Femoral bowing - Flat occiput - Frontal bossing - Gait ataxia - Growth delay - Hyperreflexia - Hypertrichosis - Hypoplasia of midface - Impaired smooth pursuit - Increased vertebral height - Inguinal hernia - Intellectual disability - Limb ataxia - Low anterior hairline - Macroglossia - Malar flattening - Nystagmus - Pectus carinatum - Progressive retinal degeneration - Recurrent bacterial infections - Sensorineural hearing impairment - Spasticity - Spinocerebellar tract disease in lower limbs - Spondylolisthesis - Thick eyebrow - Thickened calvaria - Thoracolumbar kyphosis - Vacuolated lymphocytes - Widely spaced teeth - The Human Phenotype Ontology (HPO) has collected information on how often a sign or symptom occurs in a condition. Much of this information comes from Orphanet, a European rare disease database. The frequency of a sign or symptom is usually listed as a rough estimate of the percentage of patients who have that feature. The frequency may also be listed as a fraction. The first number of the fraction is how many people had the symptom, and the second number is the total number of people who were examined in one study. For example, a frequency of 25/25 means that in a study of 25 people all patients were found to have that symptom. Because these frequencies are based on a specific study, the fractions may be different if another group of patients are examined. Sometimes, no information on frequency is available. In these cases, the sign or symptom may be rare or common.","What are the signs and symptoms of Alpha-mannosidosis type 1? The Human Phenotype Ontology provides the following list of signs and symptoms for Alpha-mannosidosis type 1. If the information is available, the table below includes how often the symptom is seen in people with this condition. You can use the MedlinePlus Medical Dictionary to look up the definitions for these medical terms. Signs and Symptoms Approximate number of patients (when available) Abnormality of metabolism/homeostasis - Autosomal recessive inheritance - Cerebral calcification - Decreased serum uric acid - Developmental regression - Epilepsy - Failure to thrive - Growth delay - Hyperuricemia - Intellectual disability - Lethargy - Microcephaly - Muscular hypotonia - Nystagmus - Ophthalmoplegia - Optic atrophy - Progressive cerebellar dysfunction - Seizures - Short stature - Spastic paraplegia - Tremor - Visual impairment - X-linked recessive inheritance - The Human Phenotype Ontology (HPO) has collected information on how often a sign or symptom occurs in different conditions. Much of this information comes from Orphanet, a European rare disease database. The frequency of a sign or symptom",14.55586819400014
What is (are) Lactose Intolerance ?,"Lactose intolerance is a condition in which people have digestive symptomssuch as bloating, diarrhea, and gasafter eating or drinking milk or milk products. Lactase deficiency and lactose malabsorption may lead to lactose intolerance: - Lactase deficiency. In people who have a lactase deficiency, the small intestine produces low levels of lactase and cannot digest much lactose. - Lactose malabsorption. Lactase deficiency may cause lactose malabsorption. In lactose malabsorption, undigested lactose passes to the colon. The colon, part of the large intestine, absorbs water from stool and changes it from a liquid to a solid form. In the colon, bacteria break down undigested lactose and create fluid and gas. Not all people with lactase deficiency and lactose malabsorption have digestive symptoms. People have lactose intolerance when lactase deficiency and lactose malabsorption cause digestive symptoms. Most people with lactose intolerance can eat or drink some amount of lactose without having digestive symptoms. Individuals vary in the amount of lactose they can tolerate. People sometimes confuse lactose intolerance with a milk allergy. While lactose intolerance is a digestive system disorder, a milk allergy is a reaction by the bodys immune system to one or more milk proteins. An allergic reaction to milk can be life threatening even if the person eats or drinks only a small amount of milk or milk product. A milk allergy most commonly occurs in the first year of life, while lactose intolerance occurs more often during adolescence or adulthood.1,2 Four Types of Lactase Deficiency Four types of lactase deficiency may lead to lactose intolerance: - Primary lactase deficiency, also called lactase nonpersistence, is the most common type of lactase deficiency. In people with this condition, lactase production declines over time. This decline often begins at about age 2; however, the decline may begin later. Children who have lactase deficiency may not experience symptoms of lactose intolerance until late adolescence or adulthood. Researchers have discovered that some people inherit genes from their parents that may cause a primary lactase deficiency. - Secondary lactase deficiency results from injury to the small intestine. Infection, diseases, or other problems may injure the small intestine. Treating the underlying cause usually improves the lactose tolerance. - Developmental lactase deficiency may occur in infants born prematurely. This condition usually lasts for only a short time after they are born. - Congenital lactase deficiency is an extremely rare disorder in which the small intestine produces little or no lactase enzyme from birth. Genes inherited from parents cause this disorder.","Lactose intolerance occurs when the body cannot digest lactose, a sugar found in milk and other dairy products. Most people are born with an enzyme called lactase that breaks down lactose into two simpler sugars: glucose and galactose. Glucose can be used by cells for energy; galactose is stored as glycogen in the liver and muscles. If you do not have enough of this enzyme to break down all of the lactose in your diet, it passes through your digestive system undigested. This causes symptoms such as abdominal pain, bloating, gas, diarrhea, or constipation. The severity of these symptoms depends on how much lactose you consume and how well your body digests it. Some people may experience mild discomfort after drinking a glass of milk but will tolerate yogurt without problem. Others may need to avoid all dairy products. Lactose intolerance varies from person to person. It usually begins during childhood and worsens over time. In some cases, however, adults develop lactose intolerance later in life. Causes of lactose intolerance include - Genetic factors - A lack of lactase production due to genetic factors - Age-related changes in the small intestine - Aging affects the way the small intestine works - Diseases affecting the small intestine - Crohn's",14.596451890000026
What are the treatments for Hereditary cerebral hemorrhage with amyloidosis ?,"How might hereditary cerebral hemorrhage with amyloidosis - Dutch type be treated? There is no known effective treatment for hereditary cerebral hemorrhage with amyloidosis - Dutch type. Treatment is supportive and based on the control of symptoms. In some cases, rehabilitation is needed for weakness or clumsiness. This can include physical, occupational, or speech therapy. Occasionally, some patients are good candidates for medications that can help improve memory. The management of intracranial hemorrhage (ICH) related to hereditary cerebral hemorrhage with amyloidosis - Dutch type is identical to the standard management of ICH. The main objectives include reversing anticoagulation, managing intracranial pressure, and preventing complications.","How might hereditary cerebral hemorrhage with amyloidosis be treated? There is no cure or specific treatment for HCA. Treatment of symptoms may include: - Anticoagulants to prevent blood clots - Antiplatelet drugs (e.g., aspirin) to reduce risk of stroke - Medications to treat seizures - Surgery to remove a brain tumor, if present",4.296767653999268
"How many people are affected by X-linked intellectual disability, Siderius type ?","While X-linked intellectual disability of all types and causes is relatively common, with a prevalence of 1 in 600 to 1,000 males, the prevalence of the Siderius type is unknown. Only a few affected families have been described in the scientific literature.",The prevalence of XLD-S is unknown. At least 100 cases have been reported worldwide.,1.2369283139996696
What are the symptoms of Noonan syndrome ?,"What are the signs and symptoms of Noonan syndrome? The Human Phenotype Ontology provides the following list of signs and symptoms for Noonan syndrome. If the information is available, the table below includes how often the symptom is seen in people with this condition. You can use the MedlinePlus Medical Dictionary to look up the definitions for these medical terms. Signs and Symptoms Approximate number of patients (when available) Abnormality of the helix 90% Abnormality of the nipple 90% Abnormality of the palate 90% Abnormality of the pulmonary artery 90% Abnormality of the pulmonary valve 90% Aplasia/Hypoplasia of the abdominal wall musculature 90% Cystic hygroma 90% Enlarged thorax 90% High forehead 90% Hypertelorism 90% Joint hypermobility 90% Low-set, posteriorly rotated ears 90% Malar flattening 90% Muscle weakness 90% Neurological speech impairment 90% Pectus carinatum 90% Pectus excavatum 90% Proptosis 90% Ptosis 90% Short stature 90% Thick lower lip vermilion 90% Thickened nuchal skin fold 90% Triangular face 90% Webbed neck 90% Abnormal dermatoglyphics 50% Abnormality of coagulation 50% Abnormality of the spleen 50% Abnormality of thrombocytes 50% Arrhythmia 50% Coarse hair 50% Cryptorchidism 50% Delayed skeletal maturation 50% Feeding difficulties in infancy 50% Hepatomegaly 50% Low posterior hairline 50% Muscular hypotonia 50% Scoliosis 50% Strabismus 50% Intellectual disability 25% Abnormal hair quantity 7.5% Brachydactyly syndrome 7.5% Clinodactyly of the 5th finger 7.5% Hypogonadism 7.5% Lymphedema 7.5% Melanocytic nevus 7.5% Nystagmus 7.5% Radioulnar synostosis 7.5% Sensorineural hearing impairment 7.5% Abnormal bleeding - Amegakaryocytic thrombocytopenia - Atria septal defect - Autosomal dominant inheritance - Clinodactyly - Coarctation of aorta - Cubitus valgus - Dental malocclusion - Epicanthus - Failure to thrive in infancy - Heterogeneous - High palate - Hypertrophic cardiomyopathy - Kyphoscoliosis - Male infertility - Myopia - Neurofibrosarcoma - Patent ductus arteriosus - Pectus excavatum of inferior sternum - Postnatal growth retardation - Pulmonic stenosis - Radial deviation of finger - Reduced factor XII activity - Reduced factor XIII activity - Shield chest - Short neck - Superior pectus carinatum - Synovitis - Ventricular septal defect - The Human Phenotype Ontology (HPO) has collected information on how often a sign or symptom occurs in a condition. Much of this information comes from Orphanet, a European rare disease database. The frequency of a sign or symptom is usually listed as a rough estimate of the percentage of patients who have that feature. The frequency may also be listed as a fraction. The first number of the fraction is how many people had the symptom, and the second number is the total number of people who were examined in one study. For example, a frequency of 25/25 means that in a study of 25 people all patients were found to have that symptom. Because these frequencies are based on a specific study, the fractions may be different if another group of patients are examined. Sometimes, no information on frequency is available. In these cases, the sign or symptom may be rare or common.","What are the signs and symptoms of Noonan syndrome? The Human Phenotype Ontology provides the following list of signs and symptoms for Noonan syndrome. If the information is available, the table below includes how often the symptom is seen in people with this condition. You can use the MedlinePlus Medical Dictionary to look up the definitions for these medical terms. Signs and Symptoms Approximate number of patients (when available) Abnormality of chromosome segregation 90% Aplasia/Hypoplasia of the corpus callosum 90% Cleft palate 90% Cognitive impairment 90% Congenital heart defect 90% Developmental regression 90% Hypertelorism 90% Low-set, posteriorly rotated ears 90% Muscular hypotonia 90% Nystagmus 90% Optic atrophy 90% Short stature 90% Sensorineural hearing impairment 90% Seizures 90% Short palm 90% Short thumb 90% Short toe 90% Strabismus 90% Ventricular septal defect 90% Wide nasal bridge 90% Abdominal hernia 50",14.603146989999004
What causes Bell's palsy ?,What causes Bell's palsy?,"What causes Bell's palsy? The exact cause of Bell's palsy is unknown. However, it has been suggested that the condition may be caused by a viral infection or an autoimmune disorder in which the body's immune system mistakenly attacks its own tissues and cells. In some cases, Bell's palsy occurs after surgery, trauma to the head or neck, or exposure to cold temperatures.",4.516658849999658
What are the treatments for Hereditary angioedema ?,"How might hereditary angioedema be treated? Medical treatment of hereditary angioedema (HAE) consists of preventing attacks and managing acute attacks once they occur. During attacks, patients may require respiratory support. They also may require large amounts of intravenous fluids to maintain hemodynamic stability. Until recently, no effective agent for acute attacks existed in the United States. Now, however, several agents have been approved, and others are in the midst of the U.S. Food and Drug Administration (FDA) approval process. In October 2008, the US FDA approved the use of C1-INH (Cinryze) for prophylaxis to prevent attacks. In October 2009, the FDA approved C1-INH (Berinert) for the treatment of acute abdominal and facial angioedema attacks in adolescents and adults with HAE.In December 2009, ecallantide (Kalbitor), a kallikrein inhibitor, was approved for the treatment of acute attacks. In August 2011, the FDA approved Firazyr (icatibant) Injection for the treatment of acute attacks in people ages 18 years and older. Firazyr can be self-administered through an injection in the abdominal area so patients can treat themselves when they realize they are having an HAE attack. An article from the eMedicine Journal provides more detailed information on these medications and other methods of treating HAE at the following link. You may need to register to view the article, but registration is free. http://emedicine.medscape.com/article/135604-treatment The US Hereditary Angioedema Association also provides additional information about treatment of HAE. http://www.haea.org/treating-hae/treatments/ Orphanet, a database dedicated to information on rare diseases and orphan drugs, provides guidelines regarding emergency management of hereditary angioedema at the following link. http://www.orpha.net/consor/cgi-bin/Disease_Emergency.php?lng=EN&stapage=FICHE_URGENCE_A1","How might hereditary angioedema be treated? Treatment of hereditary angioedema (HAE) is based on the severity and frequency of attacks. Mild cases may not require treatment, while severe cases may need to be treated with medications such as antihistamines or corticosteroids. In some cases, a person may have an allergic reaction that requires immediate medical attention.",4.6391413979999925
Who is at risk for Arrhythmia? ?,"Arrhythmias are very common in older adults. Atrial fibrillation (a common type of arrhythmia that can cause problems) affects millions of people, and the number is rising. Most serious arrhythmias affect people older than 60. This is because older adults are more likely to have heart disease and other health problems that can lead to arrhythmias. Older adults also tend to be more sensitive to the side effects of medicines, some of which can cause arrhythmias. Some medicines used to treat arrhythmias can even cause arrhythmias as a side effect. Some types of arrhythmia happen more often in children and young adults. Paroxysmal supraventricular tachycardia (PSVT), including Wolff-Parkinson-White syndrome, is more common in young people. PSVT is a fast heart rate that begins and ends suddenly. Major Risk Factors Arrhythmias are more common in people who have diseases or conditions that weaken the heart, such as: Heart attack Heart failure or cardiomyopathy, which weakens the heart and changes the way electrical signals move through the heart Heart tissue that's too thick or stiff or that hasn't formed normally Leaking or narrowed heart valves, which make the heart work too hard and can lead to heart failure Congenital heart defects (defects present at birth) that affect the heart's structure or function Other conditions also can raise the risk for arrhythmias, such as: High blood pressure Infections that damage the heart muscle or the sac around the heart Diabetes, which increases the risk of high blood pressure and coronary heart disease Sleep apnea, which can stress the heart because the heart doesn't get enough oxygen An overactive or underactive thyroid gland (too much or too little thyroid hormone in the body) Several other risk factors also can raise your risk for arrhythmias. Examples include heart surgery, certain drugs (such as cocaine or amphetamines), or an imbalance of chemicals or other substances (such as potassium) in the bloodstream.","Arrhythmias can affect people of all ages. However, some types are more common in certain groups: - Children and adolescents have a higher incidence of arrhythmias than adults do. This may be because children and adolescents are growing and developing. Some arrhythmias that occur during childhood or adolescence will go away as the child or adolescent grows up. - Older adults are more likely to develop arrhythmias. The most common type of arrhythmia among older adults is atrial fibrillation (AFib). AFib occurs when the upper chambers of the heart beat irregularly and too fast. As a result, blood doesn't fully fill the chambers before they contract again. Blood tends to pool in these chambers instead of flowing out into the body. Over time, pooling blood can lead to clots. Clots can break loose and travel through the bloodstream to the brain. When a clot reaches the brain, it can block blood flow and cause a stroke. - Women are more likely than men to have an arrhythmia called supraventricular tachycardia (SVT), which causes rapid heartbeat. SVT usually isn't life-threatening but can make you feel tired and weak. - People with diabetes are more likely to have arrhythmias than those without",14.524921180000092
How many people are affected by epidermolysis bullosa simplex ?,"The exact prevalence of epidermolysis bullosa simplex is unknown, but this condition is estimated to affect 1 in 30,000 to 50,000 people. The localized type is the most common form of the condition.",Epidermolysis bullosa simplex is a rare disorder; its exact prevalence is unknown.,1.1364161130004504
How to diagnose Dumping Syndrome ?,"A health care provider will diagnose dumping syndrome primarily on the basis of symptoms. A scoring system helps differentiate dumping syndrome from other GI problems. The scoring system assigns points to each symptom and the total points result in a score. A person with a score above 7 likely has dumping syndrome. The following tests may confirm dumping syndrome and exclude other conditions with similar symptoms: - A modified oral glucose tolerance test checks how well insulin works with tissues to absorb glucose. A health care provider performs the test during an office visit or in a commercial facility and sends the blood samples to a lab for analysis. The person should fasteat or drink nothing except waterfor at least 8 hours before the test. The health care provider will measure blood glucose concentration, hematocritthe amount of red blood cells in the bloodpulse rate, and blood pressure before the test begins. After the initial measurements, the person drinks a glucose solution. The health care provider repeats the initial measurements immediately and at 30-minute intervals for up to 180 minutes. A health care provider often confirms dumping syndrome in people with - low blood sugar between 120 and 180 minutes after drinking the solution - an increase in hematocrit of more than 3 percent at 30 minutes - a rise in pulse rate of more than 10 beats per minute after 30 minutes - A gastric emptying scintigraphy test involves eating a bland mealsuch as eggs or an egg substitutethat contains a small amount of radioactive material. A specially trained technician performs this test in a radiology center or hospital, and a radiologista doctor who specializes in medical imaginginterprets the results. Anesthesia is not needed. An external camera scans the abdomen to locate the radioactive material. The radiologist measures the rate of gastric emptying at 1, 2, 3, and 4 hours after the meal. The test can help confirm a diagnosis of dumping syndrome. - An upper GI endoscopy involves using an endoscopea small, flexible tube with a lightto see the upper GI tract. A gastroenterologista doctor who specializes in digestive diseasesperforms the test at a hospital or an outpatient center. The gastroenterologist carefully feeds the endoscope down the esophagus and into the stomach and duodenum. A small camera mounted on the endoscope transmits a video image to a monitor, allowing close examination of the intestinal lining. A person may receive general anesthesia or a liquid anesthetic that is gargled or sprayed on the back of the throat. If the person receives general anesthesia, a health care provider will place an intravenous (IV) needle in a vein in the arm. The test may show ulcers, swelling of the stomach lining, or cancer. - An upper GI series examines the small intestine. An x-ray technician performs the test at a hospital or an outpatient center and a radiologist interprets the images. Anesthesia is not needed. No eating or drinking is allowed before the procedure, as directed by the health care staff. During the procedure, the person will stand or sit in front of an x-ray machine and drink barium, a chalky liquid. Barium coats the small intestine, making signs of a blockage or other complications of gastric surgery show up more clearly on x rays.","A health care provider diagnoses dumping syndrome based on a medical history, physical exam, and test results. A health care provider may use one or more of the following tests to help diagnose dumping syndrome: - blood glucose level test - gastric emptying scan - oral glucose tolerance test (OGTT) Blood Glucose Level Test The blood glucose level test measures how much sugar is in the blood at certain times during the day. For this test, a health care provider draws blood from a vein in your arm and sends it to a laboratory for analysis. During the test, you will fast for 8 hours before having blood drawn. You then eat a meal that contains about 75 grams of carbohydrates. After eating, you will have blood drawn every hour for up to 3 hours. Your health care provider can compare the levels of glucose in your blood with normal values to determine whether you have dumping syndrome. Gastric Emptying Scan A gastric emptying scan shows how quickly food moves through the stomach and small intestine. For this test, you drink a liquid containing radioactive material. As the liquid passes through your digestive tract, a special camera takes pictures of its movement. These images are called an upper gastrointestinal series (UGI). An upper GI series usually includes x-rays taken after each",14.465372585000296
What is (are) Dermatofibrosarcoma protuberans ?,"Dermatofibrosarcoma protuberans is an uncommon cancer in which tumors arise in the deeper layers of skin. The tumor usually starts as a small, firm patch of skin; it may be purplish, reddish, or flesh-colored. It is commonly found on the torso, usually in the shoulder and chest area. The tumor typically grows slowly but has a tendency to recur after being removed. It rarely spreads to other parts of the body. The cause of DFSP is unknown, but injury to the affected skin may be a predisposing factor. Treatment usually involves surgically removing the tumor. If the tumor is unable to be removed completely, additional therapy may be needed. Regular follow-up is important to monitor for recurrence.","Dermatofibrosarcoma protuberans (DFSP) is a rare type of soft tissue sarcoma that occurs most often in middle-aged adults. It usually begins as small, painless bumps on the skin and grows slowly over months to years. DFSP can spread to other parts of the body, but it rarely causes death. The exact cause of DFSP is unknown. However, some researchers believe that genetic factors may play a role. Treatment typically involves surgery to remove the tumor(s). In some cases, radiation therapy or chemotherapy may be used after surgery.",6.515985906000424
Do you have information about Smokeless Tobacco,"Summary : Many people who chew tobacco or dip snuff think it's safer than smoking. But you don't have to smoke tobacco for it to be dangerous. Chewing or dipping carries risks like - Cancer of the mouth - Decay of exposed tooth roots - Pulling away of the gums from the teeth - White patches or red sores in the mouth that can turn to cancer Recent research shows the dangers of smokeless tobacco may go beyond the mouth. It might also play a role in other cancers, heart disease and stroke. Smokeless tobacco contains more nicotine than cigarettes. Nicotine is a highly addictive drug that makes it hard to stop using tobacco once you start. Having a quit date and a quitting plan can help you stop successfully. NIH: National Institute of Dental and Craniofacial Research","Summary: Smokeless tobacco is a type of chewing tobacco. It comes in two forms - spit tobacco, which is chewed and then spit out after 10 to 20 minutes; and snuff, which is sniffed through the nose. Both types are available over-the-counter or by prescription. The smoke from these products contains nicotine, tar, and other chemicals that can cause cancer and heart disease. Using them increases your risk for oral cancers such as lip, tongue, cheek, gum, and throat cancers. They also increase your risk for pancreatic cancer. If you use smokeless tobacco, it's important to know how much you're using. You should not use more than one teaspoon per day. Also, don't share your spit tobacco with others. NIH: National Cancer Institute",9.001681155999904
How many people are affected by cardiofaciocutaneous syndrome ?,Cardiofaciocutaneous syndrome is a very rare condition whose incidence is unknown. Researchers estimate that 200 to 300 people worldwide have this condition.,"The prevalence of CFCS is unknown. This condition appears to be rare worldwide, although it has been reported in several populations.",1.454034632000912
Is Chanarin-Dorfman syndrome inherited ?,"This condition is inherited in an autosomal recessive pattern, which means both copies of the gene in each cell have mutations. The parents of an individual with an autosomal recessive condition each carry one copy of the mutated gene, but they typically do not show signs and symptoms of the condition.","This condition is inherited in an autosomal recessive pattern, which means both copies of the gene in each cell have mutations. The parents of an individual with an autosomal recessive condition each carry one copy of the mutated gene, but they typically do not show signs and symptoms of the condition.",3.383794023000519
What are the treatments for Fahr's Syndrome ?,"There is no cure for Fahr's Syndrome, nor is there a standard course of treatment. Treatment addresses symptoms on an individual basis.","There is no cure for Fahr's syndrome. Treatment focuses on managing symptoms and complications of the condition. For example, a person with Fahr's syndrome may need to take calcium supplements or vitamin D to prevent bone pain and fractures. A health care provider can recommend treatment options based on each persons specific needs.",3.4143026630008535
What are the treatments for Tracheobronchomalacia ?,"How might tracheobronchomalacia be treated? Treatment is only medically necessary in people who have signs and symptoms of tracheobronchomalacia (TBM). Management of symptomatic TBM first involves identifying underlying conditions contributing to symptoms, such as chronic inflammation, compression, or injury. Initial treatment will target these underlying medical concerns. If symptoms persist, people with TBM may undergo pulmonary function tests or other assessments to help guide therapy choice and allow monitoring of the response to treatment. Treatment options may include: Silicone and/or long-term stenting Surgical correction Continuous positive airway pressure (CPAP) Tracheostomy (often used as a last resort as it can sometimes worsen TBM) We strongly recommend that you discuss your treatment options with a healthcare provider.","How might tracheobronchomalacia be treated? Treatment of tracheobronchomalacia depends on its cause and severity. In some cases, surgery may be recommended to strengthen or support the airway. For example, a surgeon can place an artificial valve in the windpipe (trachea) that will close off the airway when it collapses. Another surgical procedure involves placing a tube called a stent into the airway to keep it open. A third option is to remove the tissue that causes the collapse by using a laser or other tool to burn away the affected area. If you have mild symptoms, your doctor may recommend no treatment at all. However, if you experience frequent respiratory infections, coughing, wheezing, or shortness of breath, your doctor may prescribe medications such as bronchodilators, which relax the muscles around the airways, or corticosteroids, which reduce inflammation.",10.715781232000154
What is (are) Kidney Failure: Eat Right to Feel Right on Hemodialysis ?,"Sodium is found in salt and other foods. Most canned foods and frozen dinners contain large amounts of sodium. Too much sodium makes you thirsty. But if you drink more fluid, your heart has to work harder to pump the fluid through your body. Over time, this can cause high blood pressure and congestive heart failure. Try to eat fresh foods that are naturally low in sodium Look for products labeled low sodium. Do not use salt substitutes because they contain potassium. Talk with a dietitian about spices you can use to flavor your food. The dietitian can help you find spice blends without sodium or potassium. Talk With a Dietitian Talk with a dietitian about spices and other healthy foods you can use to flavor your diet. List them on the lines below. Spice: _____________________________ Spice: _____________________________ Spice: _____________________________ Food: _____________________________ Food: _____________________________","Hemodialysis can be a good way to feel better. But it takes some work and planning. You need to eat right, take your medicines correctly, and get enough rest. Eating the right foods will help you feel better during hemodialysis. It also helps prevent problems that might happen after dialysis. For example, eating too much protein may cause kidney stones or high blood pressure. Eating too many carbohydrates could make you tired. Here are some tips for feeling right on hemodialysis. - Talk with your dietitian about how much protein you should have each day. Protein is found in meat, fish, poultry, dairy products, eggs, nuts, beans, and soy products. Too much protein can put extra strain on your kidneys. Your dietitian will tell you how much protein you should have based on your health status and other factors. - Ask your doctor if you should avoid certain vitamins and minerals. Some people who have kidney failure need to limit their intake of vitamin D, phosphorus, potassium, calcium, iron, zinc, and magnesium. - Take your medicine as directed by your doctor. If you don't take your medicine exactly as prescribed, you won't get the full benefit from them. - Get enough sleep at night. Try to go to bed",14.493456275000426
What are the symptoms of Peutz-Jeghers syndrome ?,"What are the signs and symptoms of Peutz-Jeghers syndrome? Peutz-Jeghers syndrome (PJS) is characterized primarily by an increased risk of growths along the lining of the gastrointestinal tract (called hamartomatous polyps) and certain types of cancer. Polyps are most commonly seen in the small intestines; however, they can also develop in the stomach, large intestines and other parts of the body such as the lungs, gall bladder, nose, and urinary bladder. Although these polyps are generally benign (noncancerous), they can be associated with many health problems including anemia, chronic bleeding, bowel obstruction, and intussusception. PJS-related polyps commonly present in adolescence or early adulthood with approximately a third of affected people experiencing symptoms in the first 10 years of life. People with PJS also have a high lifetime risk of developing cancer. Cancers of the gastrointestinal tract (stomach, small intestine, and colon), breast, pancreas, cervix, ovary, uterus and lungs are among the most commonly reported tumors. Medscape reference offers more specific information regarding the risks for these cancers and the average age of onset. Please click here to view this resource. Most affected people also have characteristic dark blue to dark brown macules around the mouth, eyes, and nostrils; near the anus (perianal); and on the inside of the cheeks (buccal mucosa). These spots may also occur on the hands and feet. They commonly appear during childhood and often fade as the person gets older. The Human Phenotype Ontology provides the following list of signs and symptoms for Peutz-Jeghers syndrome. If the information is available, the table below includes how often the symptom is seen in people with this condition. You can use the MedlinePlus Medical Dictionary to look up the definitions for these medical terms. Signs and Symptoms Approximate number of patients (when available) Abnormal pigmentation of the oral mucosa 90% Hypermelanotic macule 90% Intestinal polyposis 90% Lip hyperpigmentation 90% Melanocytic nevus 90% Abdominal pain 7.5% Abnormality of nail color 7.5% Biliary tract neoplasm 7.5% Esophageal neoplasm 7.5% Gastrointestinal hemorrhage 7.5% Gastrointestinal infarctions 7.5% Gynecomastia 7.5% Intestinal obstruction 7.5% Nasal polyposis 7.5% Nausea and vomiting 7.5% Neoplasm of the breast 7.5% Neoplasm of the colon 7.5% Neoplasm of the lung 7.5% Neoplasm of the pancreas 7.5% Neoplasm of the rectum 7.5% Neoplasm of the small intestine 7.5% Neoplasm of the stomach 7.5% Ovarian neoplasm 7.5% Renal neoplasm 7.5% Testicular neoplasm 7.5% Uterine neoplasm 7.5% Abnormality of the mouth - Abnormality of the ureter - Autosomal dominant inheritance - Biliary tract abnormality - Breast carcinoma - Clubbing of fingers - Gastrointestinal carcinoma - Hamartomatous polyposis - Intestinal bleeding - Intussusception - Iron deficiency anemia - Ovarian cyst - Precocious puberty with Sertoli cell tumor - Rectal prolapse - The Human Phenotype Ontology (HPO) has collected information on how often a sign or symptom occurs in a condition. Much of this information comes from Orphanet, a European rare disease database. The frequency of a sign or symptom is usually listed as a rough estimate of the percentage of patients who have that feature. The frequency may also be listed as a fraction. The first number of the fraction is how many people had the symptom, and the second number is the total number of people who were examined in one study. For example, a frequency of 25/25 means that in a study of 25 people all patients were found to have that symptom. Because these frequencies are based on a specific study, the fractions may be different if another group of patients are examined. Sometimes, no information on frequency is available. In these cases, the sign or symptom may be rare or common.","What are the signs and symptoms of Peutz-Jeghers syndrome? The Human Phenotype Ontology provides the following list of signs and symptoms for Peutz-Jeghers syndrome. If the information is available, the table below includes how often the symptom is seen in people with this condition. You can use the MedlinePlus Medical Dictionary to look up the definitions for these medical terms. Signs and Symptoms Approximate number of patients (when available) Abdominal pain 90% Aplasia/Hypoplasia of the anal cushions 90% Bleeding diathesis 90% Cystic hygroma 90% Hematuria 90% Hepatomegaly 90% Hyperpigmentation 90% Intestinal polyps 90% Lymphadenopathy 90% Malignant neoplasm of the gastrointestinal tract 90% Nausea and vomiting 90% Pancreatic cysts 90% Renal cysts 90% Splenomegaly 90% Thrombocytopenia 90% Uterine fibroids 90% Vaginal bleeding 90% Abnormality of chromosome constitution",14.491940544001409
What are the treatments for amelogenesis imperfecta ?,"These resources address the diagnosis or management of amelogenesis imperfecta: - Genetic Testing Registry: Amelogenesis imperfecta - hypoplastic autosomal dominant - local - Genetic Testing Registry: Amelogenesis imperfecta, hypocalcification type - Genetic Testing Registry: Amelogenesis imperfecta, type 1E - Genetic Testing Registry: Amelogenesis imperfecta, type IC - MedlinePlus Encyclopedia: Amelogenesis imperfecta - MedlinePlus Encyclopedia: Tooth - Abnormal Colors These resources from MedlinePlus offer information about the diagnosis and management of various health conditions: - Diagnostic Tests - Drug Therapy - Surgery and Rehabilitation - Genetic Counseling - Palliative Care","These resources address the diagnosis or management of amelogenesis imperfecta: - Gene Review: Gene Reviews: Amelogenesis Imperfecta, Type I (Dentinogenesis Imperfecta) - Genetic Testing Registry: Dentinogenesis imperfecta 1 These resources from MedlinePlus offer information about the care and treatment of various health conditions: - Health Care Professional - Medical Language Translation Service - Patient Proxy Care Agreement",4.724142261000452
What is (are) High Blood Cholesterol ?,"Cholesterol is a waxy, fat-like substance that your liver makes. It is also found in some foods that come from animals.","High blood cholesterol means that there are too many cholesterol particles in the blood. Cholesterol is a waxy, fat-like substance found in all cells of your body. Your liver makes most of the cholesterol you need. You also get some from certain foods, such as eggs and meat. Too much cholesterol can build up in your arteries. This buildup is called plaque. Plaque narrows the arteries and reduces blood flow to the heart muscle. It increases your risk for coronary artery disease (CAD), which is the most common type of heart disease. CAD occurs when plaque builds up inside the walls of the coronary arteries. These arteries supply oxygen-rich blood to your heart muscle. If plaque ever ruptures or breaks open, it causes a clot to form on its surface. The clot may block an artery and cause a heart attack. Other types of heart disease include angina and arrhythmias. Angina is chest pain caused by reduced blood flow to the heart muscle. Arrhythmias are irregular heartbeats.",11.496303633000934
What is (are)  ?,"On this Page General Information What is vancomycin-resistant enterococci? What types of infections does vancomycin-resistant enterococci cause? Are certain people at risk of getting vancomycin-resistant enterococci? What is the treatment for vancomycin-resistant enterococci? How is vancomycin-resistant enterococci spread? How can patients prevent the spread of vancomycin-resistant enterococci? What should a patient do if they think they have vancomycin-resistant enterococci? Recommendations and Guidelines General Information For more images of this bacterium, search the Public Health Image Library What is vancomycin-resistant enterococci? Enteroccocci are bacteria that are normally present in the human intestines and in the female genital tract and are often found in the environment. These bacteria can sometimes cause infections. Vancomycin is an antibiotic that is used to treat some drug-resistant infections caused by enterococci. In some instances, enterococci have become resistant to this drug and thus are called vancomycin-resistant enterococci (VRE). Most VRE infections occur in hospitals. Top of page What types of infections does VRE cause? VRE can live in the human intestines and female genital tract without causing disease (often called colonization). However, sometimes it can cause infections of the urinary tract, the bloodstream, or of wounds associated with catheters or surgical procedures. Top of page Are certain people at risk of getting VRE? The following persons are at increased risk becoming infected with VRE: People who have been previously treated with the antibiotic vancomycin or other antibiotics for long periods of time. People who are hospitalized, particularly when they receive antibiotic treatment for long periods of time. People with weakened immune systems such as patients in intensive care units, or in cancer or transplant wards. People who have undergone surgical procedures such as abdominal or chest surgery. People with medical devices that stay in for some time such as urinary catheters or central intravenous (IV) catheters. People who are colonized with VRE. Top of page What is the treatment for VRE? People with colonized VRE (bacteria are present, but have no symptoms of an infection) do not need treatment. Most VRE infections can be treated with antibiotics other than vancomycin. Laboratory testing of the VRE can determine which antibiotics will work. For people who get VRE infections in their bladder and have urinary catheters, removal of the catheter when it is no longer needed can also help get rid of the infection. Top of page How is VRE spread? VRE is often passed from person to person by the contaminated hands of caregivers. VRE can get onto a caregiver's hands after they have contact with other people with VRE or after contact with contaminated surfaces. VRE can also be spread directly to people after they touch surfaces that are contaminated with VRE. VRE is not spread through the air by coughing or sneezing. Top of page How can patients prevent the spread of VRE? If a patient or someone in their household has VRE, the following are some things they can do to prevent the spread of VRE: Keep their hands clean. Always wash their hands thoroughly after using the bathroom and before preparing food. Clean their hands after contact with persons who have VRE. Wash with soap and water (particularly when visibly soiled) or use alcohol-based hand rubs. Frequently clean areas of the home, such as bathrooms, that may become contaminated with VRE. Wear gloves if hands may come in contact with body fluids that may contain VRE, such as stool or bandages from infected wounds. Always wash their hands after removing gloves. If someone has VRE, be sure to tell healthcare providers so that they are aware of the infection. Healthcare facilities use special precautions to help prevent the spread of VRE to others. Top of page What should patients do if they think they have vancomycin-resistant enterococci (VRE)? Anyone who thinks they have VRE must talk with their healthcare provider. Top of page Recommendations and Guidelines For more information about prevention and treatment of HAIs, see the resources below: Siegel JD, Rhinehart E, Jackson M, et al. The Healthcare Infection Control Practices Advisory Committee (HICPAC). Management of Multidrug-Resistant Organisms In Healthcare Settings, 2006","A prescription drug is a medication that you must get from your doctor or other health care provider. You can buy over-the-counter drugs without a prescription, but most prescription drugs require a prescription to be filled at a pharmacy. Some people who have trouble getting their prescriptions filled may need help from a pharmacist. A pharmacist is a licensed professional trained in the safe and proper use of medications. Pharmacists are also able to answer questions about medicines and provide advice on how to take them correctly. If you do not understand what your doctor has prescribed for you, ask him or her to explain it to you. You should always check with your doctor before taking any new medicine.",7.489622719000181
what research (or clinical trials) is being done for Gestational Trophoblastic Disease ?,"New types of treatment are being tested in clinical trials. Information about ongoing clinical trials is available from the NCI website. Patients may want to think about taking part in a clinical trial. For some patients, taking part in a clinical trial may be the best treatment choice. Clinical trials are part of the cancer research process. Clinical trials are done to find out if new cancer treatments are safe and effective or better than the standard treatment. Many of today's standard treatments for cancer are based on earlier clinical trials. Patients who take part in a clinical trial may receive the standard treatment or be among the first to receive a new treatment. Patients who take part in clinical trials also help improve the way cancer will be treated in the future. Even when clinical trials do not lead to effective new treatments, they often answer important questions and help move research forward. Patients can enter clinical trials before, during, or after starting their cancer treatment. Some clinical trials only include patients who have not yet received treatment. Other trials test treatments for patients whose cancer has not gotten better. There are also clinical trials that test new ways to stop cancer from recurring (coming back) or reduce the side effects of cancer treatment. Clinical trials are taking place in many parts of the country. See the Treatment Options section that follows for links to current treatment clinical trials. These have been retrieved from NCI's listing of clinical trials.","The National Cancer Institute's (NCI)'s Division of Cancer Control and Population Sciences supports a broad range of basic, translational, and clinical cancer research. The NCI also funds the Center to Reduce Cancer Risk (C2CRC), which conducts research on ways to prevent cancer in women who have had gestational trophoblastic disease.",3.9913454199995613
what research (or clinical trials) is being done for Repetitive Motion Disorders ?,Much of the on-going research on RMDs is aimed at prevention and rehabilitation. The National Institute of Arthritis and Musculoskeletal and Skin Diseases (NIAMS) funds research on RMDs.,"The National Institute of Neurological Disorders and Stroke (NINDS), a component of the National Institutes of Health, conducts research in its laboratories at the National Institutes of Health, and also supports additional research through grants to major medical institutions across the country. Much of this research focuses on finding better ways to prevent, treat, and ultimately cure disorders such as RMDs.",4.151657676000468
How many people are affected by spastic paraplegia type 15 ?,"Spastic paraplegia type 15 is a rare condition, although its exact prevalence is unknown.","The prevalence of SPG15 is unknown. This condition appears to be rare, although its exact incidence has not been determined.",1.5033413170003769
What are the treatments for Tyrosinemia type 1 ?,"How might tyrosinemia type 1 be treated? There is currently no cure for tyrosinemia type 1. Individuals with this condition need to be on a special diet restricted in two amino acids, tyrosine and phenylalanine, throughout life. Affected individuals may also be treated with a medication called nitisinone. Early diagnosis and prompt treatment are essential for an improved prognosis. Some individuals require a liver transplant if their liver disease is already advanced before treatment begins. Detailed information on the treatment of tyrosinemia type 1 is available from GeneReviews.","How might tyrosinemia type 1 be treated? Treatment of tyrosinemia type 1 is based on the severity and age of the child. In mild cases, dietary management may be sufficient to control symptoms. For more severe cases, a combination of diet modification and medication may be necessary. Dietary modifications include: - A low-phenylalanine (Phe) diet which limits Phe intake in foods such as meats, dairy products, eggs, nuts, seeds, and some fruits and vegetables. The goal is to keep blood levels of Phe below 20 mg/dL. - A high-protein diet which provides adequate amounts of protein without excess Phe. This can be achieved by using soy-based infant formula or other plant-based proteins. Medications used to treat tyrosinemia type 1 include: - Phenylalanine-restricted amino acid therapy (ARAT). ARAT is given through an IV line and consists of a mixture of amino acids that do not contain Phe. It is usually administered three times per day. - Levodopa. Levodopa is a drug that converts into dopamine, a neurotransmitter that regulates movement. Levodopa is taken orally and helps reduce muscle stiffness and tremors associated with tyros",14.485769488001097
